stock,group,model,start,end,sessions,daily_r2,monthly_r2,portfolio_cagr,stock_cagr,stress_daily_r2
NEM,sessions,daily126_metals,2011-07-29,2026-09-30,3813,0.45317312284282474,0.5104222797726479,0.07576988605872548,0.07291425574003063,0.4531140050713025
NEM,sessions,daily126_market,2011-07-29,2026-09-30,3813,0.47733392528102636,0.5101500169487845,0.13014206913657755,0.07291425574003063,0.477276898547881
NEM,sessions,daily504_metals,2011-07-29,2026-09-30,3813,0.4602659056198688,0.505090264699241,0.07664452884536632,0.07291425574003063,0.4602326772158052
NEM,sessions,daily504_market,2011-07-29,2026-09-30,3813,0.4887755414706413,0.5092353738568793,0.1290378977616724,0.07291425574003063,0.48873114034198695
NEM,sessions,daily_ew_metals,2011-07-29,2026-09-30,3813,0.4622102926065559,0.5152840517826862,0.07630905525504894,0.07291425574003063,0.46217886962771637
NEM,sessions,daily_ew_market,2011-07-29,2026-09-30,3813,0.48940217748488324,0.5158547902881527,0.13290800932507962,0.07291425574003063,0.48937013520271866
NEM,sessions,daytime_metals,2011-07-29,2026-09-30,3813,0.41855205563058284,0.454559711874331,0.08016441160631138,0.07291425574003063,0.4183501049174927
NEM,sessions,daytime_market,2011-07-29,2026-09-30,3813,0.4555878840579619,0.45933276452289307,0.12764765324050042,0.07291425574003063,0.45534883049641905
NEM,sessions,overnight_metals,2011-07-29,2026-09-30,3813,0.4507815740606905,0.47374689112059265,0.097927971279959,0.07291425574003063,0.45072008980538203
NEM,sessions,overnight_market,2011-07-29,2026-09-30,3813,0.46411173330031386,0.49073748453893506,0.13192888334865982,0.07291425574003063,0.4640434268654161
NEM,sessions,realized_metals,2011-07-29,2026-09-30,3813,0.4544528515070976,0.48963459859505987,0.09375917681115564,0.07291425574003063,0.45438987511467754
NEM,sessions,realized_market,2011-07-29,2026-09-30,3813,0.4824619424388855,0.5029289840963385,0.1396522203266195,0.07291425574003063,0.48240507765671814
NEM,sessions,blend_metals,2011-07-29,2026-09-30,3813,0.4571447816615709,0.5058382699042334,0.08444643876981539,0.07291425574003063,0.45709455842316193
NEM,sessions,blend_market,2011-07-29,2026-09-30,3813,0.48341246822478046,0.5142471530482102,0.13499544895206972,0.07291425574003063,0.483365070997935
NEM,hourly,daily_metals_m,2025-04-30,2026-09-30,356,0.5797750842936995,0.657165005072239,0.4827515254100183,0.7585648702378134,0.5797668433805789
NEM,hourly,daily_metals_q,2025-04-30,2026-09-30,356,0.5662392783753643,0.6668561370440129,0.42480472201084507,0.7585648702378134,0.566198566308751
NEM,hourly,daily_market_m,2025-04-30,2026-09-30,356,0.5991550221352797,0.6662621311484533,0.545407615746885,0.7585648702378134,0.5990894282694849
NEM,hourly,daily_market_q,2025-04-30,2026-09-30,356,0.5824072181138032,0.651148751654453,0.4687484178859449,0.7585648702378134,0.5823479928622239
NEM,hourly,intraday_metals_m,2025-04-30,2026-09-30,356,0.5659028448424075,0.6436507464474287,0.5553472476762593,0.7585648702378134,0.5658275160828353
NEM,hourly,intraday_metals_q,2025-04-30,2026-09-30,356,0.5289090354547545,0.6539709821680098,0.5731757823106616,0.7585648702378134,0.5286735334467909
NEM,hourly,intraday_market_m,2025-04-30,2026-09-30,356,0.5968273934341577,0.6319690910422204,0.6497076425816966,0.7585648702378134,0.5968006725528758
NEM,hourly,intraday_market_q,2025-04-30,2026-09-30,356,0.5697890136911872,0.6483815398506166,0.6665124546070571,0.7585648702378134,0.5696616179850171
NEM,hourly,realized_metals_m,2025-04-30,2026-09-30,356,0.6076097051247072,0.6529224851200741,0.4193462707893667,0.7585648702378134,0.6075204808629535
NEM,hourly,realized_metals_q,2025-04-30,2026-09-30,356,0.5858902039241614,0.6682336237466807,0.4033473105471692,0.7585648702378134,0.5858250649538297
NEM,hourly,realized_market_m,2025-04-30,2026-09-30,356,0.6226834357874189,0.6589967760972046,0.5286297596091898,0.7585648702378134,0.6225892009578629
NEM,hourly,realized_market_q,2025-04-30,2026-09-30,356,0.6025786433626023,0.6667972270152698,0.507784414089429,0.7585648702378134,0.6025256052414918
NEM,hourly,blend_metals_m,2025-04-30,2026-09-30,356,0.595819591701869,0.657386390249734,0.44843948638780895,0.7585648702378134,0.595784165081241
NEM,hourly,blend_metals_q,2025-04-30,2026-09-30,356,0.5768555887644242,0.6690438914519612,0.412603894732259,0.7585648702378134,0.5768220344134272
NEM,hourly,blend_market_m,2025-04-30,2026-09-30,356,0.6138580778832586,0.6643940061126765,0.5348561450419984,0.7585648702378134,0.613806058773239
NEM,hourly,blend_market_q,2025-04-30,2026-09-30,356,0.594731011485724,0.6601220643107649,0.4879799946991046,0.7585648702378134,0.5947080479595519
NEM,leadlag,leadlag_metals_m,2025-04-30,2026-09-30,356,0.5731205032591074,0.6777966838171432,0.4759018402712458,0.7585648702378134,0.5730704129374238
NEM,leadlag,leadlag_metals_q,2025-04-30,2026-09-30,356,0.5446573602127868,0.6667489072968129,0.47641760396077526,0.7585648702378134,0.5445137400091501
NEM,leadlag,leadlag_market_m,2025-04-30,2026-09-30,356,0.6107929130329519,0.6422101780029482,0.48115219816019494,0.7585648702378134,0.610741086880648
NEM,leadlag,leadlag_market_q,2025-04-30,2026-09-30,356,0.5926017544305472,0.636447009410587,0.5243584137015476,0.7585648702378134,0.5925605991392919
NEM,leadlag,leadlag_blend_metals_m,2025-04-30,2026-09-30,356,0.5840634826113892,0.6701803741428867,0.4798882776675981,0.7585648702378134,0.5840351727261186
NEM,leadlag,leadlag_blend_metals_q,2025-04-30,2026-09-30,356,0.5637291702133899,0.6752115790777662,0.4517481299657855,0.7585648702378134,0.5636631152698438
NEM,leadlag,leadlag_blend_market_m,2025-04-30,2026-09-30,356,0.6144745392841845,0.6621631887823765,0.514165695698289,0.7585648702378134,0.6144145784348083
NEM,leadlag,leadlag_blend_market_q,2025-04-30,2026-09-30,356,0.5954868751435709,0.653168063479637,0.49776143544796425,0.7585648702378134,0.5954843967026847
NEM,asset-pca,asset_pca2,2011-07-29,2026-09-30,3813,0.479066909767646,0.5119132193767104,0.06617907329913364,0.07291425574003063,0.47898266789899413
NEM,asset-pca,asset_pca4,2011-07-29,2026-09-30,3813,0.47804860736525745,0.49712883128144736,0.06630924167583241,0.07291425574003063,0.4779465732820327
NEM,asset-pca,asset_pca6,2011-07-29,2026-09-30,3813,0.4825235178203142,0.4995182883974546,0.1066644624029347,0.07291425574003063,0.4824226605033707
AEM,sessions,daily126_metals,2011-07-29,2026-09-30,3813,0.4929678744816889,0.5504357915512945,0.05655413967458767,0.10024233423253248,0.49281208597881176
AEM,sessions,daily126_market,2011-07-29,2026-09-30,3813,0.505041537111095,0.5319817904857933,0.10148371811115875,0.10024233423253248,0.5047847643134606
AEM,sessions,daily504_metals,2011-07-29,2026-09-30,3813,0.5093837740917309,0.5734308861464219,0.0808394945154085,0.10024233423253248,0.5093323733231061
AEM,sessions,daily504_market,2011-07-29,2026-09-30,3813,0.5212901382905173,0.552340118992216,0.12353960198487624,0.10024233423253248,0.5212247069925643
AEM,sessions,daily_ew_metals,2011-07-29,2026-09-30,3813,0.5120690646699313,0.5734779073619423,0.07624479596578793,0.10024233423253248,0.5120029631886571
AEM,sessions,daily_ew_market,2011-07-29,2026-09-30,3813,0.5235961539486147,0.5535512719495745,0.1189687017687251,0.10024233423253248,0.5234919185259697
AEM,sessions,daytime_metals,2011-07-29,2026-09-30,3813,0.47094753966300074,0.5308081467242407,0.06763873274681353,0.10024233423253248,0.4706310913129369
AEM,sessions,daytime_market,2011-07-29,2026-09-30,3813,0.4851627861904808,0.5164362241872746,0.10743408142860655,0.10024233423253248,0.4847600256932346
AEM,sessions,overnight_metals,2011-07-29,2026-09-30,3813,0.49937919799919084,0.5469728603512038,0.09813665666992821,0.10024233423253248,0.49931758931474035
AEM,sessions,overnight_market,2011-07-29,2026-09-30,3813,0.5073654002905547,0.5385102640345791,0.1397853255922985,0.10024233423253248,0.5072958405039578
AEM,sessions,realized_metals,2011-07-29,2026-09-30,3813,0.5055550189488078,0.5527202723872302,0.08988222280950708,0.10024233423253248,0.5054626113289267
AEM,sessions,realized_market,2011-07-29,2026-09-30,3813,0.5157169296352998,0.5381411270653247,0.13278529790239046,0.10024233423253248,0.5155648849648332
AEM,sessions,blend_metals,2011-07-29,2026-09-30,3813,0.5041490759434376,0.5569541777890139,0.07420792374245755,0.10024233423253248,0.5040473968695642
AEM,sessions,blend_market,2011-07-29,2026-09-30,3813,0.5146108647843469,0.5394129215561501,0.11838394391713947,0.10024233423253248,0.5144188083254588
AEM,hourly,daily_metals_m,2025-04-30,2026-09-30,356,0.6381659254201915,0.5365186256371812,0.4466523112798395,0.38155156151251624,0.6383190795436333
AEM,hourly,daily_metals_q,2025-04-30,2026-09-30,356,0.6434284369832157,0.6037956296449472,0.4106489479300972,0.38155156151251624,0.6436111961010978
AEM,hourly,daily_market_m,2025-04-30,2026-09-30,356,0.6460261741588421,0.5220605553756864,0.502436672920143,0.38155156151251624,0.6462040058996656
AEM,hourly,daily_market_q,2025-04-30,2026-09-30,356,0.648417711832209,0.5773191013993152,0.4722160402392459,0.38155156151251624,0.6485940252775447
AEM,hourly,intraday_metals_m,2025-04-30,2026-09-30,356,0.6268802558437874,0.518484661714928,0.5101521040601134,0.38155156151251624,0.626995431601779
AEM,hourly,intraday_metals_q,2025-04-30,2026-09-30,356,0.6027382237079671,0.5609085902228501,0.5077501909696314,0.38155156151251624,0.6027951797363089
AEM,hourly,intraday_market_m,2025-04-30,2026-09-30,356,0.6355957431062862,0.4877095843421183,0.6081594519703348,0.38155156151251624,0.6358062226987569
AEM,hourly,intraday_market_q,2025-04-30,2026-09-30,356,0.6169095746166091,0.5401232136227183,0.6001588822766193,0.38155156151251624,0.6170666464224235
AEM,hourly,realized_metals_m,2025-04-30,2026-09-30,356,0.6516821483151344,0.5462588572686441,0.4188288617976299,0.38155156151251624,0.6517695210314745
AEM,hourly,realized_metals_q,2025-04-30,2026-09-30,356,0.6429838636849505,0.5890169807392357,0.4088163290122493,0.38155156151251624,0.643112986464795
AEM,hourly,realized_market_m,2025-04-30,2026-09-30,356,0.6533012063242067,0.523466750718868,0.5293594472032879,0.38155156151251624,0.653437725124278
AEM,hourly,realized_market_q,2025-04-30,2026-09-30,356,0.6470147068306802,0.5702733905709478,0.5142138280054052,0.38155156151251624,0.6472045167740805
AEM,hourly,blend_metals_m,2025-04-30,2026-09-30,356,0.646201676944726,0.5429915453788108,0.4313668957612449,0.38155156151251624,0.6463275025032509
AEM,hourly,blend_metals_q,2025-04-30,2026-09-30,356,0.6438634588551407,0.5974195994490747,0.409074651718778,0.38155156151251624,0.6440230789537967
AEM,hourly,blend_market_m,2025-04-30,2026-09-30,356,0.6519024058467773,0.5247603186494402,0.5111720991994924,0.38155156151251624,0.6520613901441916
AEM,hourly,blend_market_q,2025-04-30,2026-09-30,356,0.6493457946603871,0.5741039240178849,0.4903412360019441,0.38155156151251624,0.6495340316953198
AEM,leadlag,leadlag_metals_m,2025-04-30,2026-09-30,356,0.6177825014717653,0.5285607914805563,0.4598978661071138,0.38155156151251624,0.6178161178737749
AEM,leadlag,leadlag_metals_q,2025-04-30,2026-09-30,356,0.5831294381469472,0.5173212175538323,0.4795765824407272,0.38155156151251624,0.5831462015975655
AEM,leadlag,leadlag_market_m,2025-04-30,2026-09-30,356,0.6358882372555745,0.4914827606565805,0.5072279189113997,0.38155156151251624,0.6360788685161367
AEM,leadlag,leadlag_market_q,2025-04-30,2026-09-30,356,0.5951243037682978,0.4582076193458937,0.5856060273163888,0.38155156151251624,0.5951982277913633
AEM,leadlag,leadlag_blend_metals_m,2025-04-30,2026-09-30,356,0.6351548787876955,0.534533707804653,0.4539248306282291,0.38155156151251624,0.6352557808692403
AEM,leadlag,leadlag_blend_metals_q,2025-04-30,2026-09-30,356,0.6216977275213873,0.5675387866831035,0.446367216080497,0.38155156151251624,0.6218207482448785
AEM,leadlag,leadlag_blend_market_m,2025-04-30,2026-09-30,356,0.6481959094880865,0.5099754232781358,0.505718200164641,0.38155156151251624,0.648394819241688
AEM,leadlag,leadlag_blend_market_q,2025-04-30,2026-09-30,356,0.6293286004062821,0.5255951391426306,0.5299319296621057,0.38155156151251624,0.6294667390215027
AEM,asset-pca,asset_pca2,2011-07-29,2026-09-30,3813,0.5230253870676279,0.5328474887552861,0.0542943152915214,0.10024233423253248,0.5228786800266992
AEM,asset-pca,asset_pca4,2011-07-29,2026-09-30,3813,0.5186408285700648,0.5081108968021093,0.05100717100795649,0.10024233423253248,0.5184576568029037
AEM,asset-pca,asset_pca6,2011-07-29,2026-09-30,3813,0.5209380430225762,0.5130443168367436,0.08720874320834526,0.10024233423253248,0.5207549803637106
B,sessions,daily126_metals,2011-07-29,2026-09-30,3813,0.5386829491477787,0.5668075311339552,0.07842756501510184,0.008209817334286829,0.5386235792668455
B,sessions,daily126_market,2011-07-29,2026-09-30,3813,0.5531901771183987,0.567736600650121,0.12366503330531042,0.008209817334286829,0.5531060604540907
B,sessions,daily504_metals,2011-07-29,2026-09-30,3813,0.5286047868650399,0.5489719338638639,0.0794942556577547,0.008209817334286829,0.5285508663352189
B,sessions,daily504_market,2011-07-29,2026-09-30,3813,0.5449202900829732,0.5448139180542079,0.12374395514210779,0.008209817334286829,0.5448636925668551
B,sessions,daily_ew_metals,2011-07-29,2026-09-30,3813,0.5368165150335632,0.5643968354333724,0.08057742807332868,0.008209817334286829,0.5367779509327023
B,sessions,daily_ew_market,2011-07-29,2026-09-30,3813,0.552622343282037,0.5598993137087053,0.12751156027083144,0.008209817334286829,0.5525801581949903
B,sessions,daytime_metals,2011-07-29,2026-09-30,3813,0.5167088516659388,0.5441751917127005,0.07603485230231,0.008209817334286829,0.5164955235371298
B,sessions,daytime_market,2011-07-29,2026-09-30,3813,0.5385857495536698,0.5564740520837769,0.11962684379666166,0.008209817334286829,0.5383693505497458
B,sessions,overnight_metals,2011-07-29,2026-09-30,3813,0.517450375129773,0.5013800444530199,0.11328533637516358,0.008209817334286829,0.5173838488734432
B,sessions,overnight_market,2011-07-29,2026-09-30,3813,0.5294555355534222,0.5182587720388122,0.15437370858020838,0.008209817334286829,0.5293851285651769
B,sessions,realized_metals,2011-07-29,2026-09-30,3813,0.5314206222361689,0.5311856440549342,0.10294484879210875,0.008209817334286829,0.5313581970579031
B,sessions,realized_market,2011-07-29,2026-09-30,3813,0.5488916722758983,0.5475522374628778,0.14468499916871758,0.008209817334286829,0.5488239528248208
B,sessions,blend_metals,2011-07-29,2026-09-30,3813,0.53838078799506,0.5548312214602686,0.09026755732295744,0.008209817334286829,0.5383136142656986
B,sessions,blend_market,2011-07-29,2026-09-30,3813,0.5536050924380356,0.5648690005968127,0.13441677491772186,0.008209817334286829,0.5535300115268498
B,hourly,daily_metals_m,2025-07-31,2026-09-30,293,0.5549863294085211,0.566345801920457,0.5959764568206134,0.7934494795361848,0.5548172562818354
B,hourly,daily_metals_q,2025-07-31,2026-09-30,293,0.5612502339014352,0.6232513417373424,0.49763374273559324,0.7934494795361848,0.56115263706244
B,hourly,daily_market_m,2025-07-31,2026-09-30,293,0.5874273085786692,0.5930104493689325,0.6713139065143041,0.7934494795361848,0.587233426563774
B,hourly,daily_market_q,2025-07-31,2026-09-30,293,0.5828427553895172,0.6212693639168786,0.5750478862823463,0.7934494795361848,0.5826896459279963
B,hourly,intraday_metals_m,2025-07-31,2026-09-30,293,0.586559477980303,0.5458125573776046,0.38867113114473484,0.7934494795361848,0.5863775042641561
B,hourly,intraday_metals_q,2025-07-31,2026-09-30,293,0.5596519073351012,0.5340902305820521,0.35397102311977435,0.7934494795361848,0.5595040826933524
B,hourly,intraday_market_m,2025-07-31,2026-09-30,293,0.6077496482380436,0.5497126679321686,0.46153891855824525,0.7934494795361848,0.6075592084441119
B,hourly,intraday_market_q,2025-07-31,2026-09-30,293,0.5738876995761462,0.5307658612896559,0.487986332739885,0.7934494795361848,0.5737036101729114
B,hourly,realized_metals_m,2025-07-31,2026-09-30,293,0.5919831489752243,0.5827795940562988,0.41384889019763604,0.7934494795361848,0.5918464158903605
B,hourly,realized_metals_q,2025-07-31,2026-09-30,293,0.5642201017324193,0.5770476127940349,0.3908675574531204,0.7934494795361848,0.5641248975604041
B,hourly,realized_market_m,2025-07-31,2026-09-30,293,0.606729368710647,0.5914890508258639,0.49034637567265205,0.7934494795361848,0.6065599234292676
B,hourly,realized_market_q,2025-07-31,2026-09-30,293,0.5734907738830787,0.5794735710714811,0.5026455002905712,0.7934494795361848,0.5733443183011884
B,hourly,blend_metals_m,2025-07-31,2026-09-30,293,0.5797220086925368,0.5851544779952171,0.49916544641759386,0.7934494795361848,0.5796035067095189
B,hourly,blend_metals_q,2025-07-31,2026-09-30,293,0.5653600244114724,0.604172518094648,0.4470152508171954,0.7934494795361848,0.5652640555466052
B,hourly,blend_market_m,2025-07-31,2026-09-30,293,0.6043697600884725,0.6000897874070245,0.5725303495957963,0.7934494795361848,0.6042476481788611
B,hourly,blend_market_q,2025-07-31,2026-09-30,293,0.5831864182282813,0.6037029261524124,0.5450542678725736,0.7934494795361848,0.5830520274158879
B,leadlag,leadlag_metals_m,2025-07-31,2026-09-30,293,0.5943772920511343,0.5449988532746419,0.4113286949238706,0.7934494795361848,0.5942281825831343
B,leadlag,leadlag_metals_q,2025-07-31,2026-09-30,293,0.5741188555284475,0.5544784394608508,0.4194177990375729,0.7934494795361848,0.5739772056655121
B,leadlag,leadlag_market_m,2025-07-31,2026-09-30,293,0.6165648873689924,0.5522250708981902,0.4584532844917093,0.7934494795361848,0.6163323535473553
B,leadlag,leadlag_market_q,2025-07-31,2026-09-30,293,0.5841201718282161,0.5358405690529933,0.5788230385394493,0.7934494795361848,0.5839669020170071
B,leadlag,leadlag_blend_metals_m,2025-07-31,2026-09-30,293,0.5806896932951614,0.564703737247711,0.5023801609053071,0.7934494795361848,0.5805461093412733
B,leadlag,leadlag_blend_metals_q,2025-07-31,2026-09-30,293,0.5712552970356273,0.5924770058147625,0.4587679954769026,0.7934494795361848,0.571121413866367
B,leadlag,leadlag_blend_market_m,2025-07-31,2026-09-30,293,0.613453163549509,0.5863518781522468,0.5636850063418999,0.7934494795361848,0.6132829648440805
B,leadlag,leadlag_blend_market_q,2025-07-31,2026-09-30,293,0.5928949701836792,0.5861830659724988,0.5784332022459693,0.7934494795361848,0.5927261920116391
B,asset-pca,asset_pca2,2011-07-29,2026-09-30,3813,0.551311132508589,0.5392866226908343,0.06904741855155949,0.008209817334286829,0.5512604616588918
B,asset-pca,asset_pca4,2011-07-29,2026-09-30,3813,0.5491724910240122,0.5296004457091859,0.06726494316688414,0.008209817334286829,0.549104100575065
B,asset-pca,asset_pca6,2011-07-29,2026-09-30,3813,0.5506135509910326,0.5394375935222055,0.10019787881353381,0.008209817334286829,0.5505490236646979
AU,sessions,daily126_metals,2011-07-29,2026-09-30,3813,0.47092960191152555,0.6055426263049473,0.12326211327792835,0.07018932195717786,0.47082370160419007
AU,sessions,daily126_market,2011-07-29,2026-09-30,3813,0.47973676478772875,0.5877006523839445,0.16332751286232994,0.07018932195717786,0.47961455547960663
AU,sessions,daily504_metals,2011-07-29,2026-09-30,3813,0.46802037531341945,0.5716194935009641,0.10958275571723308,0.07018932195717786,0.4679811819037293
AU,sessions,daily504_market,2011-07-29,2026-09-30,3813,0.4787398428151347,0.5573251578936409,0.15522245196008444,0.07018932195717786,0.4786864879458188
AU,sessions,daily_ew_metals,2011-07-29,2026-09-30,3813,0.4737985724639233,0.5885108959204803,0.11386948109428352,0.07018932195717786,0.47373798583692284
AU,sessions,daily_ew_market,2011-07-29,2026-09-30,3813,0.48371475638115247,0.5726042147733418,0.16149138364851479,0.07018932195717786,0.48363615241349445
AU,sessions,daytime_metals,2011-07-29,2026-09-30,3813,0.4582910957115097,0.5824568519191066,0.10177637657325533,0.07018932195717786,0.458103415165802
AU,sessions,daytime_market,2011-07-29,2026-09-30,3813,0.46814286879049594,0.5553343669990716,0.1402514720628809,0.07018932195717786,0.4679056929294517
AU,sessions,overnight_metals,2011-07-29,2026-09-30,3813,0.4713485253356471,0.5816369042392859,0.1507222394776897,0.07018932195717786,0.471237647396596
AU,sessions,overnight_market,2011-07-29,2026-09-30,3813,0.47887565566637613,0.572557397696078,0.19234822000130114,0.07018932195717786,0.47874559347252776
AU,sessions,realized_metals,2011-07-29,2026-09-30,3813,0.47630371616581224,0.5951657827927155,0.13268562601813838,0.07018932195717786,0.47620924969970624
AU,sessions,realized_market,2011-07-29,2026-09-30,3813,0.4859123651156113,0.5787239803293784,0.17298015836145897,0.07018932195717786,0.48581169357338005
AU,sessions,blend_metals,2011-07-29,2026-09-30,3813,0.47573680520497297,0.606392476229883,0.12645352969155343,0.07018932195717786,0.4756368306103873
AU,sessions,blend_market,2011-07-29,2026-09-30,3813,0.4847186419399253,0.5874185705535584,0.17027613549598475,0.07018932195717786,0.4846210900798693
AU,hourly,daily_metals_m,2025-04-30,2026-09-30,356,0.5768013000949489,0.5457200335158058,0.616358998290603,0.8386984672418536,0.5767911999489266
AU,hourly,daily_metals_q,2025-04-30,2026-09-30,356,0.5865079169904301,0.6133540106704907,0.535895405877068,0.8386984672418536,0.5865732495041559
AU,hourly,daily_market_m,2025-04-30,2026-09-30,356,0.5920489714175476,0.5514698280327845,0.7110544060945143,0.8386984672418536,0.5919346811636844
AU,hourly,daily_market_q,2025-04-30,2026-09-30,356,0.5968208158763921,0.5997839076508737,0.6093457861208373,0.8386984672418536,0.5968125702918541
AU,hourly,intraday_metals_m,2025-04-30,2026-09-30,356,0.5734143849894732,0.5231932031002731,0.5377030426430811,0.8386984672418536,0.5733541777437686
AU,hourly,intraday_metals_q,2025-04-30,2026-09-30,356,0.5588845772407933,0.5630709878177703,0.5316383288419217,0.8386984672418536,0.5589278450209725
AU,hourly,intraday_market_m,2025-04-30,2026-09-30,356,0.5909189193957476,0.5169691925964782,0.6316219171742927,0.8386984672418536,0.5909041522079239
AU,hourly,intraday_market_q,2025-04-30,2026-09-30,356,0.5746080022390727,0.5501707199062735,0.6317908908165621,0.8386984672418536,0.5747017944709489
AU,hourly,realized_metals_m,2025-04-30,2026-09-30,356,0.610487517827647,0.5752552747273505,0.5079952675944885,0.8386984672418536,0.6104320118257567
AU,hourly,realized_metals_q,2025-04-30,2026-09-30,356,0.5999959211897193,0.6208552693359439,0.5285579791341954,0.8386984672418536,0.6000661886169013
AU,hourly,realized_market_m,2025-04-30,2026-09-30,356,0.622688356178477,0.5750507522929753,0.6463225227563232,0.8386984672418536,0.6226214147229918
AU,hourly,realized_market_q,2025-04-30,2026-09-30,356,0.6084177184938571,0.6138002720936797,0.6850817789442945,0.8386984672418536,0.6084247368724993
AU,hourly,blend_metals_m,2025-04-30,2026-09-30,356,0.5965047546463287,0.562946911769374,0.5584160396660856,0.8386984672418536,0.5964679145104452
AU,hourly,blend_metals_q,2025-04-30,2026-09-30,356,0.5934305767142336,0.6174917223085314,0.5316603927169501,0.8386984672418536,0.593501292732961
AU,hourly,blend_market_m,2025-04-30,2026-09-30,356,0.6102758203772958,0.5653477156710331,0.6759126620022826,0.8386984672418536,0.6101825413093498
AU,hourly,blend_market_q,2025-04-30,2026-09-30,356,0.6042745018994149,0.6073142695105053,0.6471242435151472,0.8386984672418536,0.6042919435230536
AU,leadlag,leadlag_metals_m,2025-04-30,2026-09-30,356,0.5303228001970453,0.5068235153513758,0.5508748508733297,0.8386984672418536,0.530207239289231
AU,leadlag,leadlag_metals_q,2025-04-30,2026-09-30,356,0.5182505889088416,0.5059687850372913,0.41546272305530074,0.8386984672418536,0.5182051494835462
AU,leadlag,leadlag_market_m,2025-04-30,2026-09-30,356,0.5517501501705306,0.4950839816504342,0.6189371313063425,0.8386984672418536,0.5516778487949223
AU,leadlag,leadlag_market_q,2025-04-30,2026-09-30,356,0.5359586037027426,0.47373659747773544,0.5083219111980364,0.8386984672418536,0.5359613460702611
AU,leadlag,leadlag_blend_metals_m,2025-04-30,2026-09-30,356,0.569936187351729,0.533818326025574,0.5855042328632585,0.8386984672418536,0.5699417806240796
AU,leadlag,leadlag_blend_metals_q,2025-04-30,2026-09-30,356,0.5707225364576299,0.5744536936405154,0.47856645747933024,0.8386984672418536,0.5708134669163147
AU,leadlag,leadlag_blend_market_m,2025-04-30,2026-09-30,356,0.588323084967358,0.5326199499822407,0.6670664215044757,0.8386984672418536,0.5883350796309338
AU,leadlag,leadlag_blend_market_q,2025-04-30,2026-09-30,356,0.5840271235798855,0.5530679422880221,0.5627912003908417,0.8386984672418536,0.5841085879578518
AU,asset-pca,asset_pca2,2011-07-29,2026-09-30,3813,0.4900189744885761,0.5577271497505105,0.08471822575142984,0.07018932195717786,0.4898922594242543
AU,asset-pca,asset_pca4,2011-07-29,2026-09-30,3813,0.4853479166262107,0.5412844244231412,0.07120930815910453,0.07018932195717786,0.4852192819802832
AU,asset-pca,asset_pca6,2011-07-29,2026-09-30,3813,0.48247787050598767,0.5390264892075003,0.09937394108204511,0.07018932195717786,0.48236508647080056
FNV,sessions,daily126_metals,2011-07-29,2026-09-30,3813,0.4595837729833202,0.5547161491664789,0.06067710536209581,0.13433917419894992,0.45963847560698157
FNV,sessions,daily126_market,2011-07-29,2026-09-30,3813,0.4719838196819832,0.570463598264836,0.09685010865295451,0.13433917419894992,0.4720598286282446
FNV,sessions,daily504_metals,2011-07-29,2026-09-30,3813,0.4595663325983098,0.5549852129823277,0.06265934456486755,0.13433917419894992,0.4595647300031406
FNV,sessions,daily504_market,2011-07-29,2026-09-30,3813,0.4749907549830936,0.5698265992190288,0.10044501831475605,0.13433917419894992,0.47499185148855727
FNV,sessions,daily_ew_metals,2011-07-29,2026-09-30,3813,0.4647293174950996,0.5589279673694107,0.06293951828411504,0.13433917419894992,0.46475531741018283
FNV,sessions,daily_ew_market,2011-07-29,2026-09-30,3813,0.4790013142901439,0.5735917406920946,0.09938827598977751,0.13433917419894992,0.47903902372339646
FNV,sessions,daytime_metals,2011-07-29,2026-09-30,3813,0.4231404163063096,0.5319923720662192,0.06848965086544334,0.13433917419894992,0.42298100846062037
FNV,sessions,daytime_market,2011-07-29,2026-09-30,3813,0.4427618612453075,0.546545443315851,0.10585795140172949,0.13433917419894992,0.44258898533620794
FNV,sessions,overnight_metals,2011-07-29,2026-09-30,3813,0.43891953865699773,0.5282187589385555,0.08709159543405276,0.13433917419894992,0.43893946505354264
FNV,sessions,overnight_market,2011-07-29,2026-09-30,3813,0.4486337434330554,0.5652396122386492,0.13142191098149403,0.13433917419894992,0.4486507227920462
FNV,sessions,realized_metals,2011-07-29,2026-09-30,3813,0.45078859911333524,0.5523044445879013,0.08228612586887185,0.13433917419894992,0.4508161586390589
FNV,sessions,realized_market,2011-07-29,2026-09-30,3813,0.46748350192153,0.5815971725069408,0.11997383854078647,0.13433917419894992,0.46749971494348697
FNV,sessions,blend_metals,2011-07-29,2026-09-30,3813,0.4600857430316019,0.5632409222245018,0.06946610714342305,0.13433917419894992,0.4601300941194101
FNV,sessions,blend_market,2011-07-29,2026-09-30,3813,0.4731069683637287,0.581262567921766,0.10816647264461299,0.13433917419894992,0.47315773049480125
FNV,hourly,daily_metals_m,2025-04-30,2026-09-30,356,0.5443780088275556,0.5177894482629986,0.3238442567959825,0.26542132619703884,0.544759697598476
FNV,hourly,daily_metals_q,2025-04-30,2026-09-30,356,0.5532355163722553,0.5501098691168917,0.329817790717708,0.26542132619703884,0.5534833541601805
FNV,hourly,daily_market_m,2025-04-30,2026-09-30,356,0.5553746421985029,0.4888913854234206,0.36398368017411187,0.26542132619703884,0.5557802424794746
FNV,hourly,daily_market_q,2025-04-30,2026-09-30,356,0.5632268905902996,0.5136328157827907,0.3688749145090222,0.26542132619703884,0.5635740068284358
FNV,hourly,intraday_metals_m,2025-04-30,2026-09-30,356,0.5322235740850719,0.5531115416870562,0.38953109212998016,0.26542132619703884,0.5324107666176656
FNV,hourly,intraday_metals_q,2025-04-30,2026-09-30,356,0.5066960743280968,0.5566709248361872,0.4053013214054446,0.26542132619703884,0.5069109083822574
FNV,hourly,intraday_market_m,2025-04-30,2026-09-30,356,0.5359107794855227,0.49903989221735334,0.47860576632848373,0.26542132619703884,0.5363376060286922
FNV,hourly,intraday_market_q,2025-04-30,2026-09-30,356,0.5181316177288546,0.516649641639886,0.4865936468704384,0.26542132619703884,0.5185342457510511
FNV,hourly,realized_metals_m,2025-04-30,2026-09-30,356,0.5501120347819315,0.5692311287654996,0.3310304560390276,0.26542132619703884,0.550391896038371
FNV,hourly,realized_metals_q,2025-04-30,2026-09-30,356,0.5442441880283775,0.5851225004123031,0.3235778215492022,0.26542132619703884,0.5445106902892874
FNV,hourly,realized_market_m,2025-04-30,2026-09-30,356,0.5454885563451518,0.5266130430677369,0.4250694708525673,0.26542132619703884,0.5459164165417667
FNV,hourly,realized_market_q,2025-04-30,2026-09-30,356,0.541841982480471,0.5455665496387114,0.41698780213530817,0.26542132619703884,0.5422232609347832
FNV,hourly,blend_metals_m,2025-04-30,2026-09-30,356,0.5513954037525829,0.5469485370022106,0.3266265267325039,0.26542132619703884,0.5517193078281045
FNV,hourly,blend_metals_q,2025-04-30,2026-09-30,356,0.5520228788268584,0.5684500345919878,0.3271576708397461,0.26542132619703884,0.5522874098922803
FNV,hourly,blend_market_m,2025-04-30,2026-09-30,356,0.555708248890464,0.5104112628398791,0.39189097180346,0.26542132619703884,0.5561134716030838
FNV,hourly,blend_market_q,2025-04-30,2026-09-30,356,0.5565955636778164,0.528696784226432,0.3942483168451014,0.26542132619703884,0.5569642907507242
FNV,leadlag,leadlag_metals_m,2025-04-30,2026-09-30,356,0.5113816217995915,0.4857694490240815,0.3651395055047899,0.26542132619703884,0.5114790384130741
FNV,leadlag,leadlag_metals_q,2025-04-30,2026-09-30,356,0.5017164014889501,0.4739445420531968,0.3984204504668343,0.26542132619703884,0.5018818782578407
FNV,leadlag,leadlag_market_m,2025-04-30,2026-09-30,356,0.5239539350348146,0.4252758113199612,0.4229278143604551,0.26542132619703884,0.5243085899745799
FNV,leadlag,leadlag_market_q,2025-04-30,2026-09-30,356,0.5112317815173635,0.40609092142173675,0.4771080979702702,0.26542132619703884,0.5115748161771869
FNV,leadlag,leadlag_blend_metals_m,2025-04-30,2026-09-30,356,0.5355046698455971,0.5036740097962489,0.3447910548643367,0.26542132619703884,0.5357241810028187
FNV,leadlag,leadlag_blend_metals_q,2025-04-30,2026-09-30,356,0.5355686590008308,0.516700259382822,0.36438286548138543,0.26542132619703884,0.5357894802872917
FNV,leadlag,leadlag_blend_market_m,2025-04-30,2026-09-30,356,0.5469758880043697,0.460657247819274,0.39376881408478903,0.26542132619703884,0.547339104340532
FNV,leadlag,leadlag_blend_market_q,2025-04-30,2026-09-30,356,0.543863081257107,0.46535347903635715,0.4228334070271389,0.26542132619703884,0.5442140158552997
FNV,asset-pca,asset_pca2,2011-07-29,2026-09-30,3813,0.47779303657578387,0.5632612073930179,0.048928857381810076,0.13433917419894992,0.47780357903651116
FNV,asset-pca,asset_pca4,2011-07-29,2026-09-30,3813,0.4756690180096417,0.5358784054773438,0.038459374042468575,0.13433917419894992,0.4756704940689901
FNV,asset-pca,asset_pca6,2011-07-29,2026-09-30,3813,0.47666182858366524,0.5401921777784888,0.05731774328020611,0.13433917419894992,0.47668845220054434
WPM,sessions,daily126_metals,2011-07-29,2026-09-30,3813,0.5255840509246887,0.6455559914042595,0.04624124370002969,0.10401965719452955,0.5255772312783822
WPM,sessions,daily126_market,2011-07-29,2026-09-30,3813,0.55326355150849,0.6503871689683771,0.09358789283928459,0.10401965719452955,0.5532144895622815
WPM,sessions,daily504_metals,2011-07-29,2026-09-30,3813,0.5370745835699482,0.6533124715186199,0.04595708348932792,0.10401965719452955,0.5370366502724391
WPM,sessions,daily504_market,2011-07-29,2026-09-30,3813,0.5633917635932382,0.6575146639035364,0.09996436529540165,0.10401965719452955,0.5633540632124349
WPM,sessions,daily_ew_metals,2011-07-29,2026-09-30,3813,0.5376452279351329,0.6549705518380102,0.047106839837245396,0.10401965719452955,0.5376317350514174
WPM,sessions,daily_ew_market,2011-07-29,2026-09-30,3813,0.5643207681828567,0.6594513680551802,0.10012420367999764,0.10401965719452955,0.5642807760980011
WPM,sessions,daytime_metals,2011-07-29,2026-09-30,3813,0.49710740023879996,0.6338276981418869,0.029438678922721673,0.10401965719452955,0.49697331270453204
WPM,sessions,daytime_market,2011-07-29,2026-09-30,3813,0.5283977371044428,0.6353567174422292,0.07606172238569031,0.10401965719452955,0.5281853693772677
WPM,sessions,overnight_metals,2011-07-29,2026-09-30,3813,0.5119210743172906,0.6082260860918809,0.08122306026916504,0.10401965719452955,0.5118722249872967
WPM,sessions,overnight_market,2011-07-29,2026-09-30,3813,0.5364406867107735,0.6298732814595134,0.1207038491746133,0.10401965719452955,0.5363979665025358
WPM,sessions,realized_metals,2011-07-29,2026-09-30,3813,0.5256988789752641,0.6418467468940565,0.06982015557189958,0.10401965719452955,0.5256588069432844
WPM,sessions,realized_market,2011-07-29,2026-09-30,3813,0.5537269036803606,0.6548247384133206,0.11495940633210089,0.10401965719452955,0.5536623097099289
WPM,sessions,blend_metals,2011-07-29,2026-09-30,3813,0.5294273990790881,0.650282138178172,0.058636440209661966,0.10401965719452955,0.5294073090964924
WPM,sessions,blend_market,2011-07-29,2026-09-30,3813,0.5568385158057683,0.6576829170231376,0.10517017221093328,0.10401965719452955,0.5567958257336797
WPM,hourly,daily_metals_m,2025-04-30,2026-09-30,356,0.6612039725342642,0.5831036775704148,0.42207019981858207,0.39941302806705314,0.6612497752992883
WPM,hourly,daily_metals_q,2025-04-30,2026-09-30,356,0.667186629781295,0.6142716319986302,0.3811642027877502,0.39941302806705314,0.6672939595000587
WPM,hourly,daily_market_m,2025-04-30,2026-09-30,356,0.67098132982037,0.5860414937917007,0.4938476896549482,0.39941302806705314,0.6710060422050966
WPM,hourly,daily_market_q,2025-04-30,2026-09-30,356,0.6759760242778046,0.6119897219152561,0.4329356368998174,0.39941302806705314,0.6761003682878467
WPM,hourly,intraday_metals_m,2025-04-30,2026-09-30,356,0.6485142915768802,0.5574193288219728,0.5134813402657932,0.39941302806705314,0.648518117907046
WPM,hourly,intraday_metals_q,2025-04-30,2026-09-30,356,0.6285099215087868,0.5934656444256826,0.49218721287788303,0.39941302806705314,0.6285654757601773
WPM,hourly,intraday_market_m,2025-04-30,2026-09-30,356,0.660032890080289,0.5381090119364498,0.6340893701733421,0.39941302806705314,0.660027359962347
WPM,hourly,intraday_market_q,2025-04-30,2026-09-30,356,0.640949427946071,0.56993817298264,0.5777925212222845,0.39941302806705314,0.6410376548295835
WPM,hourly,realized_metals_m,2025-04-30,2026-09-30,356,0.6682295264533958,0.5868486360701424,0.40778839475347795,0.39941302806705314,0.6682508811328883
WPM,hourly,realized_metals_q,2025-04-30,2026-09-30,356,0.6602570931101241,0.6058442989286464,0.40406515809637256,0.39941302806705314,0.6603292585157186
WPM,hourly,realized_market_m,2025-04-30,2026-09-30,356,0.6772097197161926,0.5791909579330563,0.5344426121157033,0.39941302806705314,0.6772006590811568
WPM,hourly,realized_market_q,2025-04-30,2026-09-30,356,0.6692457407214414,0.594597129864842,0.515429377418634,0.39941302806705314,0.6693149759648809
WPM,hourly,blend_metals_m,2025-04-30,2026-09-30,356,0.6662981467037228,0.5871439513036723,0.4124376854708154,0.39941302806705314,0.6663426265262471
WPM,hourly,blend_metals_q,2025-04-30,2026-09-30,356,0.6650093166387856,0.610663578186345,0.3909098145430341,0.39941302806705314,0.665112565441172
WPM,hourly,blend_market_m,2025-04-30,2026-09-30,356,0.6764356235760887,0.5858360857004945,0.5088413851403153,0.39941302806705314,0.6764548643149679
WPM,hourly,blend_market_q,2025-04-30,2026-09-30,356,0.6745366049290786,0.604163739437305,0.471445680002615,0.39941302806705314,0.6746451685541159
WPM,leadlag,leadlag_metals_m,2025-04-30,2026-09-30,356,0.6624570015474806,0.6197821244383451,0.4139709792917923,0.39941302806705314,0.6624786904674036
WPM,leadlag,leadlag_metals_q,2025-04-30,2026-09-30,356,0.6316707648200107,0.6082373108486276,0.4737669711191197,0.39941302806705314,0.6317064484399575
WPM,leadlag,leadlag_market_m,2025-04-30,2026-09-30,356,0.6791992650685359,0.5976604907562562,0.49503179504322126,0.39941302806705314,0.6793168537285745
WPM,leadlag,leadlag_market_q,2025-04-30,2026-09-30,356,0.6482638317955927,0.5865272384130794,0.5717806549088633,0.39941302806705314,0.648374504511134
WPM,leadlag,leadlag_blend_metals_m,2025-04-30,2026-09-30,356,0.6675216202940912,0.6048811568181773,0.41880970571895615,0.39941302806705314,0.6675760660445893
WPM,leadlag,leadlag_blend_metals_q,2025-04-30,2026-09-30,356,0.6566840601003097,0.6201150515664334,0.42857728444287235,0.39941302806705314,0.6567765068007254
WPM,leadlag,leadlag_blend_market_m,2025-04-30,2026-09-30,356,0.6802732218996248,0.5968429403746562,0.4955373122276556,0.39941302806705314,0.6803558944273776
WPM,leadlag,leadlag_blend_market_q,2025-04-30,2026-09-30,356,0.6677879658888441,0.6076055661541231,0.5027523501598761,0.39941302806705314,0.6679015275466376
WPM,asset-pca,asset_pca2,2011-07-29,2026-09-30,3813,0.553197775734263,0.6316575902965279,0.030826025816947267,0.10401965719452955,0.5531558457973558
WPM,asset-pca,asset_pca4,2011-07-29,2026-09-30,3813,0.5565015894341505,0.6367274279602608,0.016549371444960492,0.10401965719452955,0.556430731384943
WPM,asset-pca,asset_pca6,2011-07-29,2026-09-30,3813,0.5652728843072337,0.6529919782268434,0.06514929614783793,0.10401965719452955,0.565215487169789
RGLD,sessions,daily126_metals,2011-07-29,2026-09-30,3813,0.4426659727784825,0.532220531257638,0.06851457758372104,0.1028044379807247,0.44253423632214683
RGLD,sessions,daily126_market,2011-07-29,2026-09-30,3813,0.46544863767480193,0.5435494975396173,0.11806573782216212,0.1028044379807247,0.4652546829596629
RGLD,sessions,daily504_metals,2011-07-29,2026-09-30,3813,0.4437859958852395,0.519249405070136,0.06381777448009829,0.1028044379807247,0.4437174701946781
RGLD,sessions,daily504_market,2011-07-29,2026-09-30,3813,0.46554786544456195,0.5351412281058245,0.1097460899112892,0.1028044379807247,0.46546104545385036
RGLD,sessions,daily_ew_metals,2011-07-29,2026-09-30,3813,0.4489137025594562,0.5285581246861553,0.06537022697731554,0.1028044379807247,0.4488459151786546
RGLD,sessions,daily_ew_market,2011-07-29,2026-09-30,3813,0.4713618392073958,0.5438352541648408,0.11403449218510464,0.1028044379807247,0.4712674521619038
RGLD,sessions,daytime_metals,2011-07-29,2026-09-30,3813,0.40584737832414397,0.5296047628691983,0.053149402091284825,0.1028044379807247,0.4056129979308589
RGLD,sessions,daytime_market,2011-07-29,2026-09-30,3813,0.4294728087055545,0.5409872329739083,0.10141894413570096,0.1028044379807247,0.42913377525867735
RGLD,sessions,overnight_metals,2011-07-29,2026-09-30,3813,0.4141404708895057,0.44861108597488875,0.09381678806951266,0.1028044379807247,0.4140529743864113
RGLD,sessions,overnight_market,2011-07-29,2026-09-30,3813,0.43194915749738294,0.47132007392059416,0.1352156263944324,0.1028044379807247,0.4318361568284348
RGLD,sessions,realized_metals,2011-07-29,2026-09-30,3813,0.43539133092295623,0.5061508820238937,0.08425474978851333,0.1028044379807247,0.43529220464342566
RGLD,sessions,realized_market,2011-07-29,2026-09-30,3813,0.4567767103426148,0.5249532515794104,0.13137920231270428,0.1028044379807247,0.4566238518793043
RGLD,sessions,blend_metals,2011-07-29,2026-09-30,3813,0.44238798181934424,0.5234487708277578,0.07652583454692619,0.1028044379807247,0.4423063642482773
RGLD,sessions,blend_market,2011-07-29,2026-09-30,3813,0.4648419235619702,0.5382810862408012,0.12500066041359048,0.1028044379807247,0.46469026951461734
RGLD,hourly,daily_metals_m,2025-04-30,2026-09-30,356,0.5449261393836007,0.5700394215079417,0.3537302254871928,0.20684629706892377,0.5451521388300151
RGLD,hourly,daily_metals_q,2025-04-30,2026-09-30,356,0.5681894920917585,0.5893030013438467,0.34375519157202516,0.20684629706892377,0.5683448062594882
RGLD,hourly,daily_market_m,2025-04-30,2026-09-30,356,0.5618821533277893,0.5368339402894322,0.39897440762745306,0.20684629706892377,0.5621503425638655
RGLD,hourly,daily_market_q,2025-04-30,2026-09-30,356,0.5798696353237447,0.543820520770198,0.39862611212361587,0.20684629706892377,0.5800843221984875
RGLD,hourly,intraday_metals_m,2025-04-30,2026-09-30,356,0.5529326964603685,0.5919289767191633,0.37494882017751374,0.20684629706892377,0.553060439355783
RGLD,hourly,intraday_metals_q,2025-04-30,2026-09-30,356,0.5448881070791354,0.6007110976728158,0.3911900189988424,0.20684629706892377,0.5450100966128609
RGLD,hourly,intraday_market_m,2025-04-30,2026-09-30,356,0.5708200923518181,0.5371840346193435,0.450223248356288,0.20684629706892377,0.5709879364859161
RGLD,hourly,intraday_market_q,2025-04-30,2026-09-30,356,0.5721350562451823,0.5375528192508193,0.4453727308537354,0.20684629706892377,0.5723035075929825
RGLD,hourly,realized_metals_m,2025-04-30,2026-09-30,356,0.5704128631295207,0.5941626461652236,0.32820522805311625,0.20684629706892377,0.5705483960847577
RGLD,hourly,realized_metals_q,2025-04-30,2026-09-30,356,0.566623906864669,0.6014717499111805,0.3352220012436171,0.20684629706892377,0.5667497046367367
RGLD,hourly,realized_market_m,2025-04-30,2026-09-30,356,0.5755605137327322,0.5401174652666325,0.43167891427733873,0.20684629706892377,0.5756947787627877
RGLD,hourly,realized_market_q,2025-04-30,2026-09-30,356,0.5778538017333812,0.5411387719005258,0.42603242540541775,0.20684629706892377,0.5779778502290057
RGLD,hourly,blend_metals_m,2025-04-30,2026-09-30,356,0.5597174187467557,0.5842045287491953,0.3390123502412241,0.20684629706892377,0.5598934793649917
RGLD,hourly,blend_metals_q,2025-04-30,2026-09-30,356,0.5682472888617816,0.5953995116832596,0.33911024103873944,0.20684629706892377,0.5683939426207888
RGLD,hourly,blend_market_m,2025-04-30,2026-09-30,356,0.5716703974864669,0.5399420377216531,0.411736242227007,0.20684629706892377,0.5718926903238352
RGLD,hourly,blend_market_q,2025-04-30,2026-09-30,356,0.5805352213990836,0.5421216753589019,0.41178008838174973,0.20684629706892377,0.5807170571822302
RGLD,leadlag,leadlag_metals_m,2025-04-30,2026-09-30,356,0.5296093219361092,0.6007732037107112,0.38293215872804875,0.20684629706892377,0.5296184329946841
RGLD,leadlag,leadlag_metals_q,2025-04-30,2026-09-30,356,0.507513158842158,0.6017124050236013,0.3947672345909403,0.20684629706892377,0.5075707861395298
RGLD,leadlag,leadlag_market_m,2025-04-30,2026-09-30,356,0.5616332786238813,0.5400452986014513,0.43781225397701684,0.20684629706892377,0.561798975545153
RGLD,leadlag,leadlag_market_q,2025-04-30,2026-09-30,356,0.5436168093574638,0.5368076798888,0.4687128672091847,0.20684629706892377,0.5438129126368589
RGLD,leadlag,leadlag_blend_metals_m,2025-04-30,2026-09-30,356,0.5455643523254752,0.5882833052570333,0.36908948747921655,0.20684629706892377,0.5457010532940927
RGLD,leadlag,leadlag_blend_metals_q,2025-04-30,2026-09-30,356,0.5480298895315373,0.6015023697276064,0.3702239615987304,0.20684629706892377,0.5481678022023799
RGLD,leadlag,leadlag_blend_market_m,2025-04-30,2026-09-30,356,0.5664733684374315,0.5400861344699257,0.41866495113535884,0.20684629706892377,0.56669594537557
RGLD,leadlag,leadlag_blend_market_q,2025-04-30,2026-09-30,356,0.5666439904065101,0.5437192889389455,0.4338253633774505,0.20684629706892377,0.5668659382321631
RGLD,asset-pca,asset_pca2,2011-07-29,2026-09-30,3813,0.46580773200901093,0.5289111420629047,0.050760899691930206,0.1028044379807247,0.46566666481798613
RGLD,asset-pca,asset_pca4,2011-07-29,2026-09-30,3813,0.46150125912856044,0.4923735375915381,0.04456959438296404,0.1028044379807247,0.4613046872593052
RGLD,asset-pca,asset_pca6,2011-07-29,2026-09-30,3813,0.4654927434700543,0.5166063286785368,0.08762210301770823,0.1028044379807247,0.4653247125954584
GFI,sessions,daily126_metals,2011-07-29,2026-09-30,3813,0.42473325616757807,0.5220573063124188,0.11215281007094013,0.09233405050018928,0.4246544200536877
GFI,sessions,daily126_market,2011-07-29,2026-09-30,3813,0.42740536656742867,0.5120840190566769,0.15094054514376842,0.09233405050018928,0.42728289171307077
GFI,sessions,daily504_metals,2011-07-29,2026-09-30,3813,0.42319842927274653,0.5436548445964219,0.10401490882221576,0.09233405050018928,0.4231483608345278
GFI,sessions,daily504_market,2011-07-29,2026-09-30,3813,0.42795183792869185,0.534527497732181,0.14186396453144634,0.09233405050018928,0.4278978741413775
GFI,sessions,daily_ew_metals,2011-07-29,2026-09-30,3813,0.4283726165416005,0.5439616687391412,0.10685088533246123,0.09233405050018928,0.42830469025465145
GFI,sessions,daily_ew_market,2011-07-29,2026-09-30,3813,0.4327776687627555,0.5350965394061921,0.1463922024290334,0.09233405050018928,0.4326999009578216
GFI,sessions,daytime_metals,2011-07-29,2026-09-30,3813,0.40623706831748396,0.494381200406262,0.0966318522625671,0.09233405050018928,0.4060434492429673
GFI,sessions,daytime_market,2011-07-29,2026-09-30,3813,0.40808920500920043,0.4848448971111494,0.13366992771049602,0.09233405050018928,0.4078352038177666
GFI,sessions,overnight_metals,2011-07-29,2026-09-30,3813,0.42300398107805093,0.5304145383605597,0.12758161089671205,0.09233405050018928,0.4229382023855559
GFI,sessions,overnight_market,2011-07-29,2026-09-30,3813,0.4218137788891605,0.5131396054426088,0.171502147770215,0.09233405050018928,0.4217069165419284
GFI,sessions,realized_metals,2011-07-29,2026-09-30,3813,0.43251139745901834,0.5385565500721556,0.12144483236199455,0.09233405050018928,0.4324445102749772
GFI,sessions,realized_market,2011-07-29,2026-09-30,3813,0.43493812031738266,0.5269789054600721,0.1570673222652359,0.09233405050018928,0.4348457426607779
GFI,sessions,blend_metals,2011-07-29,2026-09-30,3813,0.4306378264706596,0.5341473163332155,0.11665294795014147,0.09233405050018928,0.4305713854471478
GFI,sessions,blend_market,2011-07-29,2026-09-30,3813,0.43346131567762014,0.5236510675999667,0.15543489564183322,0.09233405050018928,0.4333615736301112
GFI,hourly,daily_metals_m,2025-04-30,2026-09-30,356,0.6002046686705499,0.5817065028574837,0.5357044296549385,0.445263388622253,0.6003026519244112
GFI,hourly,daily_metals_q,2025-04-30,2026-09-30,356,0.6030546679405554,0.6218304770905232,0.46328815573284166,0.445263388622253,0.603185884824496
GFI,hourly,daily_market_m,2025-04-30,2026-09-30,356,0.6101583721027779,0.5679626730845442,0.5962000583575491,0.445263388622253,0.6102606164528832
GFI,hourly,daily_market_q,2025-04-30,2026-09-30,356,0.611535242279929,0.5981329396067842,0.5321431085587975,0.445263388622253,0.6116533118914789
GFI,hourly,intraday_metals_m,2025-04-30,2026-09-30,356,0.5867823906128115,0.5650213826471545,0.5747701967551937,0.445263388622253,0.5868445884763904
GFI,hourly,intraday_metals_q,2025-04-30,2026-09-30,356,0.5676922526072505,0.5782234415792924,0.5569175142374292,0.445263388622253,0.5678063793748486
GFI,hourly,intraday_market_m,2025-04-30,2026-09-30,356,0.5986568398873289,0.5514167450698406,0.6523767526087545,0.445263388622253,0.5988027453560676
GFI,hourly,intraday_market_q,2025-04-30,2026-09-30,356,0.5822630956134704,0.5696971371492905,0.6073879816471788,0.445263388622253,0.5824392962030663
GFI,hourly,realized_metals_m,2025-04-30,2026-09-30,356,0.6263802731423669,0.6290506981364262,0.48918044672016703,0.445263388622253,0.6264144238096553
GFI,hourly,realized_metals_q,2025-04-30,2026-09-30,356,0.6128923700319272,0.6486810562580783,0.4915381488007122,0.445263388622253,0.6129795935479541
GFI,hourly,realized_market_m,2025-04-30,2026-09-30,356,0.6309761765122894,0.6120445933967116,0.6088351058391459,0.445263388622253,0.6310220608352333
GFI,hourly,realized_market_q,2025-04-30,2026-09-30,356,0.6197394930540097,0.6380070974974926,0.5787490126507162,0.445263388622253,0.6198245241246028
GFI,hourly,blend_metals_m,2025-04-30,2026-09-30,356,0.616272471028209,0.6075619686252131,0.5096808097727992,0.445263388622253,0.6163398145557866
GFI,hourly,blend_metals_q,2025-04-30,2026-09-30,356,0.6091123874804334,0.6358294675604985,0.4770386486462952,0.445263388622253,0.6092335137280203
GFI,hourly,blend_market_m,2025-04-30,2026-09-30,356,0.6245676830892989,0.5921844831185574,0.5980394007347012,0.445263388622253,0.6246452343170981
GFI,hourly,blend_market_q,2025-04-30,2026-09-30,356,0.6176123813970276,0.619043006817728,0.5533100021880966,0.445263388622253,0.6177271541097007
GFI,leadlag,leadlag_metals_m,2025-04-30,2026-09-30,356,0.5237823162413908,0.49882698608196263,0.662155323387353,0.445263388622253,0.5237031286638953
GFI,leadlag,leadlag_metals_q,2025-04-30,2026-09-30,356,0.5102730081793965,0.5224499491506573,0.4907167307531526,0.445263388622253,0.5102245615962377
GFI,leadlag,leadlag_market_m,2025-04-30,2026-09-30,356,0.5399888664838435,0.47630884737530244,0.7236288390467072,0.445263388622253,0.5399623171811064
GFI,leadlag,leadlag_market_q,2025-04-30,2026-09-30,356,0.528021873065546,0.5006082312664566,0.5371899550514525,0.445263388622253,0.5280504591123031
GFI,leadlag,leadlag_blend_metals_m,2025-04-30,2026-09-30,356,0.5741589681304702,0.54599490396584,0.5994593869551266,0.445263388622253,0.5742019013645613
GFI,leadlag,leadlag_blend_metals_q,2025-04-30,2026-09-30,356,0.5700231460906355,0.5796647385973339,0.4786126698428659,0.445263388622253,0.5701323056508868
GFI,leadlag,leadlag_blend_market_m,2025-04-30,2026-09-30,356,0.5876938565327887,0.5285048589914818,0.6606943075090712,0.445263388622253,0.5877992057429122
GFI,leadlag,leadlag_blend_market_q,2025-04-30,2026-09-30,356,0.5821174010971837,0.5560324403734982,0.5362763311730716,0.445263388622253,0.5822481531390999
GFI,asset-pca,asset_pca2,2011-07-29,2026-09-30,3813,0.434346562243625,0.5217900326891715,0.07807008087203782,0.09233405050018928,0.43423803841022
GFI,asset-pca,asset_pca4,2011-07-29,2026-09-30,3813,0.4308873188278446,0.503211793180472,0.06812617744399119,0.09233405050018928,0.4307815075232161
GFI,asset-pca,asset_pca6,2011-07-29,2026-09-30,3813,0.42740101071371217,0.4936378720329233,0.10014750173664577,0.09233405050018928,0.42728272323106253
KGC,sessions,daily126_metals,2011-07-29,2026-09-30,3813,0.4665000861799392,0.5247079321131672,0.0905135293168553,0.03506599741295968,0.4664575200869714
KGC,sessions,daily126_market,2011-07-29,2026-09-30,3813,0.4822773515488943,0.5243827883425802,0.128824047287448,0.03506599741295968,0.48215167785279267
KGC,sessions,daily504_metals,2011-07-29,2026-09-30,3813,0.46619641518654753,0.49870670570864495,0.08534832848879992,0.03506599741295968,0.46610987510564006
KGC,sessions,daily504_market,2011-07-29,2026-09-30,3813,0.483774968696117,0.49923960557965874,0.1430510330877215,0.03506599741295968,0.4836659486965531
KGC,sessions,daily_ew_metals,2011-07-29,2026-09-30,3813,0.47217291778947656,0.5125631188399788,0.0867355290928098,0.03506599741295968,0.47209484912596145
KGC,sessions,daily_ew_market,2011-07-29,2026-09-30,3813,0.490095844884168,0.5137966642224739,0.14024802974250106,0.03506599741295968,0.48998773572324084
KGC,sessions,daytime_metals,2011-07-29,2026-09-30,3813,0.44786355158196534,0.5012780637950911,0.10092491429518735,0.03506599741295968,0.447640165401717
KGC,sessions,daytime_market,2011-07-29,2026-09-30,3813,0.46433251908341955,0.5050341885899703,0.13866325117507872,0.03506599741295968,0.4640069418385312
KGC,sessions,overnight_metals,2011-07-29,2026-09-30,3813,0.4621509664606138,0.48407842883514474,0.1152258183295114,0.03506599741295968,0.4620988688668043
KGC,sessions,overnight_market,2011-07-29,2026-09-30,3813,0.47660231635229844,0.5063627114016562,0.1545419744585803,0.03506599741295968,0.47652942846807556
KGC,sessions,realized_metals,2011-07-29,2026-09-30,3813,0.4723327399960292,0.5128723387793671,0.11233158276079469,0.03506599741295968,0.47225120629073203
KGC,sessions,realized_market,2011-07-29,2026-09-30,3813,0.48921722226835307,0.5269573700182923,0.15257214699129706,0.03506599741295968,0.4890849212295756
KGC,sessions,blend_metals,2011-07-29,2026-09-30,3813,0.47275017588226653,0.526270831027909,0.10022819597538413,0.03506599741295968,0.4726876887101249
KGC,sessions,blend_market,2011-07-29,2026-09-30,3813,0.4886243534281798,0.5311472506496469,0.1409424815920839,0.03506599741295968,0.48849727706054846
KGC,hourly,daily_metals_m,2025-04-30,2026-09-30,356,0.5936481320811222,0.6296157767285966,0.5289407642356143,0.41931795244586945,0.5936542221876933
KGC,hourly,daily_metals_q,2025-04-30,2026-09-30,356,0.592059028352172,0.6588120085990854,0.48220876034415117,0.41931795244586945,0.5921368277626007
KGC,hourly,daily_market_m,2025-04-30,2026-09-30,356,0.6029784112670373,0.635300151250471,0.6066317850882867,0.41931795244586945,0.6029181609045837
KGC,hourly,daily_market_q,2025-04-30,2026-09-30,356,0.5987948679046846,0.6492471447417745,0.5260308054451241,0.41931795244586945,0.5988459853063446
KGC,hourly,intraday_metals_m,2025-04-30,2026-09-30,356,0.5903328639728149,0.6453144521358403,0.5614845427594348,0.41931795244586945,0.5903710007582199
KGC,hourly,intraday_metals_q,2025-04-30,2026-09-30,356,0.567850302041161,0.6379339927505495,0.5885743535986452,0.41931795244586945,0.567831366377005
KGC,hourly,intraday_market_m,2025-04-30,2026-09-30,356,0.6078766839746372,0.6251409869005367,0.6927122563407284,0.41931795244586945,0.6079598874670075
KGC,hourly,intraday_market_q,2025-04-30,2026-09-30,356,0.5897721602354331,0.6149064671906772,0.7264864058129361,0.41931795244586945,0.5898363809102514
KGC,hourly,realized_metals_m,2025-04-30,2026-09-30,356,0.6122650275252273,0.6611584001786046,0.4530667628835332,0.41931795244586945,0.6122632984306232
KGC,hourly,realized_metals_q,2025-04-30,2026-09-30,356,0.5975313403504015,0.6583657248306045,0.4632608015198336,0.41931795244586945,0.59753757073905
KGC,hourly,realized_market_m,2025-04-30,2026-09-30,356,0.6223722969037807,0.6525208631929553,0.5867053211309672,0.41931795244586945,0.6223797216672387
KGC,hourly,realized_market_q,2025-04-30,2026-09-30,356,0.6077614371296629,0.6454782687586291,0.5935009980523367,0.41931795244586945,0.6078071548707475
KGC,hourly,blend_metals_m,2025-04-30,2026-09-30,356,0.605276399321937,0.6491121988966229,0.4872177088514338,0.41931795244586945,0.6052899823334468
KGC,hourly,blend_metals_q,2025-04-30,2026-09-30,356,0.5956843575613404,0.6590478444813136,0.4725740810201724,0.41931795244586945,0.5957329183316769
KGC,hourly,blend_market_m,2025-04-30,2026-09-30,356,0.615795054533993,0.6479055562704732,0.5909310759131843,0.41931795244586945,0.6157949785132388
KGC,hourly,blend_market_q,2025-04-30,2026-09-30,356,0.6055210598305892,0.6472857823650204,0.5605103435231948,0.41931795244586945,0.6055891505884552
KGC,leadlag,leadlag_metals_m,2025-04-30,2026-09-30,356,0.5782066892137465,0.6138328988740694,0.4928150018722175,0.41931795244586945,0.5782057599243586
KGC,leadlag,leadlag_metals_q,2025-04-30,2026-09-30,356,0.554063732924571,0.5983829125495053,0.4826541383257812,0.41931795244586945,0.5540758570396519
KGC,leadlag,leadlag_market_m,2025-04-30,2026-09-30,356,0.5970599941812471,0.6021637030470788,0.5199569704531477,0.41931795244586945,0.5971043826943994
KGC,leadlag,leadlag_market_q,2025-04-30,2026-09-30,356,0.5737646975867627,0.5623774202090814,0.5581312192971406,0.41931795244586945,0.5738263396332575
KGC,leadlag,leadlag_blend_metals_m,2025-04-30,2026-09-30,356,0.5918512650936912,0.625642279957131,0.5117853076081023,0.41931795244586945,0.5918660495397412
KGC,leadlag,leadlag_blend_metals_q,2025-04-30,2026-09-30,356,0.5776308809016397,0.6314416720584786,0.4829039159268065,0.41931795244586945,0.5776930983489319
KGC,leadlag,leadlag_blend_market_m,2025-04-30,2026-09-30,356,0.6078174344851821,0.6262767017220225,0.5645062125199534,0.41931795244586945,0.6078322876536513
KGC,leadlag,leadlag_blend_market_q,2025-04-30,2026-09-30,356,0.5907556018951485,0.6104860115638522,0.5433952299343234,0.41931795244586945,0.5908264655886474
KGC,asset-pca,asset_pca2,2011-07-29,2026-09-30,3813,0.4923700353834971,0.49694580328553795,0.07458837272054164,0.03506599741295968,0.49222645427658207
KGC,asset-pca,asset_pca4,2011-07-29,2026-09-30,3813,0.4884454806235249,0.4761722399893924,0.06978309895050949,0.03506599741295968,0.4882423168176422
KGC,asset-pca,asset_pca6,2011-07-29,2026-09-30,3813,0.49024397552513255,0.4834934671976199,0.10816483286957723,0.03506599741295968,0.49003719788587063
HMY,sessions,daily126_metals,2011-07-29,2026-09-30,3813,0.4064886862102266,0.4620351186396253,0.09486316764127767,0.027840510768372573,0.40633187924162284
HMY,sessions,daily126_market,2011-07-29,2026-09-30,3813,0.41375611854778005,0.4598640530401007,0.14694939976955346,0.027840510768372573,0.4135210682449958
HMY,sessions,daily504_metals,2011-07-29,2026-09-30,3813,0.4089508167211331,0.450566694265253,0.11776257657095646,0.027840510768372573,0.40884985306757893
HMY,sessions,daily504_market,2011-07-29,2026-09-30,3813,0.41392753247147074,0.4471160860362561,0.15594044392487905,0.027840510768372573,0.41380666338317895
HMY,sessions,daily_ew_metals,2011-07-29,2026-09-30,3813,0.41307381151476386,0.462472103743812,0.1150103305851029,0.027840510768372573,0.41296349231130447
HMY,sessions,daily_ew_market,2011-07-29,2026-09-30,3813,0.41893935051261577,0.45619906413724354,0.16378804567256822,0.027840510768372573,0.41878832836341906
HMY,sessions,daytime_metals,2011-07-29,2026-09-30,3813,0.3844796442834013,0.468777548020584,0.044919406333565615,0.027840510768372573,0.3842241932231435
HMY,sessions,daytime_market,2011-07-29,2026-09-30,3813,0.392656908032314,0.4558676063587056,0.09751620570887232,0.027840510768372573,0.39235603817682385
HMY,sessions,overnight_metals,2011-07-29,2026-09-30,3813,0.3997821873354468,0.42234528813595473,0.15393601654924716,0.027840510768372573,0.39966045232141534
HMY,sessions,overnight_market,2011-07-29,2026-09-30,3813,0.40409757833243176,0.4273756545758777,0.20698964520504703,0.027840510768372573,0.4039137724447228
HMY,sessions,realized_metals,2011-07-29,2026-09-30,3813,0.4104847215782359,0.4632144280753402,0.1117630522061066,0.027840510768372573,0.41035817292785315
HMY,sessions,realized_market,2011-07-29,2026-09-30,3813,0.41532510840217407,0.4585397596941353,0.16230137071402195,0.027840510768372573,0.4151512448719561
HMY,sessions,blend_metals,2011-07-29,2026-09-30,3813,0.4105242748211081,0.46689160786105055,0.1049852210324671,0.027840510768372573,0.4103961151579659
HMY,sessions,blend_market,2011-07-29,2026-09-30,3813,0.4165200020387667,0.46216625354978547,0.1556161061363759,0.027840510768372573,0.41631733078900823
HMY,hourly,daily_metals_m,2025-04-30,2026-09-30,356,0.5313015470712543,0.45697556956855623,0.693744533262266,0.09322003067818052,0.5314860538386417
HMY,hourly,daily_metals_q,2025-04-30,2026-09-30,356,0.5400561840575366,0.5824368609456572,0.5889154776115617,0.09322003067818052,0.5401867346521249
HMY,hourly,daily_market_m,2025-04-30,2026-09-30,356,0.5493179680826676,0.5323790479255952,0.8170655895643353,0.09322003067818052,0.5495493228613404
HMY,hourly,daily_market_q,2025-04-30,2026-09-30,356,0.5522484366754723,0.6290775763030716,0.7377323874316777,0.09322003067818052,0.5523756905457593
HMY,hourly,intraday_metals_m,2025-04-30,2026-09-30,356,0.5470281257323284,0.5183921932776591,0.6116797504926408,0.09322003067818052,0.5472332478728633
HMY,hourly,intraday_metals_q,2025-04-30,2026-09-30,356,0.5250644903407677,0.4797040283351186,0.7081251853916015,0.09322003067818052,0.5252436798995821
HMY,hourly,intraday_market_m,2025-04-30,2026-09-30,356,0.5619618965562838,0.5661970028621739,0.7117047364297233,0.09322003067818052,0.562254792375374
HMY,hourly,intraday_market_q,2025-04-30,2026-09-30,356,0.5429774788415218,0.5386747777089697,0.8050110972201898,0.09322003067818052,0.5432431470546648
HMY,hourly,realized_metals_m,2025-04-30,2026-09-30,356,0.5529257550548508,0.5232171200052078,0.6514696312116359,0.09322003067818052,0.5529645687268534
HMY,hourly,realized_metals_q,2025-04-30,2026-09-30,356,0.5372856463878484,0.545752219262475,0.6659750586202431,0.09322003067818052,0.5373248388908851
HMY,hourly,realized_market_m,2025-04-30,2026-09-30,356,0.5641198642406027,0.5769441044901287,0.8156192674109459,0.09322003067818052,0.5642097547401805
HMY,hourly,realized_market_q,2025-04-30,2026-09-30,356,0.5474762982305276,0.5898509095796083,0.8395705561633744,0.09322003067818052,0.5475269709507549
HMY,hourly,blend_metals_m,2025-04-30,2026-09-30,356,0.5444799223961918,0.4988111505807661,0.6671997197839272,0.09322003067818052,0.544604655914209
HMY,hourly,blend_metals_q,2025-04-30,2026-09-30,356,0.5405500375633816,0.5682501945120769,0.6227643305554751,0.09322003067818052,0.5406490675362091
HMY,hourly,blend_market_m,2025-04-30,2026-09-30,356,0.5597413861989523,0.564326989380191,0.8096256760191132,0.09322003067818052,0.5599194853349667
HMY,hourly,blend_market_q,2025-04-30,2026-09-30,356,0.5523328207505965,0.6142785571695957,0.7851796346695785,0.09322003067818052,0.5524355056444232
HMY,leadlag,leadlag_metals_m,2025-04-30,2026-09-30,356,0.5266065817490911,0.5008165087073718,0.6305372588986111,0.09322003067818052,0.5267970285141313
HMY,leadlag,leadlag_metals_q,2025-04-30,2026-09-30,356,0.5075929214335521,0.4697378318647415,0.6593816917440127,0.09322003067818052,0.5077311070387664
HMY,leadlag,leadlag_market_m,2025-04-30,2026-09-30,356,0.5439973740889023,0.5693701918007746,0.6855291177700942,0.09322003067818052,0.5443064176348912
HMY,leadlag,leadlag_market_q,2025-04-30,2026-09-30,356,0.5256523573960339,0.5316165129598289,0.7407598593303004,0.09322003067818052,0.5259013413840342
HMY,leadlag,leadlag_blend_metals_m,2025-04-30,2026-09-30,356,0.5405956151839927,0.48833422134132576,0.6640268204209385,0.09322003067818052,0.5407917698907267
HMY,leadlag,leadlag_blend_metals_q,2025-04-30,2026-09-30,356,0.5359762990291919,0.5384198577816427,0.625617832505678,0.09322003067818052,0.536152523990443
HMY,leadlag,leadlag_blend_market_m,2025-04-30,2026-09-30,356,0.5589718164296517,0.5627256185069275,0.7529161279880805,0.09322003067818052,0.5592594162373892
HMY,leadlag,leadlag_blend_market_q,2025-04-30,2026-09-30,356,0.5504332959517081,0.5918326514782473,0.7409465968632369,0.09322003067818052,0.5506535363192764
HMY,asset-pca,asset_pca2,2011-07-29,2026-09-30,3813,0.42054892144595335,0.4426153333135875,0.08649033528238093,0.027840510768372573,0.420359047320082
HMY,asset-pca,asset_pca4,2011-07-29,2026-09-30,3813,0.4135855388150458,0.4135710382709855,0.07880247778883054,0.027840510768372573,0.4133620076990233
HMY,asset-pca,asset_pca6,2011-07-29,2026-09-30,3813,0.41294551764251153,0.4102356780673472,0.11390618466885205,0.027840510768372573,0.41270585126125314
EGO,sessions,daily126_metals,2011-07-29,2026-09-30,3813,0.35981227354480994,0.3303747949098995,0.09367111154601226,-0.04917822023832186,0.35971798005179323
EGO,sessions,daily126_market,2011-07-29,2026-09-30,3813,0.37280781314041167,0.35361985442255484,0.1465662757039845,-0.04917822023832186,0.3726556910110318
EGO,sessions,daily504_metals,2011-07-29,2026-09-30,3813,0.3708146585408928,0.34350852128495357,0.08346527353819089,-0.04917822023832186,0.37077898602303194
EGO,sessions,daily504_market,2011-07-29,2026-09-30,3813,0.38621885491687347,0.3633193254558602,0.141980331661834,-0.04917822023832186,0.3861802346433506
EGO,sessions,daily_ew_metals,2011-07-29,2026-09-30,3813,0.3722764002588175,0.33931565673370234,0.08877303786734747,-0.04917822023832186,0.37222959934188826
EGO,sessions,daily_ew_market,2011-07-29,2026-09-30,3813,0.3873220335145059,0.3631593921309416,0.14714297204357685,-0.04917822023832186,0.3872706484508872
EGO,sessions,daytime_metals,2011-07-29,2026-09-30,3813,0.3382325128154057,0.2786920801904419,0.09408676775917812,-0.04917822023832186,0.3379768213580232
EGO,sessions,daytime_market,2011-07-29,2026-09-30,3813,0.3521531201528181,0.3124933255638227,0.14308983534971342,-0.04917822023832186,0.3518397721730796
EGO,sessions,overnight_metals,2011-07-29,2026-09-30,3813,0.35717598017653285,0.30984688006315086,0.10095858130403701,-0.04917822023832186,0.35712706213252277
EGO,sessions,overnight_market,2011-07-29,2026-09-30,3813,0.37130187956053207,0.33485034890100385,0.15025713582492428,-0.04917822023832186,0.3712343543048622
EGO,sessions,realized_metals,2011-07-29,2026-09-30,3813,0.36272249885010843,0.30958220746741993,0.10536607669392906,-0.04917822023832186,0.3625904082817716
EGO,sessions,realized_market,2011-07-29,2026-09-30,3813,0.3781558243275118,0.34170893331943764,0.1545997989540393,-0.04917822023832186,0.3780238834808829
EGO,sessions,blend_metals,2011-07-29,2026-09-30,3813,0.36459572274146645,0.3239136153737313,0.10133061802274179,-0.04917822023832186,0.3644924101473316
EGO,sessions,blend_market,2011-07-29,2026-09-30,3813,0.3789589452096712,0.35142831841789635,0.15259729234569064,-0.04917822023832186,0.37883284821455854
EGO,hourly,daily_metals_m,2025-04-30,2026-09-30,356,0.5217690451695212,0.5697932815467135,0.5272849554471795,0.6609538266554953,0.5217433335763395
EGO,hourly,daily_metals_q,2025-04-30,2026-09-30,356,0.5336411637966665,0.5738685784393116,0.5003008736509291,0.6609538266554953,0.5335878480284036
EGO,hourly,daily_market_m,2025-04-30,2026-09-30,356,0.5295822575608113,0.5657408454444208,0.6170506117009662,0.6609538266554953,0.52954069318182
EGO,hourly,daily_market_q,2025-04-30,2026-09-30,356,0.5379424355098792,0.5681384070347402,0.6056721654181909,0.6609538266554953,0.5378771513142571
EGO,hourly,intraday_metals_m,2025-04-30,2026-09-30,356,0.5191640282618091,0.5690470337132703,0.5429642232069427,0.6609538266554953,0.5192299327252101
EGO,hourly,intraday_metals_q,2025-04-30,2026-09-30,356,0.4990715614524799,0.5643948194051702,0.566003875401887,0.6609538266554953,0.49904369942889737
EGO,hourly,intraday_market_m,2025-04-30,2026-09-30,356,0.5223527909407886,0.554429457718024,0.6758295576297553,0.6609538266554953,0.5224312141315249
EGO,hourly,intraday_market_q,2025-04-30,2026-09-30,356,0.5063725032322496,0.5428133827043466,0.6946813956466897,0.6609538266554953,0.5063427831058194
EGO,hourly,realized_metals_m,2025-04-30,2026-09-30,356,0.5492569151993978,0.5768411416049891,0.44039155287109844,0.6609538266554953,0.5492896079277386
EGO,hourly,realized_metals_q,2025-04-30,2026-09-30,356,0.541629208846703,0.5741631147336758,0.4553432208685255,0.6609538266554953,0.5416062509420335
EGO,hourly,realized_market_m,2025-04-30,2026-09-30,356,0.547056216110763,0.5764545299994173,0.5656761486227648,0.6609538266554953,0.5470652518201701
EGO,hourly,realized_market_q,2025-04-30,2026-09-30,356,0.5406815809048275,0.5654765190048858,0.5849361780590685,0.6609538266554953,0.5406005334649201
EGO,hourly,blend_metals_m,2025-04-30,2026-09-30,356,0.5372549714698249,0.5755258659852382,0.480788078700942,0.6609538266554953,0.537246890607124
EGO,hourly,blend_metals_q,2025-04-30,2026-09-30,356,0.5381550312589234,0.5746724013643131,0.4779215219998689,0.6609538266554953,0.5381223352801743
EGO,hourly,blend_market_m,2025-04-30,2026-09-30,356,0.5407724157368851,0.572912487276285,0.5872802634019221,0.6609538266554953,0.5407382046569649
EGO,hourly,blend_market_q,2025-04-30,2026-09-30,356,0.5406432238072245,0.567365403815821,0.597620906815463,0.6609538266554953,0.5405730515565053
EGO,leadlag,leadlag_metals_m,2025-04-30,2026-09-30,356,0.4870250540741996,0.5569576323326957,0.6126811149925,0.6609538266554953,0.4870900785078558
EGO,leadlag,leadlag_metals_q,2025-04-30,2026-09-30,356,0.46555815014545887,0.5713934499597109,0.5677152030750015,0.6609538266554953,0.46547232086305035
EGO,leadlag,leadlag_market_m,2025-04-30,2026-09-30,356,0.4987783652453074,0.537842737712894,0.6899083769896228,0.6609538266554953,0.49889940138232836
EGO,leadlag,leadlag_market_q,2025-04-30,2026-09-30,356,0.47444281725846205,0.5360396767386778,0.6731683982018093,0.6609538266554953,0.4743132792518018
EGO,leadlag,leadlag_blend_metals_m,2025-04-30,2026-09-30,356,0.5131148472764129,0.565095163233656,0.5700862588098534,0.6609538266554953,0.5131783389959248
EGO,leadlag,leadlag_blend_metals_q,2025-04-30,2026-09-30,356,0.5084564909815583,0.5802366005769786,0.535999863531964,0.6609538266554953,0.5084348974676436
EGO,leadlag,leadlag_blend_market_m,2025-04-30,2026-09-30,356,0.5228035544055385,0.5545359366332356,0.6539952752736835,0.6609538266554953,0.5228558795357512
EGO,leadlag,leadlag_blend_market_q,2025-04-30,2026-09-30,356,0.513372984959569,0.5587174160423685,0.6418078359168407,0.6609538266554953,0.5133023533805802
EGO,asset-pca,asset_pca2,2011-07-29,2026-09-30,3813,0.3916560653344703,0.37221569091737994,0.07839119553541662,-0.04917822023832186,0.3915528575264884
EGO,asset-pca,asset_pca4,2011-07-29,2026-09-30,3813,0.38489027540578924,0.3470221890594217,0.06838615966267647,-0.04917822023832186,0.3847466146376899
EGO,asset-pca,asset_pca6,2011-07-29,2026-09-30,3813,0.3833887727083384,0.34245321896927916,0.11115569516005963,-0.04917822023832186,0.3832444792635453
IAG,sessions,daily126_metals,2011-07-29,2026-09-30,3813,0.39932060438146966,0.4788707556388836,0.08114215157563565,-0.0016000724205259553,0.39914945981998307
IAG,sessions,daily126_market,2011-07-29,2026-09-30,3813,0.4093970806471199,0.4834488988608978,0.13189574687395011,-0.0016000724205259553,0.40909139309959885
IAG,sessions,daily504_metals,2011-07-29,2026-09-30,3813,0.41000611277061316,0.47479384888560716,0.09529870366335014,-0.0016000724205259553,0.4099145148014236
IAG,sessions,daily504_market,2011-07-29,2026-09-30,3813,0.4229375978998613,0.4795589592874536,0.15115551123751914,-0.0016000724205259553,0.42282359989865115
IAG,sessions,daily_ew_metals,2011-07-29,2026-09-30,3813,0.4161764125404277,0.4831229010978382,0.09257960096086904,-0.0016000724205259553,0.41607660141324965
IAG,sessions,daily_ew_market,2011-07-29,2026-09-30,3813,0.4282935566118613,0.4878483178706907,0.148503262669758,-0.0016000724205259553,0.4281637675375515
IAG,sessions,daytime_metals,2011-07-29,2026-09-30,3813,0.3630367216245991,0.46565783619152334,0.05943985959963083,-0.0016000724205259553,0.36261815601858893
IAG,sessions,daytime_market,2011-07-29,2026-09-30,3813,0.37156590350761354,0.4769164944092129,0.09330329616948752,-0.0016000724205259553,0.37086034554679226
IAG,sessions,overnight_metals,2011-07-29,2026-09-30,3813,0.398873937326776,0.45954776444992396,0.1395765376220306,-0.0016000724205259553,0.3988010052845945
IAG,sessions,overnight_market,2011-07-29,2026-09-30,3813,0.4101592945671577,0.47554757652361357,0.1816471930610113,-0.0016000724205259553,0.4100799674967147
IAG,sessions,realized_metals,2011-07-29,2026-09-30,3813,0.4106020313018499,0.4859651423367468,0.11823807710596301,-0.0016000724205259553,0.41048428000685877
IAG,sessions,realized_market,2011-07-29,2026-09-30,3813,0.4218480496790836,0.49934439887846227,0.1548969597153933,-0.0016000724205259553,0.42167243253714914
IAG,sessions,blend_metals,2011-07-29,2026-09-30,3813,0.4081957418434563,0.48962423104440966,0.10073870573984345,-0.0016000724205259553,0.40806234737623703
IAG,sessions,blend_market,2011-07-29,2026-09-30,3813,0.4192674428021941,0.499749420725237,0.1454263965641165,-0.0016000724205259553,0.4190324648453544
IAG,hourly,daily_metals_m,2025-04-30,2026-09-30,356,0.5748551281783014,0.5394494052154453,0.6729668850383035,0.9611691068705812,0.5749308275073151
IAG,hourly,daily_metals_q,2025-04-30,2026-09-30,356,0.5899600667440207,0.5817927094456623,0.640385702463105,0.9611691068705812,0.590014108204195
IAG,hourly,daily_market_m,2025-04-30,2026-09-30,356,0.5888539242279586,0.5391814553674393,0.7401476029662084,0.9611691068705812,0.5888881164843798
IAG,hourly,daily_market_q,2025-04-30,2026-09-30,356,0.5989960061349995,0.5607511148709257,0.6686926110360245,0.9611691068705812,0.5990690120851161
IAG,hourly,intraday_metals_m,2025-04-30,2026-09-30,356,0.5799356367086929,0.5375420184247356,0.717713715904535,0.9611691068705812,0.5800569024176416
IAG,hourly,intraday_metals_q,2025-04-30,2026-09-30,356,0.5736017698898424,0.5693629412748327,0.7581248640917613,0.9611691068705812,0.5736863334178597
IAG,hourly,intraday_market_m,2025-04-30,2026-09-30,356,0.6007021064361302,0.5062640212287502,0.861785061412861,0.9611691068705812,0.6008515298626886
IAG,hourly,intraday_market_q,2025-04-30,2026-09-30,356,0.5943119343901433,0.5355445977268317,0.9135489730937527,0.9611691068705812,0.594433405697421
IAG,hourly,realized_metals_m,2025-04-30,2026-09-30,356,0.5945983641440097,0.5459902357829981,0.5690944046399942,0.9611691068705812,0.5946306495220923
IAG,hourly,realized_metals_q,2025-04-30,2026-09-30,356,0.58856271445844,0.5681153746986813,0.6034702875361035,0.9611691068705812,0.5886107096000452
IAG,hourly,realized_market_m,2025-04-30,2026-09-30,356,0.6089600242602955,0.5332630901787283,0.7134535962198354,0.9611691068705812,0.6090070357755619
IAG,hourly,realized_market_q,2025-04-30,2026-09-30,356,0.6027497728982792,0.5490717118575827,0.7366506528975736,0.9611691068705812,0.6028114741788144
IAG,hourly,blend_metals_m,2025-04-30,2026-09-30,356,0.586958309263415,0.5464653996156263,0.6155526455065614,0.9611691068705812,0.5870129179291148
IAG,hourly,blend_metals_q,2025-04-30,2026-09-30,356,0.5898643409833864,0.5754748960051829,0.6226150831274375,0.9611691068705812,0.5899109130328336
IAG,hourly,blend_market_m,2025-04-30,2026-09-30,356,0.6016722636564424,0.5388206320648162,0.7186467325550812,0.9611691068705812,0.6017248283586808
IAG,hourly,blend_market_q,2025-04-30,2026-09-30,356,0.6027049924138226,0.5545667427028045,0.700759110082654,0.9611691068705812,0.602787244956015
IAG,leadlag,leadlag_metals_m,2025-04-30,2026-09-30,356,0.5671547037266803,0.5050017593560233,0.6556862266305907,0.9611691068705812,0.5672716480039043
IAG,leadlag,leadlag_metals_q,2025-04-30,2026-09-30,356,0.5529062154597653,0.5067932020516955,0.6404470506142419,0.9611691068705812,0.5529853198443695
IAG,leadlag,leadlag_market_m,2025-04-30,2026-09-30,356,0.5880902880329104,0.46725735180686,0.7096329840236033,0.9611691068705812,0.5882819738912787
IAG,leadlag,leadlag_market_q,2025-04-30,2026-09-30,356,0.5695412087488532,0.4578197653154792,0.7662882621532328,0.9611691068705812,0.5697420126790247
IAG,leadlag,leadlag_blend_metals_m,2025-04-30,2026-09-30,356,0.580887021296641,0.5245873050263141,0.6654257612128471,0.9611691068705812,0.5810415668876137
IAG,leadlag,leadlag_blend_metals_q,2025-04-30,2026-09-30,356,0.582090390892197,0.5484866610803139,0.6419472680494849,0.9611691068705812,0.5822127521292307
IAG,leadlag,leadlag_blend_market_m,2025-04-30,2026-09-30,356,0.5988572508627831,0.5087530406778655,0.7273194582284068,0.9611691068705812,0.5990473872701078
IAG,leadlag,leadlag_blend_market_q,2025-04-30,2026-09-30,356,0.5934879289766315,0.5152506276714647,0.7205970720713601,0.9611691068705812,0.5936739360856993
IAG,asset-pca,asset_pca2,2011-07-29,2026-09-30,3813,0.4280763579755148,0.47934714401513756,0.08513076063805713,-0.0016000724205259553,0.4279378360703253
IAG,asset-pca,asset_pca4,2011-07-29,2026-09-30,3813,0.42816958657831383,0.4589618046740003,0.07224594794213335,-0.0016000724205259553,0.4279705487652883
IAG,asset-pca,asset_pca6,2011-07-29,2026-09-30,3813,0.42791699950528916,0.46388278374315506,0.113678488397573,-0.0016000724205259553,0.42769977994059316
BTG,sessions,daily126_metals,2011-07-29,2026-09-30,3813,0.4235195780177191,0.4689023641070431,0.0659352514263134,0.04402137268025097,0.4233301859201467
BTG,sessions,daily126_market,2011-07-29,2026-09-30,3813,0.4325382843000807,0.4772272102669073,0.11600993625013456,0.04402137268025097,0.43219250395996467
BTG,sessions,daily504_metals,2011-07-29,2026-09-30,3813,0.4345995609626436,0.4716186542382679,0.06317610366452842,0.04402137268025097,0.4345117123232305
BTG,sessions,daily504_market,2011-07-29,2026-09-30,3813,0.44342278710541605,0.4811695314190195,0.10762372573108281,0.04402137268025097,0.44332053576053554
BTG,sessions,daily_ew_metals,2011-07-29,2026-09-30,3813,0.43617710539365395,0.4788181353499056,0.06552253759932447,0.04402137268025097,0.43607499482022005
BTG,sessions,daily_ew_market,2011-07-29,2026-09-30,3813,0.44543479796341157,0.4891598739084835,0.11359667085835667,0.04402137268025097,0.44528740862724314
BTG,sessions,daytime_metals,2011-07-29,2026-09-30,3813,0.4024734186516169,0.43333688249191415,0.09965432095124327,0.04402137268025097,0.4020999771165331
BTG,sessions,daytime_market,2011-07-29,2026-09-30,3813,0.4111868081628077,0.43842484823182104,0.13594129974297697,0.04402137268025097,0.41070865887715124
BTG,sessions,overnight_metals,2011-07-29,2026-09-30,3813,0.41970505150890436,0.4562849320887413,0.07832193672110432,0.04402137268025097,0.41961390038552393
BTG,sessions,overnight_market,2011-07-29,2026-09-30,3813,0.4275145330215028,0.4809104915783421,0.12572044376172298,0.04402137268025097,0.4273528241982426
BTG,sessions,realized_metals,2011-07-29,2026-09-30,3813,0.42916407712155324,0.4705994206844799,0.09323826896593301,0.04402137268025097,0.4290374152282498
BTG,sessions,realized_market,2011-07-29,2026-09-30,3813,0.4380629390148425,0.47887212790874045,0.134057056814185,0.04402137268025097,0.43780074877571495
BTG,sessions,blend_metals,2011-07-29,2026-09-30,3813,0.4297211721095857,0.47392803868833666,0.08077811094390519,0.04402137268025097,0.4295712416038544
BTG,sessions,blend_market,2011-07-29,2026-09-30,3813,0.43838970904045194,0.48042639409610977,0.12648749028565742,0.04402137268025097,0.4380975252138789
BTG,hourly,daily_metals_m,2025-04-30,2026-09-30,356,0.5100833526350992,0.5007045753906729,0.48563289744915883,0.45875997307064376,0.5102970809345688
BTG,hourly,daily_metals_q,2025-04-30,2026-09-30,356,0.5098673062801895,0.5210971005437026,0.5205570446123462,0.45875997307064376,0.5098753685949027
BTG,hourly,daily_market_m,2025-04-30,2026-09-30,356,0.5219479394135753,0.5267754802990776,0.5526950400621489,0.45875997307064376,0.5221513027591955
BTG,hourly,daily_market_q,2025-04-30,2026-09-30,356,0.522682991259432,0.5315616336830908,0.6291277384117937,0.45875997307064376,0.5226939422807757
BTG,hourly,intraday_metals_m,2025-04-30,2026-09-30,356,0.4829789104609328,0.4830300202650043,0.6239721308882433,0.45875997307064376,0.48308782439162756
BTG,hourly,intraday_metals_q,2025-04-30,2026-09-30,356,0.4569586871961183,0.4811548139590782,0.6512767022057016,0.45875997307064376,0.45682990185510564
BTG,hourly,intraday_market_m,2025-04-30,2026-09-30,356,0.5010037257209718,0.49577754765907867,0.7571690394866781,0.45875997307064376,0.5011693081265726
BTG,hourly,intraday_market_q,2025-04-30,2026-09-30,356,0.4825616182070599,0.5125405833384262,0.81082931455476,0.45875997307064376,0.4824179916184669
BTG,hourly,realized_metals_m,2025-04-30,2026-09-30,356,0.5056496471618214,0.5010086455291269,0.520283401969337,0.45875997307064376,0.5057484543523957
BTG,hourly,realized_metals_q,2025-04-30,2026-09-30,356,0.49460971088959527,0.5118324004129424,0.5339031102483927,0.45875997307064376,0.49459966430771185
BTG,hourly,realized_market_m,2025-04-30,2026-09-30,356,0.5160736208150429,0.517341244644425,0.6621583197665277,0.45875997307064376,0.5162920793924766
BTG,hourly,realized_market_q,2025-04-30,2026-09-30,356,0.5097453222522603,0.5343672966555258,0.6920158521403648,0.45875997307064376,0.5096981650025196
BTG,hourly,blend_metals_m,2025-04-30,2026-09-30,356,0.5098399842350931,0.5025812048230023,0.5011429652176278,0.45875997307064376,0.5100168599088973
BTG,hourly,blend_metals_q,2025-04-30,2026-09-30,356,0.5046394805577021,0.5180468036854387,0.5266352412095634,0.45875997307064376,0.5046536050007573
BTG,hourly,blend_market_m,2025-04-30,2026-09-30,356,0.5218784442852746,0.5243356817889723,0.6010223607105671,0.45875997307064376,0.5221209451313444
BTG,hourly,blend_market_q,2025-04-30,2026-09-30,356,0.5190792598571242,0.5334798295963078,0.6584109982370789,0.45875997307064376,0.519074834758623
BTG,leadlag,leadlag_metals_m,2025-04-30,2026-09-30,356,0.4911765920123121,0.49720610500247486,0.5262083631279635,0.45875997307064376,0.4912637851000128
BTG,leadlag,leadlag_metals_q,2025-04-30,2026-09-30,356,0.485785066034787,0.5149728071614911,0.5244046645189362,0.45875997307064376,0.4857816614604036
BTG,leadlag,leadlag_market_m,2025-04-30,2026-09-30,356,0.5162138418912645,0.5160465951041145,0.5406916146346432,0.45875997307064376,0.5164236450548156
BTG,leadlag,leadlag_market_q,2025-04-30,2026-09-30,356,0.5111196559996904,0.5200299635980286,0.5897424423173843,0.45875997307064376,0.5111322527741196
BTG,leadlag,leadlag_blend_metals_m,2025-04-30,2026-09-30,356,0.5039983236691232,0.5005011530892408,0.5062852789555465,0.45875997307064376,0.5041582939663893
BTG,leadlag,leadlag_blend_metals_q,2025-04-30,2026-09-30,356,0.5009616303656859,0.519205338618463,0.5226213735768335,0.45875997307064376,0.5009691621471843
BTG,leadlag,leadlag_blend_market_m,2025-04-30,2026-09-30,356,0.522498486495545,0.5235373965416508,0.5473901171826767,0.45875997307064376,0.5227229067282233
BTG,leadlag,leadlag_blend_market_q,2025-04-30,2026-09-30,356,0.5188962131318009,0.527132382646304,0.6097766376579485,0.45875997307064376,0.5189099345850937
BTG,asset-pca,asset_pca2,2011-07-29,2026-09-30,3813,0.44524073264967867,0.47690322288895126,0.05366625767243827,0.04402137268025097,0.4450239350621864
BTG,asset-pca,asset_pca4,2011-07-29,2026-09-30,3813,0.44080938559361227,0.4375833925842534,0.05456901770347078,0.04402137268025097,0.44052445906435256
BTG,asset-pca,asset_pca6,2011-07-29,2026-09-30,3813,0.43982065037268403,0.4255143416725946,0.07976198472341323,0.04402137268025097,0.4395277931256534
OR,sessions,daily126_metals,2019-08-30,2026-09-30,1779,0.42697035571834063,0.5808808112819898,0.2004338874927989,0.16419626486602068,0.4270054872549498
OR,sessions,daily126_market,2019-08-30,2026-09-30,1779,0.4351676153795774,0.606901495132681,0.23684421778097087,0.16419626486602068,0.4351700729344753
OR,sessions,daily504_metals,2019-08-30,2026-09-30,1779,0.4229111763716744,0.5933299657947152,0.19424842671804488,0.16419626486602068,0.4228854560919837
OR,sessions,daily504_market,2019-08-30,2026-09-30,1779,0.4335502950719864,0.621020249235507,0.22601381078887517,0.16419626486602068,0.43352653305012556
OR,sessions,daily_ew_metals,2019-08-30,2026-09-30,1779,0.42800020098263947,0.5920891191214368,0.19164988494668145,0.16419626486602068,0.42798749129118574
OR,sessions,daily_ew_market,2019-08-30,2026-09-30,1779,0.4375540468244674,0.6222321416293779,0.22601800433717734,0.16419626486602068,0.43753958361398393
OR,sessions,daytime_metals,2019-08-30,2026-09-30,1779,0.3507817023762394,0.4288178197028194,0.2772407778163015,0.16419626486602068,0.3506786842563796
OR,sessions,daytime_market,2019-08-30,2026-09-30,1779,0.35990254725810433,0.44130728811528097,0.30429253989646754,0.16419626486602068,0.35953543543540756
OR,sessions,overnight_metals,2019-08-30,2026-09-30,1779,0.42015756877535027,0.5459912156164275,0.22103282237938204,0.16419626486602068,0.4201418114709794
OR,sessions,overnight_market,2019-08-30,2026-09-30,1779,0.4336376131090445,0.6022304709549107,0.2608858182271021,0.16419626486602068,0.43357322579855906
OR,sessions,realized_metals,2019-08-30,2026-09-30,1779,0.41592695557054604,0.5463365723684954,0.2451261714348716,0.16419626486602068,0.4159523140734346
OR,sessions,realized_market,2019-08-30,2026-09-30,1779,0.43124778153106946,0.585237042747743,0.2727818451330033,0.16419626486602068,0.43119713848615304
OR,sessions,blend_metals,2019-08-30,2026-09-30,1779,0.4250609109411353,0.5728659359594881,0.2218417337241687,0.16419626486602068,0.42509941154584274
OR,sessions,blend_market,2019-08-30,2026-09-30,1779,0.43745962496765023,0.6039639512496169,0.25372165140621594,0.16419626486602068,0.4374502345761224
OR,hourly,daily_metals_m,2025-04-30,2026-09-30,356,0.5970773550522364,0.5745303271991995,0.32453832674920413,0.2928831908809981,0.5971416806892653
OR,hourly,daily_metals_q,2025-04-30,2026-09-30,356,0.591813109879522,0.5976517447721268,0.36147649294762685,0.2928831908809981,0.5918162457407921
OR,hourly,daily_market_m,2025-04-30,2026-09-30,356,0.6034927565829964,0.5743472130715115,0.3871831709408424,0.2928831908809981,0.6035396841779413
OR,hourly,daily_market_q,2025-04-30,2026-09-30,356,0.5991684580672354,0.5941793600306365,0.4209284936773692,0.2928831908809981,0.5991301637278106
OR,hourly,intraday_metals_m,2025-04-30,2026-09-30,356,0.5565139598361644,0.5387965638877852,0.5038924088215258,0.2928831908809981,0.556559353299597
OR,hourly,intraday_metals_q,2025-04-30,2026-09-30,356,0.5515953975188486,0.5834693876718691,0.4769701643623969,0.2928831908809981,0.551607637228416
OR,hourly,intraday_market_m,2025-04-30,2026-09-30,356,0.5675238214447974,0.522539075585823,0.6365559289712421,0.2928831908809981,0.5675759855496614
OR,hourly,intraday_market_q,2025-04-30,2026-09-30,356,0.5668529937302773,0.5826644807421051,0.5770419428353957,0.2928831908809981,0.5667841223351007
OR,hourly,realized_metals_m,2025-04-30,2026-09-30,356,0.5915124622056152,0.5704527557044322,0.37287600915096686,0.2928831908809981,0.5915611200406833
OR,hourly,realized_metals_q,2025-04-30,2026-09-30,356,0.5891935148205147,0.6019982437500625,0.37194318669050763,0.2928831908809981,0.5892299861640545
OR,hourly,realized_market_m,2025-04-30,2026-09-30,356,0.595030286570658,0.5653082067655548,0.4986280361154505,0.2928831908809981,0.5950102502150032
OR,hourly,realized_market_q,2025-04-30,2026-09-30,356,0.5927534765801233,0.6005742691642438,0.48128488376047773,0.2928831908809981,0.5926760055282174
OR,hourly,blend_metals_m,2025-04-30,2026-09-30,356,0.5961403231705402,0.5733917362461891,0.3494504953861177,0.2928831908809981,0.5961897661669918
OR,hourly,blend_metals_q,2025-04-30,2026-09-30,356,0.5923680997674474,0.6005900466474466,0.36603761511357735,0.2928831908809981,0.5923897038160504
OR,hourly,blend_market_m,2025-04-30,2026-09-30,356,0.6018054451812553,0.5707092908419049,0.4403655258439718,0.2928831908809981,0.6018188591646652
OR,hourly,blend_market_q,2025-04-30,2026-09-30,356,0.5982842613565043,0.5966220441961627,0.4489001673972688,0.2928831908809981,0.5982283640211592
OR,leadlag,leadlag_metals_m,2025-04-30,2026-09-30,356,0.592685389425619,0.5939203302356004,0.3963286474580898,0.2928831908809981,0.5927862835425779
OR,leadlag,leadlag_metals_q,2025-04-30,2026-09-30,356,0.5445644154531777,0.5084949310016045,0.5398427256778722,0.2928831908809981,0.5446390093067808
OR,leadlag,leadlag_market_m,2025-04-30,2026-09-30,356,0.6007781925274616,0.5814867779970982,0.48640724611287456,0.2928831908809981,0.6008437570838172
OR,leadlag,leadlag_market_q,2025-04-30,2026-09-30,356,0.560852442554151,0.5173580973222749,0.5908715669716373,0.2928831908809981,0.5608758108193963
OR,leadlag,leadlag_blend_metals_m,2025-04-30,2026-09-30,356,0.6001049196085142,0.5872174911684525,0.3605521945775849,0.2928831908809981,0.6001951136552389
OR,leadlag,leadlag_blend_metals_q,2025-04-30,2026-09-30,356,0.5757387736962998,0.5640787746522892,0.4507476353042883,0.2928831908809981,0.5757823817759898
OR,leadlag,leadlag_blend_market_m,2025-04-30,2026-09-30,356,0.6061016059653603,0.5807916117847987,0.4365826085671174,0.2928831908809981,0.6061478140586263
OR,leadlag,leadlag_blend_market_q,2025-04-30,2026-09-30,356,0.5855831937066942,0.5632860211737467,0.5056326291014919,0.2928831908809981,0.585571114956345
OR,asset-pca,asset_pca2,2019-08-30,2026-09-30,1779,0.4372319402235926,0.5821547142963581,0.17118275796585647,0.16419626486602068,0.437194071101324
OR,asset-pca,asset_pca4,2019-08-30,2026-09-30,1779,0.4345903470897292,0.5775797044590385,0.16267042168305812,0.16419626486602068,0.4345487601524315
OR,asset-pca,asset_pca6,2019-08-30,2026-09-30,1779,0.435521235962539,0.59442075599586,0.17624872960260007,0.16419626486602068,0.4355040939522119
DRD,sessions,daily126_metals,2011-07-29,2026-09-30,3813,0.3282979807478086,0.3775490109031967,0.10323767377748094,0.15934295022012335,0.328247795817901
DRD,sessions,daily126_market,2011-07-29,2026-09-30,3813,0.33276419592326467,0.3652837271245484,0.14583226037465713,0.15934295022012335,0.3326699224119051
DRD,sessions,daily504_metals,2011-07-29,2026-09-30,3813,0.3205427302371052,0.3589534012082176,0.10318215239482198,0.15934295022012335,0.32050542811107785
DRD,sessions,daily504_market,2011-07-29,2026-09-30,3813,0.325347992272104,0.3461813773748905,0.13605345450119932,0.15934295022012335,0.3252956420156974
DRD,sessions,daily_ew_metals,2011-07-29,2026-09-30,3813,0.32826867811550586,0.3676367843337277,0.10355865696539457,0.15934295022012335,0.3282179286082526
DRD,sessions,daily_ew_market,2011-07-29,2026-09-30,3813,0.33397028318777966,0.35525333042091256,0.14000646748433865,0.15934295022012335,0.33390343161963454
DRD,sessions,daytime_metals,2011-07-29,2026-09-30,3813,0.2970502994583223,0.27946666489101024,0.11271213588763818,0.15934295022012335,0.2969503831966126
DRD,sessions,daytime_market,2011-07-29,2026-09-30,3813,0.30299010558407813,0.2698936697675378,0.1518369666771462,0.15934295022012335,0.3028370600607835
DRD,sessions,overnight_metals,2011-07-29,2026-09-30,3813,0.3125769022200443,0.3340147093843763,0.1527118959747935,0.15934295022012335,0.312528872925218
DRD,sessions,overnight_market,2011-07-29,2026-09-30,3813,0.3188712157414394,0.3319573027408206,0.18832191715639857,0.15934295022012335,0.31880079081273216
DRD,sessions,realized_metals,2011-07-29,2026-09-30,3813,0.32293714704790366,0.3371004398050258,0.1447685947273527,0.15934295022012335,0.3229061441331441
DRD,sessions,realized_market,2011-07-29,2026-09-30,3813,0.32909430261252925,0.3266631779861813,0.17691725289412097,0.15934295022012335,0.3290293035658023
DRD,sessions,blend_metals,2011-07-29,2026-09-30,3813,0.32735838586363,0.3618821407265743,0.11999940862776448,0.15934295022012335,0.32731167240043124
DRD,sessions,blend_market,2011-07-29,2026-09-30,3813,0.3331675037137052,0.35060475816622605,0.15674814509695323,0.15934295022012335,0.33308327518679015
DRD,hourly,daily_metals_m,2025-04-30,2026-09-30,356,0.5064134166160759,0.5414532141266697,0.6312299868948335,0.446885604144464,0.506490337920658
DRD,hourly,daily_metals_q,2025-04-30,2026-09-30,356,0.5009900532754088,0.5615623248480227,0.5609363790231461,0.446885604144464,0.5011081015982587
DRD,hourly,daily_market_m,2025-04-30,2026-09-30,356,0.514035746312411,0.5345769038376864,0.6713717180418959,0.446885604144464,0.5141036279013922
DRD,hourly,daily_market_q,2025-04-30,2026-09-30,356,0.5073155659112736,0.5497567586754406,0.6240965933372424,0.446885604144464,0.5074113698182896
DRD,hourly,intraday_metals_m,2025-04-30,2026-09-30,356,0.5006528861584415,0.5041479120273971,0.6392392386871422,0.446885604144464,0.5007426481941756
DRD,hourly,intraday_metals_q,2025-04-30,2026-09-30,356,0.4642823256838954,0.5215817099640045,0.6758677012405425,0.446885604144464,0.4643727199067913
DRD,hourly,intraday_market_m,2025-04-30,2026-09-30,356,0.5142926164707728,0.5044412249436481,0.6886969563381777,0.446885604144464,0.5144260884305094
DRD,hourly,intraday_market_q,2025-04-30,2026-09-30,356,0.48304029999821385,0.5249202006328992,0.6975172587359846,0.446885604144464,0.48321337377041407
DRD,hourly,realized_metals_m,2025-04-30,2026-09-30,356,0.5183233008188791,0.553770455061181,0.6300346350443109,0.446885604144464,0.5182964874135352
DRD,hourly,realized_metals_q,2025-04-30,2026-09-30,356,0.48534720325088676,0.5588802606039556,0.6071747533198184,0.446885604144464,0.48537215501314057
DRD,hourly,realized_market_m,2025-04-30,2026-09-30,356,0.5233297805692201,0.5465839265644812,0.7347996785978128,0.446885604144464,0.5233063017195424
DRD,hourly,realized_market_q,2025-04-30,2026-09-30,356,0.4901197474745099,0.5516536810870696,0.7103504107408105,0.446885604144464,0.490144847653637
DRD,hourly,blend_metals_m,2025-04-30,2026-09-30,356,0.5133424023596198,0.5493678272947111,0.6284861827457853,0.446885604144464,0.513366163304635
DRD,hourly,blend_metals_q,2025-04-30,2026-09-30,356,0.4945862705881833,0.561599973117684,0.580984386226878,0.446885604144464,0.4946717918977097
DRD,hourly,blend_market_m,2025-04-30,2026-09-30,356,0.5207779507046999,0.5414469892928342,0.6935241160123902,0.446885604144464,0.5208040488184713
DRD,hourly,blend_market_q,2025-04-30,2026-09-30,356,0.5010393776819557,0.5513971728310674,0.6559539066474043,0.446885604144464,0.5011040478560596
DRD,leadlag,leadlag_metals_m,2025-04-30,2026-09-30,356,0.4745309123429001,0.44482915442191995,0.6366802201431092,0.446885604144464,0.47456764767453696
DRD,leadlag,leadlag_metals_q,2025-04-30,2026-09-30,356,0.4442282512642456,0.44079437978200264,0.6523736703269141,0.446885604144464,0.44424234954506514
DRD,leadlag,leadlag_market_m,2025-04-30,2026-09-30,356,0.49444019612626944,0.44497675204964304,0.6493832250609368,0.446885604144464,0.49453656182440897
DRD,leadlag,leadlag_market_q,2025-04-30,2026-09-30,356,0.47040717464233905,0.44171496610531014,0.6579141653121543,0.446885604144464,0.47050581692913607
DRD,leadlag,leadlag_blend_metals_m,2025-04-30,2026-09-30,356,0.5001215659538145,0.49721133725675604,0.6357098490558886,0.446885604144464,0.5001979158613539
DRD,leadlag,leadlag_blend_metals_q,2025-04-30,2026-09-30,356,0.4823347321157174,0.5069350619654842,0.6077605500390408,0.446885604144464,0.48242097844344434
DRD,leadlag,leadlag_blend_market_m,2025-04-30,2026-09-30,356,0.514160222778326,0.49464077105740656,0.6623954475883429,0.446885604144464,0.514266295520637
DRD,leadlag,leadlag_blend_market_q,2025-04-30,2026-09-30,356,0.49744528378504904,0.5000620043592872,0.6422317396116262,0.446885604144464,0.49755467401968634
DRD,asset-pca,asset_pca2,2011-07-29,2026-09-30,3813,0.3370164494581962,0.33371025188069103,0.07301541920785337,0.15934295022012335,0.3369226064267573
DRD,asset-pca,asset_pca4,2011-07-29,2026-09-30,3813,0.3343673563358671,0.3198959777282633,0.06988775432680217,0.15934295022012335,0.33427943219544853
DRD,asset-pca,asset_pca6,2011-07-29,2026-09-30,3813,0.33174373581840544,0.31339684088549724,0.1061681879164671,0.15934295022012335,0.3316440705986604
SSRM,sessions,daily126_metals,2011-07-29,2026-09-30,3813,0.3892319546237296,0.37521177337710354,0.02947070591005163,0.016258625113032332,0.3891747704012767
SSRM,sessions,daily126_market,2011-07-29,2026-09-30,3813,0.40313883952933327,0.3696881804029515,0.07566962229331176,0.016258625113032332,0.4029954098908035
SSRM,sessions,daily504_metals,2011-07-29,2026-09-30,3813,0.39977779200369135,0.3930584011866042,0.05363787823067456,0.016258625113032332,0.39974815471006786
SSRM,sessions,daily504_market,2011-07-29,2026-09-30,3813,0.414470966682953,0.3858666685619746,0.1145512914623299,0.016258625113032332,0.4144309657385622
SSRM,sessions,daily_ew_metals,2011-07-29,2026-09-30,3813,0.40305537697005767,0.39332871708658357,0.05117110861855334,0.016258625113032332,0.40303784731479564
SSRM,sessions,daily_ew_market,2011-07-29,2026-09-30,3813,0.41777989966505813,0.38844238156024324,0.11029227509681538,0.016258625113032332,0.4177335874231184
SSRM,sessions,daytime_metals,2011-07-29,2026-09-30,3813,0.36385151370942925,0.3645293133750823,0.017435390227933167,0.016258625113032332,0.36379962407507904
SSRM,sessions,daytime_market,2011-07-29,2026-09-30,3813,0.3787102481442721,0.3710029890710794,0.051705199686919556,0.016258625113032332,0.3785539498821565
SSRM,sessions,overnight_metals,2011-07-29,2026-09-30,3813,0.38328893746800374,0.35368933946752146,0.09691217439485689,0.016258625113032332,0.3832690156502564
SSRM,sessions,overnight_market,2011-07-29,2026-09-30,3813,0.3974942897625272,0.35737386440847274,0.14683576704452572,0.016258625113032332,0.3974413663568829
SSRM,sessions,realized_metals,2011-07-29,2026-09-30,3813,0.40030713786692806,0.3751345215284332,0.07379965276266542,0.016258625113032332,0.40029835301183714
SSRM,sessions,realized_market,2011-07-29,2026-09-30,3813,0.41342031285028935,0.3842483917420837,0.11509975496948721,0.016258625113032332,0.4133855833652269
SSRM,sessions,blend_metals,2011-07-29,2026-09-30,3813,0.3979219324897354,0.3788314737449209,0.05281454863760526,0.016258625113032332,0.39791647256721263
SSRM,sessions,blend_market,2011-07-29,2026-09-30,3813,0.4117357324366443,0.3803092913164067,0.09632818527885356,0.016258625113032332,0.41168446483702803
SSRM,hourly,daily_metals_m,2025-04-30,2026-09-30,356,0.4635077791861515,0.2211982709084348,0.43920751199562447,1.2373650759699815,0.46371734670138753
SSRM,hourly,daily_metals_q,2025-04-30,2026-09-30,356,0.467467471494178,0.2570454274351267,0.5292751599217038,1.2373650759699815,0.46771526087561477
SSRM,hourly,daily_market_m,2025-04-30,2026-09-30,356,0.47291680188241225,0.23329534014281073,0.5528708649772851,1.2373650759699815,0.47311550950829573
SSRM,hourly,daily_market_q,2025-04-30,2026-09-30,356,0.48066495518717745,0.2610925090124745,0.635566455797343,1.2373650759699815,0.4810185551673368
SSRM,hourly,intraday_metals_m,2025-04-30,2026-09-30,356,0.4613445793791454,0.2430162821838997,0.5612395542988913,1.2373650759699815,0.4614615847832415
SSRM,hourly,intraday_metals_q,2025-04-30,2026-09-30,356,0.4506223631986698,0.2122451395017806,0.6739782030206811,1.2373650759699815,0.45082245106234076
SSRM,hourly,intraday_market_m,2025-04-30,2026-09-30,356,0.4808167515888093,0.25460554294853055,0.6914238540025994,1.2373650759699815,0.48102527759780433
SSRM,hourly,intraday_market_q,2025-04-30,2026-09-30,356,0.47365251909584327,0.24910633457007392,0.811035363476273,1.2373650759699815,0.4739112492030344
SSRM,hourly,realized_metals_m,2025-04-30,2026-09-30,356,0.47183101214860734,0.24884375917247636,0.4725355734909733,1.2373650759699815,0.47198313624392896
SSRM,hourly,realized_metals_q,2025-04-30,2026-09-30,356,0.46907225549365317,0.23613831043427058,0.5475189469595543,1.2373650759699815,0.4692780539478002
SSRM,hourly,realized_market_m,2025-04-30,2026-09-30,356,0.48467810661897637,0.2615346067719302,0.6290037549265703,1.2373650759699815,0.4849011960486278
SSRM,hourly,realized_market_q,2025-04-30,2026-09-30,356,0.4834659131858443,0.2664751967579978,0.7044204681378579,1.2373650759699815,0.483687378401486
SSRM,hourly,blend_metals_m,2025-04-30,2026-09-30,356,0.4706771718184689,0.24046409771243127,0.4518949902247309,1.2373650759699815,0.4708454562492036
SSRM,hourly,blend_metals_q,2025-04-30,2026-09-30,356,0.4712968378289847,0.24882655180098145,0.5380487761084234,1.2373650759699815,0.4715305172153359
SSRM,hourly,blend_market_m,2025-04-30,2026-09-30,356,0.48231529565833653,0.2521714661655492,0.5790395027781301,1.2373650759699815,0.4825279405759936
SSRM,hourly,blend_market_q,2025-04-30,2026-09-30,356,0.4852407106286941,0.26352083668933046,0.6642548754833906,1.2373650759699815,0.4855340975295037
SSRM,leadlag,leadlag_metals_m,2025-04-30,2026-09-30,356,0.455924245290223,0.21340021594837133,0.5290980603566013,1.2373650759699815,0.45609355907931093
SSRM,leadlag,leadlag_metals_q,2025-04-30,2026-09-30,356,0.4418410385484519,0.1695715598553693,0.6103563378978976,1.2373650759699815,0.44207598653561764
SSRM,leadlag,leadlag_market_m,2025-04-30,2026-09-30,356,0.4708394686333345,0.21222032466946195,0.5780557019044577,1.2373650759699815,0.47114252041724314
SSRM,leadlag,leadlag_market_q,2025-04-30,2026-09-30,356,0.4546806001792907,0.17923905944260132,0.671224608374096,1.2373650759699815,0.45501260724861914
SSRM,leadlag,leadlag_blend_metals_m,2025-04-30,2026-09-30,356,0.46331694183960936,0.21890962440685446,0.4842975852381144,1.2373650759699815,0.4634976560118531
SSRM,leadlag,leadlag_blend_metals_q,2025-04-30,2026-09-30,356,0.45824147423453987,0.21630508641910473,0.5703786173214227,1.2373650759699815,0.4584940407724619
SSRM,leadlag,leadlag_blend_market_m,2025-04-30,2026-09-30,356,0.4761760866958018,0.2252662017663254,0.5666590921443668,1.2373650759699815,0.47642390988714545
SSRM,leadlag,leadlag_blend_market_q,2025-04-30,2026-09-30,356,0.4701839844945864,0.2223810558145206,0.6543272892654046,1.2373650759699815,0.4705282322858766
SSRM,asset-pca,asset_pca2,2011-07-29,2026-09-30,3813,0.4053493651046367,0.3675393729749078,0.03745590738833893,0.016258625113032332,0.4052577654953837
SSRM,asset-pca,asset_pca4,2011-07-29,2026-09-30,3813,0.41127683000273074,0.3538955884743116,0.024924720224289043,0.016258625113032332,0.4111689508227372
SSRM,asset-pca,asset_pca6,2011-07-29,2026-09-30,3813,0.4138654577592503,0.34569559951754025,0.06970482092263253,0.016258625113032332,0.41379321095166655
CDE,sessions,daily126_metals,2011-07-29,2026-09-30,3813,0.39382734054369917,0.4394401645698156,0.11864396720929338,-0.028447623854193083,0.393849905268022
CDE,sessions,daily126_market,2011-07-29,2026-09-30,3813,0.4391923096727621,0.46668802746060967,0.20052486651802282,-0.028447623854193083,0.4392266700001556
CDE,sessions,daily504_metals,2011-07-29,2026-09-30,3813,0.38585050200107573,0.43371159126193604,0.11076533279800871,-0.028447623854193083,0.38583305605083085
CDE,sessions,daily504_market,2011-07-29,2026-09-30,3813,0.43217735289118175,0.4556488245055972,0.21703099879538912,-0.028447623854193083,0.4321709940664975
CDE,sessions,daily_ew_metals,2011-07-29,2026-09-30,3813,0.39420275819404804,0.4403778060203164,0.11215020360674166,-0.028447623854193083,0.3942158068900068
CDE,sessions,daily_ew_market,2011-07-29,2026-09-30,3813,0.4399443395621855,0.46315298197549726,0.2126984177561786,-0.028447623854193083,0.43996832572890865
CDE,sessions,daytime_metals,2011-07-29,2026-09-30,3813,0.38126341338940184,0.4279321496130145,0.11408268654008191,-0.028447623854193083,0.3811173825183787
CDE,sessions,daytime_market,2011-07-29,2026-09-30,3813,0.43160833509642405,0.4589435796947825,0.19456403283154344,-0.028447623854193083,0.4314476367833896
CDE,sessions,overnight_metals,2011-07-29,2026-09-30,3813,0.3699647184457483,0.4236025479680994,0.157701556766477,-0.028447623854193083,0.37004720021607207
CDE,sessions,overnight_market,2011-07-29,2026-09-30,3813,0.4067458541750004,0.44619260319661336,0.2192991754592919,-0.028447623854193083,0.40680579613239043
CDE,sessions,realized_metals,2011-07-29,2026-09-30,3813,0.38997941457500607,0.43951519928937544,0.15086690367637234,-0.028447623854193083,0.3899464898500917
CDE,sessions,realized_market,2011-07-29,2026-09-30,3813,0.43459475386363766,0.46363381193290865,0.2287910892588314,-0.028447623854193083,0.4346196221502131
CDE,sessions,blend_metals,2011-07-29,2026-09-30,3813,0.39420286746531763,0.4422594151479735,0.13622728470659795,-0.028447623854193083,0.3941964049710289
CDE,sessions,blend_market,2011-07-29,2026-09-30,3813,0.4393135849536698,0.4660688938681332,0.21760235959740037,-0.028447623854193083,0.439326889062847
CDE,hourly,daily_metals_m,2025-04-30,2026-09-30,356,0.4630871596793862,0.3181634157442863,0.9275493838156181,1.257559075582698,0.46322462049186297
CDE,hourly,daily_metals_q,2025-04-30,2026-09-30,356,0.45557132671156575,0.3205241241377469,0.9710980359709218,1.257559075582698,0.4555613722906511
CDE,hourly,daily_market_m,2025-04-30,2026-09-30,356,0.510776256662429,0.36379021298733105,1.1237686510095206,1.257559075582698,0.5109873942892913
CDE,hourly,daily_market_q,2025-04-30,2026-09-30,356,0.5022969532020684,0.371701572374844,1.1634608505572328,1.257559075582698,0.5023576310665302
CDE,hourly,intraday_metals_m,2025-04-30,2026-09-30,356,0.4503964753900389,0.38673470066770765,0.8600347833946898,1.257559075582698,0.45055583937081034
CDE,hourly,intraday_metals_q,2025-04-30,2026-09-30,356,0.42684892146954745,0.3838519189721583,0.8665034847895374,1.257559075582698,0.42665932928721306
CDE,hourly,intraday_market_m,2025-04-30,2026-09-30,356,0.49367287964637374,0.4415167280736626,1.1066223271268152,1.257559075582698,0.4938391768599847
CDE,hourly,intraday_market_q,2025-04-30,2026-09-30,356,0.47339755201912714,0.45858311415057174,1.1337056342584253,1.257559075582698,0.4732867283391011
CDE,hourly,realized_metals_m,2025-04-30,2026-09-30,356,0.4585425485757193,0.3958071257168001,0.8234290347438651,1.257559075582698,0.45865290522095536
CDE,hourly,realized_metals_q,2025-04-30,2026-09-30,356,0.44245585299024415,0.38882472316088856,0.8465042469743396,1.257559075582698,0.4423126819145702
CDE,hourly,realized_market_m,2025-04-30,2026-09-30,356,0.4938193085264435,0.4452984291185085,1.050363806004596,1.257559075582698,0.49384696448437904
CDE,hourly,realized_market_q,2025-04-30,2026-09-30,356,0.4765580118524113,0.44761739528059974,1.096380057348882,1.257559075582698,0.47644318860738744
CDE,hourly,blend_metals_m,2025-04-30,2026-09-30,356,0.46595183763164605,0.3650418237110613,0.8796582874410723,1.257559075582698,0.46609522112398627
CDE,hourly,blend_metals_q,2025-04-30,2026-09-30,356,0.45295876419123016,0.3552242349379888,0.9175190241763056,1.257559075582698,0.45288773763246715
CDE,hourly,blend_market_m,2025-04-30,2026-09-30,356,0.509435451985689,0.4110535692987617,1.0741003159220206,1.257559075582698,0.5095628197631477
CDE,hourly,blend_market_q,2025-04-30,2026-09-30,356,0.49446880560566275,0.40758615118817854,1.1514454574131885,1.257559075582698,0.49445938489334174
CDE,leadlag,leadlag_metals_m,2025-04-30,2026-09-30,356,0.47659539437670395,0.36833288359321137,0.8065509398709256,1.257559075582698,0.4769653620996739
CDE,leadlag,leadlag_metals_q,2025-04-30,2026-09-30,356,0.452653588259585,0.3520084076750494,0.8948158346006416,1.257559075582698,0.4525746375135137
CDE,leadlag,leadlag_market_m,2025-04-30,2026-09-30,356,0.5190854494052348,0.39403262646839177,0.9239868024594105,1.257559075582698,0.5193892097411492
CDE,leadlag,leadlag_market_q,2025-04-30,2026-09-30,356,0.49601117394712846,0.3692267779993632,1.0140654528360766,1.257559075582698,0.49607754818312666
CDE,leadlag,leadlag_blend_metals_m,2025-04-30,2026-09-30,356,0.4742194016138628,0.34636032763862523,0.8678561150123338,1.257559075582698,0.47448303967154615
CDE,leadlag,leadlag_blend_metals_q,2025-04-30,2026-09-30,356,0.4585290182802596,0.33857097992978114,0.9335785332961497,1.257559075582698,0.458496119373035
CDE,leadlag,leadlag_blend_market_m,2025-04-30,2026-09-30,356,0.5189181185259868,0.3831884527025011,1.0236283523031475,1.257559075582698,0.5191878299012267
CDE,leadlag,leadlag_blend_market_q,2025-04-30,2026-09-30,356,0.5014970615390506,0.37240786266560566,1.0889719345511315,1.257559075582698,0.5015642868999131
CDE,asset-pca,asset_pca2,2011-07-29,2026-09-30,3813,0.3952731399576327,0.41560342606935685,0.12236842003496817,-0.028447623854193083,0.3952965010915366
CDE,asset-pca,asset_pca4,2011-07-29,2026-09-30,3813,0.42192722647258163,0.44749486279775597,0.1222471341311373,-0.028447623854193083,0.4219388265925328
CDE,asset-pca,asset_pca6,2011-07-29,2026-09-30,3813,0.43761881069301645,0.45561923830424433,0.17887306413508974,-0.028447623854193083,0.4376829464276316
EQX,sessions,daily126_metals,2022-02-28,2026-09-30,1151,0.4730921705818413,0.5393726479676781,0.3430473408754293,0.10414377656107332,0.4729091135315626
EQX,sessions,daily126_market,2022-02-28,2026-09-30,1151,0.4805518905375654,0.5635662842451501,0.34191754466363244,0.10414377656107332,0.48021809666865756
EQX,sessions,daily504_metals,2022-02-28,2026-09-30,1151,0.45230320676899916,0.5127711205340659,0.3912240581453421,0.10414377656107332,0.4521847747745982
EQX,sessions,daily504_market,2022-02-28,2026-09-30,1151,0.4698094553192894,0.5390026546507094,0.431311552310754,0.10414377656107332,0.4696761518360293
EQX,sessions,daily_ew_metals,2022-02-28,2026-09-30,1151,0.46775398206751484,0.5317163286734068,0.3751809800302359,0.10414377656107332,0.4675858662824519
EQX,sessions,daily_ew_market,2022-02-28,2026-09-30,1151,0.4813897805731191,0.5553335693361487,0.4044823073538073,0.10414377656107332,0.4811972180441668
EQX,sessions,daytime_metals,2022-02-28,2026-09-30,1151,0.4633722377212026,0.5444297008576556,0.3320652988689454,0.10414377656107332,0.46310650585227386
EQX,sessions,daytime_market,2022-02-28,2026-09-30,1151,0.467636997560437,0.5615286286475545,0.2857432649169369,0.10414377656107332,0.46722465198783236
EQX,sessions,overnight_metals,2022-02-28,2026-09-30,1151,0.44769780317123464,0.4989644480044252,0.3231709783501773,0.10414377656107332,0.44753075242346385
EQX,sessions,overnight_market,2022-02-28,2026-09-30,1151,0.4533320320024693,0.5103416222468078,0.39671811359839726,0.10414377656107332,0.45316388816189956
EQX,sessions,realized_metals,2022-02-28,2026-09-30,1151,0.4766381283088805,0.5315370227255031,0.33912408606431343,0.10414377656107332,0.4764766443976046
EQX,sessions,realized_market,2022-02-28,2026-09-30,1151,0.48547809196974645,0.5481390092245986,0.34741257999779407,0.10414377656107332,0.48525215570038505
EQX,sessions,blend_metals,2022-02-28,2026-09-30,1151,0.47776409592975166,0.5420556785689739,0.3464957860351803,0.10414377656107332,0.4775765868455406
EQX,sessions,blend_market,2022-02-28,2026-09-30,1151,0.4867990607192989,0.560029569077938,0.3477006306068884,0.10414377656107332,0.4865258615950492
EQX,hourly,daily_metals_m,2025-04-30,2026-09-30,356,0.524453522063729,0.5027321326724803,0.43179226120923575,0.43225636430715153,0.5247572978011319
EQX,hourly,daily_metals_q,2025-04-30,2026-09-30,356,0.5371030573715857,0.5421042624028934,0.4688824654714032,0.43225636430715153,0.5373359827280784
EQX,hourly,daily_market_m,2025-04-30,2026-09-30,356,0.525715537742752,0.5017255769775311,0.5029202416010614,0.43225636430715153,0.5260542778226549
EQX,hourly,daily_market_q,2025-04-30,2026-09-30,356,0.5448053001743046,0.5351003983109834,0.48095296996307413,0.43225636430715153,0.5451047265132543
EQX,hourly,intraday_metals_m,2025-04-30,2026-09-30,356,0.5252132563375534,0.521346715692217,0.4851377159949113,0.43225636430715153,0.5255439992464224
EQX,hourly,intraday_metals_q,2025-04-30,2026-09-30,356,0.5104553530028273,0.5273021304239622,0.6252029839333251,0.43225636430715153,0.5107661937929189
EQX,hourly,intraday_market_m,2025-04-30,2026-09-30,356,0.5431492024508835,0.5144112037977281,0.5521637037078282,0.43225636430715153,0.5435170532026026
EQX,hourly,intraday_market_q,2025-04-30,2026-09-30,356,0.530245085660429,0.5181636781289729,0.6920387458950712,0.43225636430715153,0.530642197873701
EQX,hourly,realized_metals_m,2025-04-30,2026-09-30,356,0.53055300057349,0.5179519825412084,0.4643037047282441,0.43225636430715153,0.5308057959566441
EQX,hourly,realized_metals_q,2025-04-30,2026-09-30,356,0.5249233047639809,0.5243262821013759,0.4848568806052709,0.43225636430715153,0.5251562494028337
EQX,hourly,realized_market_m,2025-04-30,2026-09-30,356,0.5390013627953114,0.5117981065415695,0.5852834318498596,0.43225636430715153,0.5393122597801292
EQX,hourly,realized_market_q,2025-04-30,2026-09-30,356,0.5317702349061083,0.5111510356190727,0.6085213603772,0.43225636430715153,0.5320465265348021
EQX,hourly,blend_metals_m,2025-04-30,2026-09-30,356,0.5289929021582441,0.5127939684056833,0.4464475716480729,0.43225636430715153,0.5292719308577478
EQX,hourly,blend_metals_q,2025-04-30,2026-09-30,356,0.532060556871581,0.5336995643789784,0.47558458242733503,0.43225636430715153,0.5322922010424659
EQX,hourly,blend_market_m,2025-04-30,2026-09-30,356,0.5349613897680991,0.5099191971365831,0.5399536686570976,0.43225636430715153,0.5353024768085217
EQX,hourly,blend_market_q,2025-04-30,2026-09-30,356,0.5399877841794747,0.5228828669809741,0.5420310445521892,0.43225636430715153,0.5402853512916748
EQX,leadlag,leadlag_metals_m,2025-04-30,2026-09-30,356,0.502130728895161,0.4668320330683954,0.5168058235680419,0.43225636430715153,0.5024211136545932
EQX,leadlag,leadlag_metals_q,2025-04-30,2026-09-30,356,0.496291712031235,0.46989812348907034,0.5505339486096585,0.43225636430715153,0.49654940368770095
EQX,leadlag,leadlag_market_m,2025-04-30,2026-09-30,356,0.523891701818264,0.46879224237538597,0.5271785933232462,0.43225636430715153,0.5241907473257669
EQX,leadlag,leadlag_market_q,2025-04-30,2026-09-30,356,0.5204924396986904,0.44985999148235534,0.5279814840830555,0.43225636430715153,0.5208849728264165
EQX,leadlag,leadlag_blend_metals_m,2025-04-30,2026-09-30,356,0.5209771012440908,0.4860328853983873,0.4744676041203686,0.43225636430715153,0.5212779744992502
EQX,leadlag,leadlag_blend_metals_q,2025-04-30,2026-09-30,356,0.5248800391038413,0.5117149483803365,0.5112737225097335,0.43225636430715153,0.5251532236740271
EQX,leadlag,leadlag_blend_market_m,2025-04-30,2026-09-30,356,0.5330364017872674,0.487882323502272,0.5162410178649195,0.43225636430715153,0.5333621988308048
EQX,leadlag,leadlag_blend_market_q,2025-04-30,2026-09-30,356,0.5393974960183028,0.4971843257184181,0.5065570764789835,0.43225636430715153,0.5397388243085951
EQX,asset-pca,asset_pca2,2022-02-28,2026-09-30,1151,0.47737696146806263,0.5385471933206916,0.2812909149038689,0.10414377656107332,0.4771543142161562
EQX,asset-pca,asset_pca4,2022-02-28,2026-09-30,1151,0.4826362113657299,0.5393850530410121,0.253754558295868,0.10414377656107332,0.4823655151504852
EQX,asset-pca,asset_pca6,2022-02-28,2026-09-30,1151,0.4818809627867412,0.5609411188944311,0.3054650082126418,0.10414377656107332,0.48158720539071576
SA,sessions,daily126_metals,2011-07-29,2026-09-30,3813,0.376301845759222,0.4417635842720882,0.06749677356631456,0.0015993937484564125,0.3762660390801381
SA,sessions,daily126_market,2011-07-29,2026-09-30,3813,0.3857067429161368,0.4597996849281103,0.11950423158017709,0.0015993937484564125,0.38554446308023815
SA,sessions,daily504_metals,2011-07-29,2026-09-30,3813,0.3811087511664778,0.4460929883713457,0.09319109916277579,0.0015993937484564125,0.3810434918105089
SA,sessions,daily504_market,2011-07-29,2026-09-30,3813,0.3924725268881788,0.4538923435074508,0.1529771083563718,0.0015993937484564125,0.3923846975782733
SA,sessions,daily_ew_metals,2011-07-29,2026-09-30,3813,0.389313132878212,0.455886380017426,0.08677667440911208,0.0015993937484564125,0.38926030866728945
SA,sessions,daily_ew_market,2011-07-29,2026-09-30,3813,0.4002686036676876,0.46972433555050064,0.14798999775543975,0.0015993937484564125,0.40017721505626813
SA,sessions,daytime_metals,2011-07-29,2026-09-30,3813,0.33899944727726283,0.41713999469203944,0.07680540322674867,0.0015993937484564125,0.33872766034454616
SA,sessions,daytime_market,2011-07-29,2026-09-30,3813,0.3466101003030002,0.4386751166785613,0.1309521927834616,0.0015993937484564125,0.34622358346587656
SA,sessions,overnight_metals,2011-07-29,2026-09-30,3813,0.3656306005799097,0.40880728794213683,0.11457697627617303,0.0015993937484564125,0.36560854981404434
SA,sessions,overnight_market,2011-07-29,2026-09-30,3813,0.37821523845890725,0.443391830922365,0.16273312764078285,0.0015993937484564125,0.37816905581781124
SA,sessions,realized_metals,2011-07-29,2026-09-30,3813,0.38526764547525516,0.44895236243452297,0.10679034715364444,0.0015993937484564125,0.38523214440392406
SA,sessions,realized_market,2011-07-29,2026-09-30,3813,0.3965990878788337,0.4799855389149954,0.15709143061965247,0.0015993937484564125,0.39651317130148644
SA,sessions,blend_metals,2011-07-29,2026-09-30,3813,0.3851013021315085,0.44958691152365016,0.08873876012662119,0.0015993937484564125,0.3850809267993581
SA,sessions,blend_market,2011-07-29,2026-09-30,3813,0.39539584442516584,0.47414844327376016,0.14074820318406434,0.0015993937484564125,0.3952926375189867
SA,hourly,daily_metals_m,2025-04-30,2026-09-30,356,0.5076259401042118,0.46670694025930326,0.7059635416386316,0.7875520452897302,0.507594982557974
SA,hourly,daily_metals_q,2025-04-30,2026-09-30,356,0.5147655698394432,0.5376995595237162,0.702762521684464,0.7875520452897302,0.5146703119330907
SA,hourly,daily_market_m,2025-04-30,2026-09-30,356,0.5408364271983063,0.5065973288521146,0.8308569160403239,0.7875520452897302,0.5407948363511546
SA,hourly,daily_market_q,2025-04-30,2026-09-30,356,0.5440208667439912,0.55576838109305,0.8022793365726169,0.7875520452897302,0.5439063584725523
SA,hourly,intraday_metals_m,2025-04-30,2026-09-30,356,0.4838958931561279,0.5243714632259386,0.7357424387846934,0.7875520452897302,0.4838768791191026
SA,hourly,intraday_metals_q,2025-04-30,2026-09-30,356,0.4865780464294912,0.5270849187602102,0.7176602929232481,0.7875520452897302,0.4863752142656893
SA,hourly,intraday_market_m,2025-04-30,2026-09-30,356,0.521063754109959,0.5660070264263797,0.9066830229429885,0.7875520452897302,0.521037448419921
SA,hourly,intraday_market_q,2025-04-30,2026-09-30,356,0.5248025549226927,0.5581003176939512,0.8653506057959044,0.7875520452897302,0.5246522476847478
SA,hourly,realized_metals_m,2025-04-30,2026-09-30,356,0.5196797110296199,0.5268581883368268,0.5608596980419434,0.7875520452897302,0.5196627608705905
SA,hourly,realized_metals_q,2025-04-30,2026-09-30,356,0.5177924644003168,0.5258145810202969,0.5535779024475667,0.7875520452897302,0.5177335259138647
SA,hourly,realized_market_m,2025-04-30,2026-09-30,356,0.5453651159158035,0.562328639136009,0.7363836945518474,0.7875520452897302,0.5453402904090741
SA,hourly,realized_market_q,2025-04-30,2026-09-30,356,0.5419346258091571,0.5522736346872497,0.726495800134711,0.7875520452897302,0.5418599988928237
SA,hourly,blend_metals_m,2025-04-30,2026-09-30,356,0.5174194567805697,0.5008885914142939,0.63205735198848,0.7875520452897302,0.5173856238010086
SA,hourly,blend_metals_q,2025-04-30,2026-09-30,356,0.5174614076175115,0.5322895061106219,0.6332847547843967,0.7875520452897302,0.5173832185231031
SA,hourly,blend_market_m,2025-04-30,2026-09-30,356,0.5472074596952212,0.5382399474543281,0.7822921090527166,0.7875520452897302,0.5471750455162677
SA,hourly,blend_market_q,2025-04-30,2026-09-30,356,0.5448496871223076,0.5541749047516824,0.7714491297535411,0.7875520452897302,0.5447596399797268
SA,leadlag,leadlag_metals_m,2025-04-30,2026-09-30,356,0.4955466452078364,0.524957509472757,0.6856910570301871,0.7875520452897302,0.4956096637251006
SA,leadlag,leadlag_metals_q,2025-04-30,2026-09-30,356,0.4911083414475005,0.5583916849678072,0.6997664266498589,0.7875520452897302,0.4909750685582621
SA,leadlag,leadlag_market_m,2025-04-30,2026-09-30,356,0.5296267392861926,0.5552802900223774,0.7780634819572791,0.7875520452897302,0.5296675244218252
SA,leadlag,leadlag_market_q,2025-04-30,2026-09-30,356,0.523979108912052,0.5504437829806061,0.7391968898638213,0.7875520452897302,0.5239359530011287
SA,leadlag,leadlag_blend_metals_m,2025-04-30,2026-09-30,356,0.5113718013125571,0.5001061350575173,0.697341495654886,0.7875520452897302,0.5113763144922445
SA,leadlag,leadlag_blend_metals_q,2025-04-30,2026-09-30,356,0.5101646512801028,0.5500548883978703,0.7019180498626694,0.7875520452897302,0.5100648482233778
SA,leadlag,leadlag_blend_market_m,2025-04-30,2026-09-30,356,0.5465904258983433,0.5371776293392851,0.80639053712249,0.7875520452897302,0.5466162389607262
SA,leadlag,leadlag_blend_market_q,2025-04-30,2026-09-30,356,0.5425239643233303,0.5573984398229327,0.7729240891237703,0.7875520452897302,0.5424782105492698
SA,asset-pca,asset_pca2,2011-07-29,2026-09-30,3813,0.396470851721479,0.44287662286846075,0.08662853058747455,0.0015993937484564125,0.39635498729470064
SA,asset-pca,asset_pca4,2011-07-29,2026-09-30,3813,0.39385649577501314,0.44822581527504435,0.06676988317344401,0.0015993937484564125,0.39371038876703446
SA,asset-pca,asset_pca6,2011-07-29,2026-09-30,3813,0.39815176693596777,0.4606562380298762,0.1079362911677042,0.0015993937484564125,0.39799386644436474
NG,sessions,daily126_metals,2011-07-29,2026-09-30,3813,0.3334643548469486,0.36582997642245674,0.06454527323683146,-0.02167088117768401,0.33341776485315144
NG,sessions,daily126_market,2011-07-29,2026-09-30,3813,0.34684452128041887,0.38090192852732774,0.10286807605938475,-0.02167088117768401,0.3466914446657072
NG,sessions,daily504_metals,2011-07-29,2026-09-30,3813,0.33544816351056317,0.36267588852827515,0.08467458469884859,-0.02167088117768401,0.3353851937409593
NG,sessions,daily504_market,2011-07-29,2026-09-30,3813,0.35088672542375665,0.3687817701366328,0.14095626532444538,-0.02167088117768401,0.35078702694216435
NG,sessions,daily_ew_metals,2011-07-29,2026-09-30,3813,0.33847763477433035,0.3670762328834961,0.0787094112973672,-0.02167088117768401,0.3384246610391063
NG,sessions,daily_ew_market,2011-07-29,2026-09-30,3813,0.35323529102000184,0.37646124875083065,0.13208016655620303,-0.02167088117768401,0.3531303007046048
NG,sessions,daytime_metals,2011-07-29,2026-09-30,3813,0.3102091774307326,0.3216746003392824,0.07322688846514547,-0.02167088117768401,0.309992517840627
NG,sessions,daytime_market,2011-07-29,2026-09-30,3813,0.3182563182323571,0.3369269475595188,0.1155203830810343,-0.02167088117768401,0.3179338724700971
NG,sessions,overnight_metals,2011-07-29,2026-09-30,3813,0.3196033816435533,0.3124510251524313,0.09578348364717915,-0.02167088117768401,0.31959386699183223
NG,sessions,overnight_market,2011-07-29,2026-09-30,3813,0.33241114800901606,0.34935225749498333,0.14015494407963192,-0.02167088117768401,0.33238320902448215
NG,sessions,realized_metals,2011-07-29,2026-09-30,3813,0.3343685688891256,0.3406547087770606,0.10056462923532505,-0.02167088117768401,0.33435241077308087
NG,sessions,realized_market,2011-07-29,2026-09-30,3813,0.3469574648500112,0.3616029280365797,0.1389781906130756,-0.02167088117768401,0.3468724626960973
NG,sessions,blend_metals,2011-07-29,2026-09-30,3813,0.3370042108102439,0.36220427619247186,0.08114478908334566,-0.02167088117768401,0.33698685738554046
NG,sessions,blend_market,2011-07-29,2026-09-30,3813,0.34951168273332134,0.375119517918616,0.12356288405695137,-0.02167088117768401,0.3494159599718186
NG,hourly,daily_metals_m,2025-04-30,2026-09-30,356,0.45559626428758504,0.4332148182554483,0.39834140100039805,0.3534214755328735,0.45552427853620814
NG,hourly,daily_metals_q,2025-04-30,2026-09-30,356,0.4576578412068787,0.43244106656678394,0.4513510854245566,0.3534214755328735,0.457673974268868
NG,hourly,daily_market_m,2025-04-30,2026-09-30,356,0.46637785373868235,0.42034400995410004,0.5331361178812042,0.3534214755328735,0.46625890186679153
NG,hourly,daily_market_q,2025-04-30,2026-09-30,356,0.4706237081132486,0.41555912719174826,0.548315179560563,0.3534214755328735,0.47058329284078204
NG,hourly,intraday_metals_m,2025-04-30,2026-09-30,356,0.43189516433805974,0.4006933802530428,0.6053526876810487,0.3534214755328735,0.43191349433116333
NG,hourly,intraday_metals_q,2025-04-30,2026-09-30,356,0.4204285596415085,0.3917956001809264,0.7400715456678255,0.3534214755328735,0.4204349089446523
NG,hourly,intraday_market_m,2025-04-30,2026-09-30,356,0.4486194331751804,0.3816834311410924,0.7633711908854734,0.3534214755328735,0.4485860495318845
NG,hourly,intraday_market_q,2025-04-30,2026-09-30,356,0.4353824319075673,0.3675561414563515,0.9516030789075467,0.3534214755328735,0.4353454403738497
NG,hourly,realized_metals_m,2025-04-30,2026-09-30,356,0.44782625865007597,0.41057484609842176,0.45067209491851057,0.3534214755328735,0.4478566929487101
NG,hourly,realized_metals_q,2025-04-30,2026-09-30,356,0.44660526686868407,0.41307268790421203,0.4976629940388948,0.3534214755328735,0.4466479622345778
NG,hourly,realized_market_m,2025-04-30,2026-09-30,356,0.46599977122974867,0.39296685711568113,0.615507385750057,0.3534214755328735,0.46594253070126046
NG,hourly,realized_market_q,2025-04-30,2026-09-30,356,0.4608640588728342,0.3925799901403655,0.6777866873588994,0.3534214755328735,0.46085251576237574
NG,hourly,blend_metals_m,2025-04-30,2026-09-30,356,0.45360587256195595,0.4240886518721576,0.42356717664176147,0.3534214755328735,0.45359162338913583
NG,hourly,blend_metals_q,2025-04-30,2026-09-30,356,0.4536047108047041,0.42369413543037837,0.47540185646199973,0.3534214755328735,0.4536364318653682
NG,hourly,blend_market_m,2025-04-30,2026-09-30,356,0.47013658864572905,0.41001201314554314,0.5790852432735552,0.3534214755328735,0.4700713717511201
NG,hourly,blend_market_q,2025-04-30,2026-09-30,356,0.4692083059581894,0.4065488612548368,0.6143224428996088,0.3534214755328735,0.46918264163016576
NG,leadlag,leadlag_metals_m,2025-04-30,2026-09-30,356,0.43288581648414204,0.39657769567772805,0.5200920402756093,0.3534214755328735,0.43291164319040243
NG,leadlag,leadlag_metals_q,2025-04-30,2026-09-30,356,0.4242850577825533,0.3943493100024291,0.6672037281354786,0.3534214755328735,0.42429323467730706
NG,leadlag,leadlag_market_m,2025-04-30,2026-09-30,356,0.4415858071993314,0.3632710503172103,0.5993099180708374,0.3534214755328735,0.4415499574344538
NG,leadlag,leadlag_market_q,2025-04-30,2026-09-30,356,0.43270650878972916,0.3362212822540619,0.7343182813376898,0.3534214755328735,0.43269595982356845
NG,leadlag,leadlag_blend_metals_m,2025-04-30,2026-09-30,356,0.44847572031445326,0.4165615229522448,0.4590639999723618,0.3534214755328735,0.4484722581278784
NG,leadlag,leadlag_blend_metals_q,2025-04-30,2026-09-30,356,0.4455015568690953,0.41669958887795666,0.5582040920216782,0.3534214755328735,0.44553405624704745
NG,leadlag,leadlag_blend_market_m,2025-04-30,2026-09-30,356,0.45906967554550326,0.39450092899495415,0.5677558418014221,0.3534214755328735,0.45898645229239954
NG,leadlag,leadlag_blend_market_q,2025-04-30,2026-09-30,356,0.45670295420252605,0.3807000784702933,0.6421480593774345,0.3534214755328735,0.45670384462718716
NG,asset-pca,asset_pca2,2011-07-29,2026-09-30,3813,0.3473611035295334,0.3623736050627082,0.06989532132161358,-0.02167088117768401,0.34722629223288237
NG,asset-pca,asset_pca4,2011-07-29,2026-09-30,3813,0.34712646493576294,0.36649277353397214,0.06376277266074681,-0.02167088117768401,0.34694834895879123
NG,asset-pca,asset_pca6,2011-07-29,2026-09-30,3813,0.35221135196476583,0.3743913176149227,0.09815879880463618,-0.02167088117768401,0.352004883680052
