stock,model,cadence_months,start,end,sessions,daily_r2,daily_regression_r2,daily_rmse,daily_gap_pp,replica_cagr,stock_cagr,replica_vol,stock_vol,terminal_replica,terminal_stock,stress_replica_cagr,mean_option_premium,mean_abs_rates_weight,solver_failures,fallbacks,decisions,volatility_cap_decisions,r2_1m,gap_1m_pp,n_1m,r2_3m,gap_3m_pp,n_3m,r2_12m,gap_12m_pp,n_12m,r2_36m,gap_36m_pp,n_36m,r2_60m,gap_60m_pp,n_60m
NEM,gold_daily_m,1,2011-07-29,2026-09-30,3813,0.4508545493154855,0.4508760613553265,0.017329650066090704,0.9147287649382232,0.08843537827801429,0.07291425574003063,0.2483321091011512,0.3712815129854742,3.6175356829141827,2.9091636450764624,0.08786747744098888,0.0,0.0,0,0,182,0,0.5034625036136051,3.9453390395610857,182,0.5315711565036525,7.867076722287575,180,0.6237140120186025,15.71461942767095,171,0.3415144585955717,34.20685328337305,147,-0.11777937122654514,52.19683383015064,123.0
NEM,gold_daily_q,3,2011-07-29,2026-09-30,3813,0.4480115745796869,0.44803341419134135,0.017374450724911977,0.9197372907815461,0.084783648848622,0.07291425574003063,0.24913942853864718,0.3712815129854742,3.437694602569032,2.9091636450764624,0.08432518188035187,0.0,0.0,0,0,61,0,0.498466522528497,4.175625385359649,182,0.5298579280660487,8.314224758851113,180,0.6212728768668396,16.06820173689707,171,0.3532067657614617,33.93527098504625,147,-0.10653050557381771,52.601361097702615,123.0
NEM,metals_daily_m,1,2011-07-29,2026-09-30,3813,0.461664789106662,0.46171250443181455,0.017158230251487324,0.9089734830278912,0.08230710324606161,0.07291425574003063,0.25422778635535714,0.3712815129854742,3.320519819080906,2.9091636450764624,0.08148312286451143,0.0,0.0,0,0,182,0,0.506312038944792,4.199251288384853,182,0.5401434442148161,8.551035435103238,180,0.6962511140083583,14.213448769086101,171,0.38862913173604563,36.28521117501313,147,-0.13375274645328328,50.265004890408974,123.0
NEM,metals_daily_q,3,2011-07-29,2026-09-30,3813,0.45794646582598186,0.45810901897895945,0.01721738489799258,0.9104222359341708,0.07858246328306873,0.07291425574003063,0.25564707632407585,0.3712815129854742,3.1512982378362566,2.9091636450764624,0.07799251390021866,0.0,0.0,0,0,61,0,0.5026715752539592,4.257142683804665,182,0.5404458804554804,8.475298817170163,180,0.689352508699173,14.223078347399841,171,0.40802012429927004,36.135004054771144,147,-0.09828895005672145,50.6408649338144,123.0
NEM,rates_daily_m,1,2011-07-29,2026-09-30,3813,0.46345896296576816,0.46352075321856573,0.017129613749652245,0.9019614830373881,0.07527184287525146,0.07291425574003063,0.2548353035569269,0.3712815129854742,3.007683215891376,2.9091636450764624,0.07419773709972421,0.0,0.14417533317235887,0,0,182,0,0.501075106456482,4.0722163930625115,182,0.5298038039975319,8.483067272448757,180,0.6766453146000249,14.68125010736927,171,0.3379356164964915,37.34830113839125,147,-0.3195612380830746,54.94676248844601,123.0
NEM,rates_daily_q,3,2011-07-29,2026-09-30,3813,0.4599653470328855,0.4601017755154409,0.01718529186765694,0.9125725403401798,0.07489216105632601,0.07291425574003063,0.2556494831294716,0.3712815129854742,2.991609232708499,2.9091636450764624,0.07414975897279907,0.0,0.14731047727500401,0,0,61,0,0.5029054978477054,4.22620940483609,182,0.5342969786157278,8.268267697907582,180,0.6690596377392809,14.670609443988592,171,0.3555487050661241,35.96683816815043,147,-0.2951750381547482,53.56983997737124,123.0
NEM,conditional_rates_daily_m,1,2011-07-29,2026-09-30,3813,0.46732953791715026,0.4673846129009721,0.017067715911224694,0.9109081666423956,0.06990145665236058,0.07291425574003063,0.2525193623286245,0.3712815129854742,2.787649173159216,2.9091636450764624,0.06817234913197412,0.0,0.1468668668364218,0,0,182,0,0.501968261424822,4.041732038038804,182,0.5259494770878477,8.597603794263941,180,0.6678860721618902,14.40151511766583,171,0.36224472287224685,36.59567397193061,147,-0.25601193238701514,54.79520867566061,123.0
NEM,conditional_rates_daily_q,3,2011-07-29,2026-09-30,3813,0.4647311645525002,0.4647723117340369,0.017109293537719283,0.9071635191270168,0.07549616566444461,0.07291425574003063,0.2520007627301977,0.3712815129854742,3.0172178863328996,2.9091636450764624,0.07458557339133387,0.0,0.14708449337251275,0,0,61,0,0.5088344073435869,4.17091853171212,182,0.5374642160616626,8.3314234159946,180,0.6637241289120828,14.5680274009244,171,0.30616914973068143,38.777453694535545,147,-0.37991927938386816,55.78327133204803,123.0
NEM,rates_balanced_m,1,2011-07-29,2026-09-30,3813,0.4362860077161078,0.4417046738667397,0.01755801863225956,0.954927959160418,0.051497936636743846,0.07291425574003063,0.27390513884236106,0.3712815129854742,2.1424116265448867,2.9091636450764624,0.05002813322680777,0.0,0.22708669537181872,0,0,182,0,0.509108606420239,4.589099939855135,182,0.507185930777941,9.430803023447826,180,0.6302519034176666,16.329648363686267,171,0.3981529025866356,38.36495488621201,147,-0.18962370389403116,56.002530220665236,123.0
NEM,rates_balanced_q,3,2011-07-29,2026-09-30,3813,0.4348745421146074,0.4399481096328384,0.017579986372998842,0.948586313352474,0.04683458110118699,0.07291425574003063,0.2724848263425106,0.3712815129854742,2.0026874452479393,2.9091636450764624,0.04575180756516861,0.0,0.21564619569561136,0,0,61,0,0.5087801478593666,4.38508692252339,182,0.5081189128449228,9.462638478771057,180,0.6108907591972697,16.384260857164534,171,0.3786523391904022,39.177315384693735,147,-0.20657286816877707,54.823083723962384,123.0
NEM,conditional_rates_balanced_m,1,2011-07-29,2026-09-30,3813,0.4346608559025247,0.44011325022797476,0.017583309746241137,0.9427349481787575,0.045378293008002224,0.07291425574003063,0.27349979173709404,0.3712815129854742,1.9608290744010417,2.9091636450764624,0.04346289350373955,0.0,0.2454449808970414,0,0,182,0,0.5040286832983844,4.813409531892576,182,0.4924394525910112,9.38549169662598,180,0.6277116696700802,16.77825254875682,171,0.41586706258624107,34.78343239101864,147,-0.14669969607509703,52.039178540377186,123.0
NEM,conditional_rates_balanced_q,3,2011-07-29,2026-09-30,3813,0.43221014532085666,0.4370808804357006,0.017621379818680706,0.9430077150060195,0.04293435483241037,0.07291425574003063,0.27110654449627797,0.3712815129854742,1.8924139765266794,2.9091636450764624,0.041651278786640544,0.0,0.23767916755941898,0,0,61,0,0.5119791160076455,4.547166818653759,182,0.5133315972745034,9.482091660917769,180,0.6071074317587026,17.079374307377016,171,0.3794265248714601,38.63555250529818,147,-0.18437997313991006,52.43935176113161,123.0
NEM,options_daily_m,1,2011-07-29,2026-09-30,3813,0.4639927429765106,0.46434372912415783,0.017121090896775857,0.8915029626806719,0.033210256637999924,0.07291425574003063,0.25827513588649564,0.3712815129854742,1.6416768596055753,2.9091636450764624,-0.0010641692598160057,0.022600732009840634,0.14945066034495505,0,0,182,0,0.4906280251012305,4.1532847285117915,182,0.5214045453016253,7.894349122364897,180,0.6449117910735593,14.237244249775527,171,0.2727143976816576,42.26957327941761,147,-0.411926192131187,63.9898025663858,123.0
NEM,options_daily_q,3,2011-07-29,2026-09-30,3813,0.4565219310109295,0.4570951382708649,0.017239993985026097,0.9079500795695691,0.05028377550491214,0.07291425574003063,0.2591962169587747,0.3712815129854742,2.105181301386556,2.9091636450764624,0.03322473392235481,0.039906127895385723,0.14777173573450875,0,0,61,0,0.4909047511375141,4.421470689265577,182,0.526640729296808,8.670439978960697,180,0.6571164264699305,14.609815487973055,171,0.33441764780102934,40.001864837338616,147,-0.2092311329560239,55.92084903327158,123.0
NEM,conditional_options_daily_m,1,2011-07-29,2026-09-30,3813,0.46816208166182416,0.46834975547366453,0.017054372598851182,0.8970330891249885,0.02753600443318116,0.07291425574003063,0.2553295258079362,0.3712815129854742,1.5100753157287705,2.9091636450764624,-0.007561412475185492,0.022684372007905317,0.15237157503583115,0,0,182,0,0.4944298666062352,4.119547885973557,182,0.5158879233459528,8.078823020159648,180,0.6358360001625444,13.616324582125305,171,0.27848607421751737,43.134500368774596,147,-0.37492497448420337,61.017252900539056,123.0
NEM,conditional_options_daily_q,3,2011-07-29,2026-09-30,3813,0.46159725582958167,0.4617610666441087,0.017159306453782604,0.9007452719670045,0.051606657364960506,0.07291425574003063,0.2555464375994346,0.3712815129854742,2.145775203648086,2.9091636450764624,0.034426937267666435,0.04011337595136119,0.14668832929821016,0,0,61,0,0.49663402537248835,4.533973640823974,182,0.5275005532585295,8.506871869354605,180,0.6518085837322947,14.851193804223616,171,0.2921386958710167,41.64271877005422,147,-0.30471930797918834,56.963776316048744,123.0
NEM,options_balanced_m,1,2011-07-29,2026-09-30,3813,0.4306490887980442,0.44306841457815027,0.017645586916012364,0.9593193212007661,-0.009218403647622386,0.07291425574003063,0.2879718391807081,0.3712815129854742,0.8689053423026317,2.9091636450764624,-0.08273293056255282,0.03782597201558495,0.12825225438181248,0,0,182,0,0.4817817206142485,4.64922953853964,182,0.49724460796967307,9.011973846091504,180,0.6237397161529312,13.502184400263406,171,0.3277282976224124,42.32114907360693,147,-0.21566370976346394,47.44388467378637,123.0
NEM,options_balanced_q,3,2011-07-29,2026-09-30,3813,0.4199969114288439,0.43394649373567523,0.017809890579462365,0.9577098683712041,0.003352357784940585,0.07291425574003063,0.2880358346959588,0.3712815129854742,1.0520922716526202,2.9091636450764624,-0.051614240394148525,0.097896621539069,0.13028919743092934,0,0,61,0,0.4628235255274715,4.807910019381128,182,0.46939711938289963,9.204326472459694,180,0.608987712004037,14.261409900215527,171,0.2736491880876597,47.410215501920526,147,-0.3045724250490729,52.3408450621953,123.0
NEM,conditional_options_balanced_m,1,2011-07-29,2026-09-30,3813,0.4323169797303683,0.44407381180587246,0.017619721935701785,0.9553429379862379,-0.012988857188640734,0.07291425574003063,0.28707405488226445,0.3712815129854742,0.8200637037705827,2.9091636450764624,-0.0874434211588353,0.03809488725204603,0.13467317929524855,0,0,182,0,0.483672646958456,4.72740688487362,182,0.4885445832022042,9.168916778857772,180,0.6315382739568329,14.178079569021563,171,0.33391252682305717,41.344762059705495,147,-0.20964630027556685,48.00482974266789,123.0
NEM,conditional_options_balanced_q,3,2011-07-29,2026-09-30,3813,0.42037992351226927,0.434185205008563,0.017804009119559854,0.9527409358311627,-0.0012729735465107916,0.07291425574003063,0.2878327678060689,0.3712815129854742,0.980858228641523,2.9091636450764624,-0.055800155653249583,0.10074677657321934,0.13297825496020932,0,0,61,0,0.4672991225576868,5.022779779701331,182,0.471622807221455,9.442661595165436,180,0.60861256212808,15.290864430427764,171,0.26015116749575196,46.30415447415797,147,-0.3487262431019502,50.80948339930696,123.0
NEM,equity_conditional_options_balanced_m,1,2011-07-29,2026-09-30,3813,0.45533566979890616,0.46601574895059794,0.01725879878112173,0.9437163740269643,0.017608856819068208,0.07291425574003063,0.291508520642153,0.3712815129854742,1.3032446387145438,2.9091636450764624,-0.079253215686241,0.05148933372409737,0.17276629456661213,0,0,182,0,0.48795879672802633,4.523260522341643,182,0.48440629131999524,9.186375564797029,180,0.6312760698142932,14.558757135369182,171,0.486264817765368,34.849021496918134,147,0.3506468730579704,35.09277379484666,123.0
NEM,equity_conditional_options_balanced_q,3,2011-07-29,2026-09-30,3813,0.43626489342542407,0.4492454178484579,0.01755834745294073,0.9548399865247987,0.040977127986860706,0.07291425574003063,0.2910100624947645,0.3712815129854742,1.8392386540471983,2.9091636450764624,-0.024833916931713107,0.1189781834412501,0.15262443611825396,0,0,61,0,0.47516878449184485,4.829402273778655,182,0.4716153101480295,10.061493165753333,180,0.64355223659545,14.14635433332042,171,0.4521777200713155,37.70286084263106,147,0.20851055105843508,44.01310457002927,123.0
NEM,conditional_rates_daily_priority_m,1,2011-07-29,2026-09-30,3813,0.45891457988768747,0.4592731791625321,0.017202002799625332,0.9169557965423628,0.0561950027952256,0.07291425574003063,0.25790397546605226,0.3712815129854742,2.2923101135835244,2.9091636450764624,0.05456064206793387,0.0,0.1682072777569553,0,0,182,0,0.5130436297009504,4.645827083967352,182,0.5212302280564023,8.972386507818019,180,0.6499595201542994,15.364023909605029,171,0.45939676980015776,37.14461705871377,147,-0.04486187660118346,51.43973619989121,123.0
NEM,conditional_rates_daily_priority_q,3,2011-07-29,2026-09-30,3813,0.4555934914504246,0.45587260102693145,0.0172547134955081,0.9201616261393067,0.05950608928793466,0.07291425574003063,0.2561254408764701,0.3712815129854742,2.4038036936523235,2.9091636450764624,0.058456545269472526,0.0,0.17271106746013387,0,0,61,0,0.5186721212254966,4.361320676923775,182,0.5340135643189668,8.905093564065252,180,0.64508551181901,15.360210517747564,171,0.4417145189768733,38.36968168718538,147,-0.0914806216372046,50.85766438487094,123.0
NEM,conditional_options_daily_priority_m,1,2011-07-29,2026-09-30,3813,0.45831202839228713,0.4598656564876262,0.017211578190215578,0.9308393525689573,0.00064858835721604,0.07291425574003063,0.2649136178659913,0.3712815129854742,1.0098865024738297,2.9091636450764624,-0.059211480151635576,0.03072415787122326,0.10057355052975128,0,1,182,0,0.498702287216651,4.5453383896638275,182,0.5090284460199217,8.519220314629965,180,0.6342600530432858,13.71324342759882,171,0.41532817437376945,37.84964785649972,147,-0.0031256151319627445,43.567544465399635,123.0
NEM,conditional_options_daily_priority_q,3,2011-07-29,2026-09-30,3813,0.44597828194168765,0.4482370065904867,0.017406421386020623,0.9305080189494703,0.022752723379825257,0.07291425574003063,0.26547915580506515,0.3712815129854742,1.4068624638747274,2.9091636450764624,-0.01536191941394105,0.07254656218734655,0.12018038502698009,0,0,61,0,0.4886004332939049,4.664870616194261,182,0.4984410810720252,9.282081431792072,180,0.634839084862197,14.308433806392173,171,0.3894636686073941,41.77978489955384,147,-0.06958206852848248,50.322542481477115,123.0
NEM,volatility_gold_m,1,2011-07-29,2026-09-30,3813,0.3451467872349435,0.45229044525562856,0.018924223973593217,1.0195424721225081,0.10035971504990315,0.07291425574003063,0.3712155573057047,0.3712815129854742,4.267885452045065,2.9091636450764624,0.09870725350434806,0.0,0.0,0,0,182,16,0.4433494577769981,5.103119260231392,182,0.48960886539130744,9.95353648357703,180,0.5569944878367439,14.115039193415925,171,-1.8007474566355368,36.310795613968175,147,-2.192729728603458,62.05142246755149,123.0
NEM,volatility_gold_q,3,2011-07-29,2026-09-30,3813,0.34490345477822926,0.45092575176583616,0.018927739608949952,1.0065847896094962,0.08797941190675673,0.07291425574003063,0.37020881940879174,0.3712815129854742,3.594609568786273,2.9091636450764624,0.0868887257679809,0.0,0.0,0,0,61,6,0.4289313320889011,4.934709452276525,182,0.48604672875384214,9.566956797836063,180,0.5667322187288565,15.509202819115664,171,-1.573489735176239,36.90835502872108,147,-2.121753190671721,62.68093468820245,123.0
AEM,gold_daily_m,1,2011-07-29,2026-09-30,3813,0.49829125417516795,0.4983586430298886,0.018574783020634245,0.9974564869370827,0.08884469238063764,0.10024233423253248,0.2946012637008722,0.41634671314849525,3.6382323744160514,4.26098268497432,0.08804180189061106,0.0,0.0,0,0,182,0,0.5600183150207869,4.295914050390387,182,0.5655881777715008,8.528183004506806,180,0.7056225001765655,12.676239563600644,171,0.7982813958907231,28.315500405569296,147,0.4260195511652317,53.50673177380063,123.0
AEM,gold_daily_q,3,2011-07-29,2026-09-30,3813,0.49683786729588564,0.49696039038222656,0.018601667964507105,1.0002671131460201,0.08595559422722876,0.10024233423253248,0.29652570850838494,0.41634671314849525,3.494479889418653,4.26098268497432,0.08539489644615506,0.0,0.0,0,0,61,0,0.56012009835784,4.311102125622668,182,0.5671062151455328,8.655382101136567,180,0.7026172436425759,13.265637614968707,171,0.7942005371833986,29.54028603622254,147,0.4098900745751145,54.75951254770344,123.0
AEM,metals_daily_m,1,2011-07-29,2026-09-30,3813,0.5063701187998813,0.5064641867069186,0.018424624011521836,0.9845499943814864,0.08328767984636332,0.10024233423253248,0.2981334457273524,0.41634671314849525,3.366461185884283,4.26098268497432,0.08225776316368738,0.0,0.0,0,0,182,0,0.5670311681373965,4.02563114656187,182,0.5884191907292812,8.386334792568428,180,0.7000272017316049,13.01777267634604,171,0.8068101505762658,26.112743362484338,147,0.4617331477169383,51.02523571568194,123.0
AEM,metals_daily_q,3,2011-07-29,2026-09-30,3813,0.5043617462690424,0.5045794203450019,0.018462066991175707,0.9948164847155768,0.07974072838048096,0.10024233423253248,0.30060599819907574,0.41634671314849525,3.2030384800101994,4.26098268497432,0.07906418367421408,0.0,0.0,0,0,61,0,0.5675428174442573,4.079681791605877,182,0.5891102179946617,8.479277200467067,180,0.7011213700028446,13.016097592569832,171,0.8015752478692327,26.96943580859461,147,0.46319853079518547,51.28273822327324,123.0
AEM,rates_daily_m,1,2011-07-29,2026-09-30,3813,0.5062998172263058,0.5064142713331136,0.018425935960003376,0.9822654332670603,0.07719731499473803,0.10024233423253248,0.2983557380151264,0.41634671314849525,3.090448235681994,4.26098268497432,0.07592827709878414,0.0,0.07071232841992023,0,0,182,0,0.558056649261009,3.9023320586705266,182,0.5893241658545025,8.531085507410769,180,0.6903524931674248,13.013185397987693,171,0.7928978770423294,28.63640328215793,147,0.4013730043062662,53.214426309069964,123.0
AEM,rates_daily_q,3,2011-07-29,2026-09-30,3813,0.5041431288166698,0.5043678209596869,0.018466138191342484,0.9910362617026911,0.07511701811245719,0.10024233423253248,0.3004539166836137,0.41634671314849525,3.001118930558089,4.26098268497432,0.07428680968732371,0.0,0.07528800595454822,0,0,61,0,0.5601052353767416,4.076738757764792,182,0.5877253458485943,8.60506858223522,180,0.6894880356392598,12.786538315130569,171,0.7868232074119007,29.688261252255323,147,0.39764187008974294,54.01377309057524,123.0
AEM,conditional_rates_daily_m,1,2011-07-29,2026-09-30,3813,0.5122027513391112,0.5123254233598472,0.01831544971056863,0.9781978605941828,0.07299266068169974,0.10024233423253248,0.2961790198212999,0.41634671314849525,2.9123910078706787,4.26098268497432,0.0710949598891879,0.0,0.07875919234934861,0,0,182,0,0.5619977621291184,4.004262124005359,182,0.592450713752643,8.71429614526768,180,0.6906495420236154,13.140212990375256,171,0.7737787133776776,29.949711376009013,147,0.40100529713611743,54.33334532304224,123.0
AEM,conditional_rates_daily_q,3,2011-07-29,2026-09-30,3813,0.5051512069566813,0.5052484487766106,0.01844735779099407,0.9864559236501425,0.07740905798677322,0.10024233423253248,0.2970407656451846,0.41634671314849525,3.0996785528934008,4.26098268497432,0.07636384809669172,0.0,0.08421764754754185,0,0,61,0,0.5626258999473799,3.839605935219259,182,0.5912931680264587,8.734316095820121,180,0.6935903956349903,13.562467166670277,171,0.7912420141693932,29.907056805786848,147,0.37830006459120336,54.56415040054425,123.0
AEM,rates_balanced_m,1,2011-07-29,2026-09-30,3813,0.4540614660179675,0.45729331718954663,0.01937625262108519,1.0476943338677749,0.10811615902370453,0.10024233423253248,0.30513220669521907,0.41634671314849525,4.747884137920752,4.26098268497432,0.10635876838958591,0.0,0.3406660137265563,0,0,182,0,0.5359054255660403,4.764340310490689,182,0.5203564357954575,9.789795459110628,180,0.4940675045308849,15.002481596932126,171,0.5755206640292374,46.63056801698183,147,-0.5264186000298308,82.30995855041236,123.0
AEM,rates_balanced_q,3,2011-07-29,2026-09-30,3813,0.4481520523644543,0.4510542521327358,0.019480837751113922,1.0500004951313773,0.10441692473025799,0.10024233423253248,0.30193474168759776,0.41634671314849525,4.512997692034083,4.26098268497432,0.10305937649998698,0.0,0.3057480857550757,0,0,61,0,0.5237964662870315,4.690828588384233,182,0.5049089084731713,10.041671961494336,180,0.5158405973940712,17.533716257674705,171,0.6283210067292784,42.009093114635036,147,-0.3001024707255757,78.51723251051567,123.0
AEM,conditional_rates_balanced_m,1,2011-07-29,2026-09-30,3813,0.4585035687349891,0.4610238223482044,0.019297262865203613,1.0366299374679984,0.10911328017658017,0.10024233423253248,0.3035016661192982,0.41634671314849525,4.813123626783022,4.26098268497432,0.1068718857862081,0.0,0.337073302931618,0,0,182,0,0.5383814336452203,4.698562125994165,182,0.5185211984572877,9.813418161471555,180,0.4802733992623951,16.157550308734525,171,0.5522032373718482,49.79588279296565,147,-0.6744068475065184,86.17377973710728,123.0
AEM,conditional_rates_balanced_q,3,2011-07-29,2026-09-30,3813,0.44710638641886824,0.44963988960495677,0.01949928559362146,1.0481313572206072,0.10653119755215057,0.10024233423253248,0.3000236522509454,0.41634671314849525,4.645881094369065,4.26098268497432,0.10497084377006471,0.0,0.3129006028806799,0,0,61,0,0.5231279137629278,4.784561060808102,182,0.5087012257839494,9.932027797544373,180,0.5159805824823172,16.568858059658666,171,0.6178903409896116,43.516004343491076,147,-0.4139280815957169,81.14013641571188,123.0
AEM,options_daily_m,1,2011-07-29,2026-09-30,3813,0.5078385311270073,0.5082754517573723,0.018397199521759115,0.9818906493625178,0.033660849073077204,0.10024233423253248,0.30264653851756923,0.41634671314849525,1.6525737317300537,4.26098268497432,0.0013515892423645592,0.02036574663952589,0.07608826946460907,0,0,182,0,0.5524464487914633,4.106544855537663,182,0.5800049644621346,8.483507668835472,180,0.6642698312176669,12.012881936706265,171,0.7372259174769937,24.227475750211212,147,0.38845857511343984,45.724128790541904,123.0
AEM,options_daily_q,3,2011-07-29,2026-09-30,3813,0.5055681236269631,0.5062491378775101,0.018439585081712645,0.9948508059022458,0.04860622137598791,0.10024233423253248,0.30560047647634614,0.41634671314849525,2.05473531832669,4.26098268497432,0.028969489778345237,0.04652950861382175,0.07687215126029685,0,0,61,0,0.5590471602546048,3.845074339472132,182,0.590370810989068,8.727942223811269,180,0.6827170618482563,12.502437579018277,171,0.7580863465594668,27.36027886311344,147,0.38994143193434017,53.94231854485136,123.0
AEM,conditional_options_daily_m,1,2011-07-29,2026-09-30,3813,0.5138238809221074,0.5141120921882617,0.01828498989592851,0.9758725984767979,0.02809898453634463,0.10024233423253248,0.3002243623469453,0.41634671314849525,1.5226778508910526,4.26098268497432,-0.008181544449760603,0.022061178552017502,0.08472880913065421,0,0,182,0,0.5530738020349589,4.005493971004926,182,0.5803971711759359,8.660243155807446,180,0.651508806889648,12.73108894330659,171,0.6986036120780779,27.23996358613432,147,0.3535681265208006,48.304943854942486,123.0
AEM,conditional_options_daily_q,3,2011-07-29,2026-09-30,3813,0.5067295697461185,0.5072143911366969,0.01841791457712255,0.9819410238325742,0.04875450258208791,0.10024233423253248,0.30382561902642213,0.41634671314849525,2.059148391421969,4.26098268497432,0.02810188716892359,0.048483402957141056,0.08498617976213912,0,0,61,0,0.5595410882126,3.956832907875679,182,0.5910148521202004,8.686759349141832,180,0.6812142234973282,13.649170249455246,171,0.7528570906999389,28.517751941950554,147,0.3536233832624751,56.540187608817114,123.0
AEM,options_balanced_m,1,2011-07-29,2026-09-30,3813,0.45546523640924963,0.4622630314944669,0.019351325532003322,1.0429164675061906,0.05153613090365017,0.10024233423253248,0.3170191883609001,0.41634671314849525,2.143592710481098,4.26098268497432,-0.004731623171386534,0.020659918680633174,0.2925770585665108,0,0,182,0,0.5311892280163834,4.669892464756797,182,0.5254986519316874,8.30546455736036,180,0.4783631485865836,14.782744282606053,171,0.6428128860722995,44.02913001662281,147,0.20857954719766514,66.51796115142903,123.0
AEM,options_balanced_q,3,2011-07-29,2026-09-30,3813,0.4402483986085337,0.44827953465328724,0.01961984562007498,1.0460390364921694,0.05642453294973415,0.10024233423253248,0.3157565005823219,0.41634671314849525,2.2998804340252526,4.26098268497432,0.0006891088757838837,0.07516061535706055,0.2494323213587448,0,0,61,0,0.519888691350302,4.664862428847511,182,0.5152109715651585,8.914640700735815,180,0.5144660066244156,16.781017494080963,171,0.6639157573326245,37.43011570259982,147,0.1574057010410127,66.99515310827819,123.0
AEM,conditional_options_balanced_m,1,2011-07-29,2026-09-30,3813,0.4612743770405914,0.4666014172866396,0.019247828013729137,1.0377555507919332,0.05364721081275081,0.10024233423253248,0.31436708576709965,0.41634671314849525,2.2098278260213435,4.26098268497432,-0.00043341249018191697,0.01880126420647797,0.29243236073841417,0,0,182,0,0.5351620793393927,4.6801536428495885,182,0.5256521382214732,8.538389401119185,180,0.47313296937826,14.46228190665243,171,0.6416844368066401,45.28878102267553,147,0.2018824377291809,66.1439577416675,123.0
AEM,conditional_options_balanced_q,3,2011-07-29,2026-09-30,3813,0.44057147936801044,0.44772899080808515,0.019614182653200165,1.0402634747902852,0.06036759744131759,0.10024233423253248,0.3135045833034,0.41634671314849525,2.433632472302409,4.26098268497432,0.00794403560918755,0.07177316359241477,0.26016169375006687,0,0,61,0,0.5145545134836028,4.639427438566868,182,0.5111481589607684,8.888950582981685,180,0.501465077120765,16.346784241062863,171,0.6484077806600876,40.78215201643779,147,0.0844448810455719,71.21217324099092,123.0
AEM,equity_conditional_options_balanced_m,1,2011-07-29,2026-09-30,3813,0.48470050109123697,0.4892750154591286,0.01882468741698187,1.0241259625202614,0.08825859035717576,0.10024233423253248,0.3192368027789678,0.41634671314849525,3.608630573872667,4.26098268497432,0.015215287948086686,0.025525468148623755,0.2651225457420339,0,0,182,0,0.5396108975495313,4.515252031024241,182,0.5445663630634623,8.798721329168336,180,0.5352116595910112,15.515041027880827,171,0.681604569553847,36.983648287250226,147,0.20783440662678054,56.59026288329214,123.0
AEM,equity_conditional_options_balanced_q,3,2011-07-29,2026-09-30,3813,0.4566165436470202,0.46318149330986785,0.0193308575000547,1.046556247123228,0.10187068060912963,0.10024233423253248,0.3170203501242753,0.41634671314849525,4.357677930611464,4.26098268497432,0.03794562376613242,0.08758865657799608,0.24501963937896817,0,0,61,0,0.5111706985204437,4.74861231190703,182,0.513805399306451,8.807113146385454,180,0.5076771824858576,16.430928862662817,171,0.6440671735433726,36.07666174972124,147,0.03429442063801702,68.15018273147882,123.0
AEM,conditional_rates_daily_priority_m,1,2011-07-29,2026-09-30,3813,0.49621510162863414,0.4963121577115766,0.018613176081957804,1.007398128299911,0.0900423958433525,0.10024233423253248,0.2958413302573544,0.41634671314849525,3.6994305687965925,4.26098268497432,0.08819990083589269,0.0,0.18658006600110083,0,0,182,0,0.5618693704827121,4.075976198448572,182,0.5662725096455694,8.573755567404056,180,0.631887218795588,15.498612281726952,171,0.7283973000085989,33.3442481902795,147,0.0704046486473674,70.48475984105313,123.0
AEM,conditional_rates_daily_priority_q,3,2011-07-29,2026-09-30,3813,0.48575678863913674,0.4859260253016805,0.018805383610779,1.0137338133842995,0.09221996562274026,0.10024233423253248,0.29465346436207535,0.41634671314849525,3.813166708649094,4.26098268497432,0.09107172866526336,0.0,0.1850542997864255,0,0,61,0,0.554172287631342,4.056526615178124,182,0.5599914467174775,8.854786245051372,180,0.643118509317192,15.35823554393615,171,0.748142005073791,33.18485569815432,147,0.12189638171453565,67.59057628566738,123.0
AEM,conditional_options_daily_priority_m,1,2011-07-29,2026-09-30,3813,0.4956218482646929,0.49631034020708953,0.018624132226565667,1.005488542555368,0.04481126434359339,0.10024233423253248,0.3025753134726455,0.41634671314849525,1.9447530384762985,4.26098268497432,0.00023973890672901454,0.015770542522519578,0.1570654828864404,0,0,182,0,0.5614698123355502,3.9960019046292707,182,0.5704602874829515,8.112485548808191,180,0.6139228910288208,13.658636509136901,171,0.7357501408450886,32.758714244285514,147,0.386193625253506,54.74436070709756,123.0
AEM,conditional_options_daily_priority_q,3,2011-07-29,2026-09-30,3813,0.48206409819056073,0.483101384159289,0.01887278191664643,1.012026472476004,0.05833908256421494,0.10024233423253248,0.3018299757953588,0.41634671314849525,2.3639417535469907,4.26098268497432,0.021966851015345012,0.05540072664485831,0.15604104410559605,0,0,61,0,0.5537599695386586,3.9986875267463082,182,0.5612162189405541,9.128311165733605,180,0.6235790381103293,14.152609313018116,171,0.7351645700873037,33.215352599501394,147,0.2518475162212327,62.12185653476874,123.0
AEM,volatility_gold_m,1,2011-07-29,2026-09-30,3813,0.4212747961869988,0.4996643168927227,0.019949596298525968,1.0598173169782303,0.06251150878077172,0.10024233423253248,0.4108497377436286,0.41634671314849525,2.5093706581611475,4.26098268497432,0.0606118343229296,0.0,0.0,0,0,182,44,0.541183677746327,5.09333481472315,182,0.5408932852021047,8.7990035748036,180,0.6004144532573258,14.048817169884664,171,0.6041617124487435,40.790191655957706,147,-0.09426428784036256,73.7053131480975,123.0
AEM,volatility_gold_q,3,2011-07-29,2026-09-30,3813,0.38403861047407384,0.48447797522521113,0.020581387923450326,1.0619533277668771,0.038789247028707896,0.10024233423253248,0.42170161379904236,0.41634671314849525,1.7814503518848566,4.26098268497432,0.03747826884758476,0.0,0.0,0,0,61,15,0.49994890493247846,4.89915211546636,182,0.49720613438694816,9.364736491420034,180,0.5658537735001515,15.491887926621883,171,0.581742112690959,43.79142190778871,147,-0.19463379792252722,80.03484557089185,123.0
B,gold_daily_m,1,2011-07-29,2026-09-30,3813,0.5200587256709619,0.5201148431964043,0.01748541404780349,0.9713312113007229,0.09085116993579367,0.008209817334286829,0.29032965726605814,0.4007182274235035,3.741298352877669,1.1320842284948185,0.09004083909723515,0.0,0.0,0,0,182,0,0.5331240678149969,5.149169953751231,182,0.5634657987651932,8.707353634445164,180,0.5741288388960915,18.286598733867997,171,0.4596806993127007,28.99604562366419,147,0.1073195622321822,40.5388875404064,123.0
B,gold_daily_q,3,2011-07-29,2026-09-30,3813,0.5171694188092477,0.5172210137334231,0.0175379672686003,0.9722682117789804,0.08962534080790108,0.008209817334286829,0.2894230932391342,0.4007182274235035,3.6780123174236357,1.1320842284948185,0.08905350750813712,0.0,0.0,0,0,61,0,0.5255112319727815,5.175109719834026,182,0.5545575734046864,8.653855640285164,180,0.5688248435172025,18.682568714801462,171,0.4644069407294137,28.805761448330447,147,0.10674929426583213,40.650479787213875,123.0
B,metals_daily_m,1,2011-07-29,2026-09-30,3813,0.529010193414315,0.5291200561851759,0.017321584809108424,0.9547080922664335,0.08339233777997723,0.008209817334286829,0.2949646373985719,0.4007182274235035,3.371399464874518,1.1320842284948185,0.08236051229587082,0.0,0.0,0,0,182,0,0.5505618766332904,5.341767660041569,182,0.5781716370062145,8.6281469928847,180,0.6498314256446565,17.573741866086934,171,0.5037029161813094,24.61282210312722,147,0.16314877742610356,30.19398148669946,123.0
B,metals_daily_q,3,2011-07-29,2026-09-30,3813,0.5256526289630763,0.5257584863677716,0.017383215714335466,0.9593511111033943,0.08318127904906669,0.008209817334286829,0.2939651058800158,0.4007182274235035,3.3614475969530018,1.1320842284948185,0.08248102197251739,0.0,0.0,0,0,61,0,0.5415133407877577,5.33337597830873,182,0.5699408413988443,8.660702777518464,180,0.6390199993428297,18.388289346000064,171,0.5338647597026096,26.743720117438684,147,0.18818666582464016,34.52836163788655,123.0
B,rates_daily_m,1,2011-07-29,2026-09-30,3813,0.5293526373886969,0.5294471932641229,0.01731528663572599,0.9551190195300036,0.07778451262820685,0.008209817334286829,0.2949024755441388,0.4007182274235035,3.116108744535605,1.1320842284948185,0.07651971068878294,0.0,0.08683788369048889,0,0,182,0,0.5486710707430715,5.27888106149531,182,0.5747952699892436,8.439179735718893,180,0.6403646630065699,18.203600363800742,171,0.48745848637924527,25.855967991994035,147,0.07794690379093694,33.19476070020446,123.0
B,rates_daily_q,3,2011-07-29,2026-09-30,3813,0.5259906336177634,0.5260752597773829,0.017377021250901077,0.9559383503191755,0.07938893545417924,0.008209817334286829,0.2936758671688743,0.4007182274235035,3.187240425504941,1.1320842284948185,0.07855401707362342,0.0,0.08741356700655813,0,0,61,0,0.5409668530912877,5.253943018148038,182,0.5681398525234576,8.413004403834446,180,0.630900746149478,18.651301136370535,171,0.5095782524936314,27.57120866477598,147,0.08822035788219063,34.945797793457785,123.0
B,conditional_rates_daily_m,1,2011-07-29,2026-09-30,3813,0.5370098644679989,0.5370396678613925,0.01717385293414121,0.9413170741470557,0.07780432484956323,0.008209817334286829,0.2927429372786033,0.4007182274235035,3.1169779985608983,1.1320842284948185,0.07591069858148813,0.0,0.0888329487271332,0,0,182,0,0.5542568943300825,5.177733216402247,182,0.5788742675353615,9.03776805890955,180,0.6416745848278597,18.197746393371396,171,0.5126194642021902,24.430084826704658,147,0.09586460963990728,32.528399119756834,123.0
B,conditional_rates_daily_q,3,2011-07-29,2026-09-30,3813,0.5300130257213564,0.5300479183220408,0.01730313440862067,0.9531608644964447,0.08219876684869987,0.008209817334286829,0.2908985967475621,0.4007182274235035,3.3154801941772183,1.1320842284948185,0.08120281605034396,0.0,0.08636745793394977,0,0,61,0,0.5500233667492579,5.10557187212905,182,0.5774810767244694,8.945285269731617,180,0.6348226872421885,19.28697215409042,171,0.4759220138281386,26.863024275483703,147,0.01773710432308684,35.19636576905023,123.0
B,rates_balanced_m,1,2011-07-29,2026-09-30,3813,0.49766631334824907,0.5039876831463203,0.017888668745644196,1.0004678597022143,0.03962260144139407,0.008209817334286829,0.31633759918901355,0.4007182274235035,1.8032587117943946,1.1320842284948185,0.03779041070177436,0.0,0.26823016340749045,0,0,182,0,0.5456272297514887,5.208314290609556,182,0.5228795888765226,8.738595410617672,180,0.5602179892118617,16.365514600381303,171,0.7131044133035007,27.885523191854944,147,0.36769684139168557,26.67454675079355,123.0
B,rates_balanced_q,3,2011-07-29,2026-09-30,3813,0.4938599960622958,0.49783702522319606,0.017956314469281053,1.008053599448807,0.033034869132117395,0.008209817334286829,0.3080050179853907,0.4007182274235035,1.63745356324327,1.1320842284948185,0.03164603081381556,0.0,0.27162306443878187,0,0,61,0,0.5273463558654667,5.240722349458654,182,0.506554053067851,9.052783114568797,180,0.5214534222971121,17.201923373770654,171,0.7013376989904483,27.80997547093169,147,0.35680129030233954,25.508352889842755,123.0
B,conditional_rates_balanced_m,1,2011-07-29,2026-09-30,3813,0.49888715883166,0.5051051030470742,0.01786691768012237,0.991783402303866,0.0382759718672141,0.008209817334286829,0.3163914615469396,0.4007182274235035,1.768141127148229,1.1320842284948185,0.03599129353394925,0.0,0.2910887045742712,0,0,182,0,0.5438065996442237,5.135254606225087,182,0.5133897269517705,9.60570469332634,180,0.5651860914182644,17.1000590272506,171,0.7202118906796188,27.18155696218404,147,0.3526141324771055,24.61446138435468,123.0
B,conditional_rates_balanced_q,3,2011-07-29,2026-09-30,3813,0.48769852793411017,0.4922647493315219,0.01806527896848689,1.0007622298749055,0.029471480417556872,0.008209817334286829,0.3082221129342045,0.4007182274235035,1.5538146326705906,1.1320842284948185,0.02783410278638221,0.0,0.28510856873896284,0,0,61,0,0.5252545396231925,5.188661500674296,182,0.5025137952223157,9.445090114322857,180,0.5117535533408937,16.962122330296857,171,0.6943002542573813,28.375452370420163,147,0.3325417927311415,26.45289071155186,123.0
B,options_daily_m,1,2011-07-29,2026-09-30,3813,0.528680523094212,0.5289608389185113,0.017327645888801233,0.9647500423852722,0.0312714632141915,0.008209817334286829,0.2981134460283625,0.4007182274235035,1.5955513848575438,1.1320842284948185,-0.008152962160069221,0.024049547811810342,0.09358658840225716,0,0,182,0,0.5435157531026232,5.189565801124873,182,0.571318247939695,8.734583954391157,180,0.6201769576180238,16.158517407130326,171,0.5844345142572092,22.987611878021763,147,0.29497340829922114,24.33147114822656,123.0
B,options_daily_q,3,2011-07-29,2026-09-30,3813,0.5251838373253539,0.5254016932737401,0.017391803401587635,0.9593569042822409,0.05667548483995266,0.008209817334286829,0.29631925351572896,0.4007182274235035,2.3081840028515415,1.1320842284948185,0.03874844297848701,0.03808236321465873,0.0890360876054782,0,0,61,0,0.5334164719785608,5.147778171546507,182,0.5666987087563595,8.938793337976342,180,0.6256535573003934,17.97086345159474,171,0.5528184882489955,22.813641112125417,147,0.2681179328113533,26.11849906288546,123.0
B,conditional_options_daily_m,1,2011-07-29,2026-09-30,3813,0.5347244246281921,0.5347714743682025,0.017216188058643646,0.9453975578065056,0.02825841631675896,0.008209817334286829,0.2956217607524244,0.4007182274235035,1.526264605150069,1.1320842284948185,-0.016349213906815097,0.026875076377073828,0.09470574748623158,0,0,182,0,0.5472683784867554,5.234104651553523,182,0.571624781669311,8.745341143268782,180,0.6170663020787104,16.712974133546243,171,0.610343786424806,23.612326531177608,147,0.30911310446010265,24.213317560930147,123.0
B,conditional_options_daily_q,3,2011-07-29,2026-09-30,3813,0.5287494484414395,0.5288035837490848,0.01732637885260276,0.9488817911562631,0.05949123893762942,0.008209817334286829,0.2941962679185751,0.4007182274235035,2.403292523603217,1.1320842284948185,0.04108345117826495,0.03991925142371161,0.08708162360637413,0,0,61,0,0.5391063806736719,5.102505369654531,182,0.5719389758238402,9.351494404251138,180,0.6243610856807726,18.804995959974413,171,0.5199155253043666,23.5410336091466,147,0.17282114986948693,29.864656812335433,123.0
B,options_balanced_m,1,2011-07-29,2026-09-30,3813,0.5024964481122354,0.5117934041135896,0.0178024577355082,1.0006513104260166,-0.02413807557173253,0.008209817334286829,0.32513783595226864,0.4007182274235035,0.6902207226475529,1.1320842284948185,-0.105494712963074,0.03986620614277215,0.10743350172660569,0,1,182,0,0.5143755823978311,5.6310528442948815,182,0.5117740741218162,8.559778188883381,180,0.5476174371768219,13.834396548719564,171,0.7113835235108792,23.06931584135363,147,0.42963372366109887,24.20965487289195,123.0
B,options_balanced_q,3,2011-07-29,2026-09-30,3813,0.4842483767854584,0.49622549184078535,0.01812600820668303,1.0134777567463271,-0.007909660339428526,0.008209817334286829,0.3260570697739988,0.4007182274235035,0.8864843842115614,1.1320842284948185,-0.07044682469743002,0.09815310783657386,0.10814726932042408,0,0,61,0,0.5102790723000237,5.591265070642981,182,0.5308923815765603,9.10611328650655,180,0.5588885657949085,15.250003051755122,171,0.6882572122285404,23.40872369043474,147,0.40323227313746857,23.030444580894937,123.0
B,conditional_options_balanced_m,1,2011-07-29,2026-09-30,3813,0.5072633284197351,0.5157282737594211,0.01771696443248369,0.9918942824423814,-0.02646581919119051,0.008209817334286829,0.3244432047541916,0.4007182274235035,0.6656575345947513,1.1320842284948185,-0.10802158587849742,0.041046615063797545,0.130234365530552,0,0,182,0,0.5158258813098376,5.497595351823009,182,0.5022608141546421,8.8072352260403,180,0.5518732864484917,14.397563485896626,171,0.7032416000037913,23.117262555749463,147,0.38353780275990546,24.083182975451066,123.0
B,conditional_options_balanced_q,3,2011-07-29,2026-09-30,3813,0.48044514582589337,0.4932371881173984,0.018192717423109458,1.0137782532503363,-0.0120528813636529,0.008209817334286829,0.326661234687042,0.4007182274235035,0.8319429076140771,1.1320842284948185,-0.07267341039007225,0.09972943432901957,0.1320751461031875,0,0,61,0,0.5046380361476701,5.427610308331888,182,0.5206388777335829,9.363279150835401,180,0.5548321862915492,15.588944379479951,171,0.6715571110203966,24.654144810842492,147,0.35957290399029596,25.451861675138787,123.0
B,equity_conditional_options_balanced_m,1,2011-07-29,2026-09-30,3813,0.515450801931607,0.5237077358021653,0.01756915240255375,0.9775794442963535,-0.0026280223689262305,0.008209817334286829,0.32633297896115093,0.4007182274235035,0.9608586987694153,1.1320842284948185,-0.1059043049244418,0.05317133657451497,0.13843485508705541,0,0,182,0,0.5038129705114569,5.7700000988077536,182,0.4890950728860961,9.147814445555385,180,0.5229663984703089,15.375598012072,171,0.7464508941820414,20.612962230477727,147,0.5452576075946829,21.398180014786348,123.0
B,equity_conditional_options_balanced_q,3,2011-07-29,2026-09-30,3813,0.487669060258364,0.49915117055091446,0.018065798520115233,0.9930919271067553,0.0184482118648015,0.008209817334286829,0.3260386864313062,0.4007182274235035,1.3196508158684723,1.1320842284948185,-0.05280637141566824,0.11541342566123737,0.1331204448462749,0,0,61,0,0.4998152452957366,5.471163685332259,182,0.5191209593283401,10.215633966100018,180,0.5578501956856727,17.11583227948239,171,0.729533226439552,22.520271516893597,147,0.5106726680149778,22.949487090412045,123.0
B,conditional_rates_daily_priority_m,1,2011-07-29,2026-09-30,3813,0.5250834421024554,0.5253516018395308,0.017393641967573398,0.9661401349493882,0.05724461634439604,0.008209817334286829,0.29695055345707105,0.4007182274235035,2.327119474316228,1.1320842284948185,0.05528431200190864,0.0,0.18899624770090526,0,0,182,0,0.5606498619667539,4.970624717605188,182,0.5569549720914342,9.485909496216644,180,0.6012665666431263,17.667947190916134,171,0.730469248391045,23.359516956270998,147,0.3833737987907966,30.39687976312242,123.0
B,conditional_rates_daily_priority_q,3,2011-07-29,2026-09-30,3813,0.5156133299624024,0.5156979612182037,0.017566205623112847,0.972950555995746,0.0574250427948233,0.008209817334286829,0.2913686354806313,0.4007182274235035,2.333152636524927,1.1320842284948185,0.05616421228704116,0.0,0.188588494419974,0,0,61,0,0.546921322168223,5.003497235666715,182,0.5466076650525824,8.787976087594917,180,0.5774609142333902,18.034519008790795,171,0.7081129543618757,26.914280432562965,147,0.3415863048913209,32.611801674292785,123.0
B,conditional_options_daily_priority_m,1,2011-07-29,2026-09-30,3813,0.5287325829544471,0.5297319827625884,0.01732668889489524,0.9637717350953336,-0.007897654286672329,0.008209817334286829,0.3039524557061838,0.4007182274235035,0.8866471764364564,1.1320842284948185,-0.08180989071092448,0.03766995682262897,0.09923797498299061,0,0,182,0,0.5435062635581761,5.391051136563601,182,0.5511559577723846,8.941320142544395,180,0.5874734670308265,14.940114602159182,171,0.7685543838329345,19.743637168415052,147,0.5255751868812413,19.94684036587109,123.0
B,conditional_options_daily_priority_q,3,2011-07-29,2026-09-30,3813,0.5099279795463876,0.5118785170047103,0.01766899405523777,0.9724537762591343,0.021592477856896997,0.008209817334286829,0.3043552778694185,0.4007182274235035,1.3828399113931187,1.1320842284948185,-0.025178642387806316,0.07752776700704857,0.11496769956151708,0,0,61,0,0.5277088233631709,5.131458882177076,182,0.5469215461371166,9.604880514955239,180,0.615368610928396,16.87885394024913,171,0.7171128092196477,22.24638908018546,147,0.4423808354741027,24.01410074353627,123.0
B,volatility_gold_m,1,2011-07-29,2026-09-30,3813,0.46747013561634,0.5261057234811835,0.01841848287385721,1.0476011451034124,0.08516004387206233,0.008209817334286829,0.3875844420360818,0.4007182274235035,3.455837745602517,1.1320842284948185,0.08348038784626821,0.0,0.0,0,0,182,40,0.5184209801693968,5.732346601520305,182,0.5802888534084119,10.479067926901708,180,0.5613352966361785,14.799951379304755,171,-0.8214694334653487,32.41438224259849,147,-0.954279225080487,52.8459148037826,123.0
B,volatility_gold_q,3,2011-07-29,2026-09-30,3813,0.4650304254050268,0.5235360476538087,0.018460625497770198,1.0397700323557806,0.07382161172486712,0.008209817334286829,0.38679478525791244,0.4007182274235035,2.94671812605213,1.1320842284948185,0.07274725828718709,0.0,0.0,0,0,61,13,0.5067427209057132,5.733725783685323,182,0.569979712634757,10.576704453392594,180,0.5642517652205834,16.639214316659245,171,-0.7482007994742768,34.10243958336837,147,-0.9051798379949858,51.25302625481702,123.0
AU,gold_daily_m,1,2011-07-29,2026-09-30,3813,0.45942447841519685,0.459432709024005,0.023552012251200623,1.2796539168494694,0.12378861655747198,0.07018932195717786,0.3456890375210272,0.5085774004331575,5.875521751433871,2.7990513616872232,0.1225322271329361,0.0,0.0,0,0,182,0,0.5720179601536743,6.289245936972499,182,0.6074457648876229,11.637871337817673,180,0.6832575742855271,25.09250710492561,171,0.8977165911101217,26.68472396258168,147,0.787704242063239,36.05657782067328,123.0
AU,gold_daily_q,3,2011-07-29,2026-09-30,3813,0.45686192550149496,0.4568770259168393,0.023607769420482903,1.2717933347737513,0.12241133321536246,0.07018932195717786,0.34222552533440326,0.5085774004331575,5.767205548284078,2.7990513616872232,0.12158173536268091,0.0,0.0,0,0,61,0,0.559873460250663,6.5468959781723735,182,0.5935454840845188,11.630356846939504,180,0.674457356291265,26.229774971157262,171,0.893282761384433,27.981525733620817,147,0.777601791461853,36.5279640350857,123.0
AU,metals_daily_m,1,2011-07-29,2026-09-30,3813,0.4615931006158184,0.4616894570324494,0.023504723072995056,1.2705709589877072,0.11039773885071003,0.07018932195717786,0.35024715648182037,0.5085774004331575,4.89839735812933,2.7990513616872232,0.10891116745643914,0.0,0.0,0,0,182,0,0.5720048813922289,6.268404050708886,182,0.5998549279546315,12.416850705362986,180,0.7244913050079713,21.679797257658496,171,0.8847089163506446,27.845343624066533,147,0.8018405259397712,33.93096779445885,123.0
AU,metals_daily_q,3,2011-07-29,2026-09-30,3813,0.46067643994632623,0.460697682099507,0.023524723459624062,1.268638463233823,0.11129041730268874,0.07018932195717786,0.3467405055403136,0.5085774004331575,4.958490193165224,2.7990513616872232,0.11036662515467732,0.0,0.0,0,0,61,0,0.5598834725477865,6.37091456429148,182,0.5863487668887848,12.191282943445703,180,0.7076727031094584,22.35044540966966,171,0.8813359494698674,28.35598684695453,147,0.790548938930022,35.34091053937719,123.0
AU,rates_daily_m,1,2011-07-29,2026-09-30,3813,0.4635200810664164,0.4636073205344957,0.023462623184322975,1.2554224622878516,0.09219073922145737,0.07018932195717786,0.35013927668957234,0.5085774004331575,3.8116188012761008,2.7990513616872232,0.09040472572522651,0.0,0.14131442663061966,0,0,182,0,0.562493798011293,6.251962392872967,182,0.5861402211500324,12.713631743119741,180,0.7140198897464409,19.84341176161637,171,0.8741633900795687,26.83992439343088,147,0.7962392070072231,33.44184176461269,123.0
AU,rates_daily_q,3,2011-07-29,2026-09-30,3813,0.4625019553790122,0.46253170769984087,0.023484876185515237,1.2597215552790444,0.09379348000762966,0.07018932195717786,0.34595202269922604,0.5085774004331575,3.897376377779936,2.7990513616872232,0.09266227804354732,0.0,0.14326333448434553,0,0,61,0,0.5504049150197454,6.373222442456161,182,0.5720503513432132,12.705813563493473,180,0.6931624059312391,21.327109569877003,171,0.8626424224328211,27.611120232125973,147,0.7818798292637783,34.96010795511164,123.0
AU,conditional_rates_daily_m,1,2011-07-29,2026-09-30,3813,0.4667460521174285,0.466817002374459,0.023391973875151014,1.2538739819584466,0.08707318088253135,0.07018932195717786,0.35047208704027893,0.5085774004331575,3.5494463853142246,2.7990513616872232,0.0845624835783938,0.0,0.14104193410127247,0,0,182,0,0.5688174513280588,6.2287784275800835,182,0.5929570315012209,12.69327432070661,180,0.7055766216281907,20.35940233286886,171,0.8633145091294556,25.445759658503754,147,0.7798516523579601,32.819191983666315,123.0
AU,conditional_rates_daily_q,3,2011-07-29,2026-09-30,3813,0.46648074823396046,0.4665712016408612,0.023397792125376335,1.2559358511787018,0.10026869791346193,0.07018932195717786,0.34322439126679244,0.5085774004331575,4.262532134770988,2.7990513616872232,0.09893891049775094,0.0,0.13370175556780003,0,0,61,0,0.560788462428754,6.3963063811221135,182,0.5847654617138427,12.168833315382233,180,0.6941675926621653,21.5791344524514,171,0.8651477157986791,27.158579502845303,147,0.7820522456872938,34.51899794094786,123.0
AU,rates_balanced_m,1,2011-07-29,2026-09-30,3813,0.43916397763277215,0.4485230444461813,0.023989311335713057,1.299724326579623,0.10262692816819596,0.07018932195717786,0.38978929964202563,0.5085774004331575,4.403279344460678,2.7990513616872232,0.10006332023771036,0.0,0.24845513361300592,0,0,182,0,0.5439695055297447,6.384915514546924,182,0.5333720875965724,13.473399543830144,180,0.6184222737619114,22.87512623093919,171,0.8251556171777554,30.99234638397612,147,0.6492249843540658,43.68368481589493,123.0
AU,rates_balanced_q,3,2011-07-29,2026-09-30,3813,0.4448766114795667,0.4487703606197702,0.02386682195342131,1.2849018932402323,0.0976476900904335,0.07018932195717786,0.37237389703332735,0.5085774004331575,4.1110376214959485,2.7990513616872232,0.09575156866928758,0.0,0.21765232753419717,0,0,61,0,0.5220399340815798,6.554514584888893,182,0.5152465614322017,14.076529601495302,180,0.591984886831024,23.775150452231486,171,0.7982303699224571,31.295768563128323,147,0.6261221384318474,40.5715684630784,123.0
AU,conditional_rates_balanced_m,1,2011-07-29,2026-09-30,3813,0.4369499337072795,0.44705822867229267,0.02403661667137284,1.3000770077891273,0.10041069817196946,0.07018932195717786,0.3911623681539206,0.5085774004331575,4.270886848738378,2.7990513616872232,0.09737135932561336,0.0,0.2534294399170909,0,0,182,0,0.5416083551236266,6.408765506007297,182,0.5206191782767922,13.580000065002467,180,0.6093543535206335,22.36618022753152,171,0.821963182064458,31.598495296452313,147,0.6325371349078611,42.20008083187739,123.0
AU,conditional_rates_balanced_q,3,2011-07-29,2026-09-30,3813,0.4448056735110356,0.4482590226886189,0.023868346848440084,1.2966352108394017,0.09788083224824207,0.07018932195717786,0.3703255723718649,0.5085774004331575,4.124306658662677,2.7990513616872232,0.09590259518465882,0.0,0.22678100266719797,0,0,61,0,0.5232658617375695,6.799296575856478,182,0.5157099336929233,13.831599145201977,180,0.5710988326641556,25.575805114196626,171,0.7893798713903389,32.782439692647316,147,0.5917649379870802,42.38621199278767,123.0
AU,options_daily_m,1,2011-07-29,2026-09-30,3813,0.4593188565501871,0.46005207832378825,0.02355431302681773,1.2466353333714726,0.02960931806810918,0.07018932195717786,0.3571734324982143,0.5085774004331575,1.5569742985938426,2.7990513616872232,-0.013023541417029771,0.029863168205680374,0.1413209948736201,0,0,182,0,0.5394099576878322,6.50852906631108,182,0.5669088794236572,12.759607770538544,180,0.7020740800874559,20.20431211200464,171,0.8012755147729791,22.675188948682045,147,0.6392617171934678,34.51212320963835,123.0
AU,options_daily_q,3,2011-07-29,2026-09-30,3813,0.4596144518122147,0.46036231177059717,0.02354787346877419,1.2702202009783714,0.051492799120390176,0.07018932195717786,0.35804774171293297,0.5085774004331575,2.1422528051636145,2.7990513616872232,0.02707017471191442,0.06146051499032605,0.13738558186597102,0,0,61,0,0.5276390115738054,6.37306583663142,182,0.5572249367809667,12.364402489777698,180,0.6690974206853424,21.678678860370415,171,0.8259568901815423,23.80405393469076,147,0.6974566751596591,29.195389891016088,123.0
AU,conditional_options_daily_m,1,2011-07-29,2026-09-30,3813,0.46399376315176954,0.4644638512792673,0.023452262797855474,1.2342510997959037,0.027914305780903037,0.07018932195717786,0.35551515523373306,0.5085774004331575,1.518532955487508,2.7990513616872232,-0.01515399211358981,0.02899903198712486,0.14277278967128287,0,0,182,0,0.5474842355742249,6.239565994244678,182,0.5724786366102985,12.385907451105421,180,0.6890733662524668,20.693726300027325,171,0.7818326575222294,22.306676370566247,147,0.6185813346592739,33.10191593473992,123.0
AU,conditional_options_daily_q,3,2011-07-29,2026-09-30,3813,0.46068064390589203,0.46129480405504397,0.023524631773309698,1.2637360676366116,0.0649390222633861,0.07018932195717786,0.35729555553398656,0.5085774004331575,2.5977832705652166,2.7990513616872232,0.04005006909279629,0.061239151185270596,0.1288126681118399,0,0,61,0,0.5232327744683005,6.3986231004336815,182,0.5461238694233068,12.157278224322294,180,0.6485666707040023,22.22576396267346,171,0.8307932893251853,25.361234262525766,147,0.7051043420211326,27.838148708456,123.0
AU,options_balanced_m,1,2011-07-29,2026-09-30,3813,0.4341098190368643,0.44665122311430366,0.024097162687662318,1.3069324655773762,0.031017726129656475,0.07018932195717786,0.39659794187972125,0.5085774004331575,1.5896051650742398,2.7990513616872232,-0.03879370325096709,0.030982995101606656,0.20252025194659973,0,0,182,0,0.534162468438083,6.416752822420552,182,0.528374644538544,12.003980733429753,180,0.6293607989860578,21.061154016205087,171,0.8421087478342271,24.488854556020677,147,0.6933283625393416,33.489244030562794,123.0
AU,options_balanced_q,3,2011-07-29,2026-09-30,3813,0.435470921488346,0.44490254711917543,0.02406816549503772,1.3233771866797976,0.04337525838536527,0.07018932195717786,0.38838660286243337,0.5085774004331575,1.9045893033108916,2.7990513616872232,-0.01843637040892021,0.09671963933837903,0.15663667789360783,0,0,61,0,0.5170626964619719,6.758819602185973,182,0.5323520002358889,12.878943790573583,180,0.6109666784840964,21.529835079151493,171,0.8259529222758334,23.820731597800027,147,0.6474024401088796,34.32771008868705,123.0
AU,conditional_options_balanced_m,1,2011-07-29,2026-09-30,3813,0.4342364922400569,0.44699164652583695,0.02409446548975263,1.3132838096953408,0.02912125499692153,0.07018932195717786,0.39720326499654607,0.5085774004331575,1.545813303590318,2.7990513616872232,-0.03809121012593797,0.029042021768100952,0.20879364365939512,0,0,182,0,0.5353758683137966,6.356052478541158,182,0.5201375474116334,11.827547628743378,180,0.626138731756211,20.605361345677366,171,0.8349103045077291,26.2914315107988,147,0.679375357102102,34.16991675091483,123.0
AU,conditional_options_balanced_q,3,2011-07-29,2026-09-30,3813,0.4322607783955784,0.4414603750789333,0.024136499202854055,1.3151106970699389,0.046581333820176374,0.07018932195717786,0.38647218143564643,0.5085774004331575,1.9953488689233823,2.7990513616872232,-0.014648832106731735,0.09546299453666195,0.16533146662099196,0,0,61,0,0.5102980796946277,6.972771799698451,182,0.5193875349587471,13.537959383856302,180,0.5852913574408805,23.892911386494387,171,0.8187636440612451,27.263621528825553,147,0.6236214846502535,37.980350261387365,123.0
AU,equity_conditional_options_balanced_m,1,2011-07-29,2026-09-30,3813,0.4447571624177391,0.45683612189753153,0.023869389595325016,1.2860216895900438,0.049373179650998855,0.07018932195717786,0.39948672852422334,0.5085774004331575,2.077656864588428,2.7990513616872232,-0.0409006720405769,0.039029972382911456,0.23511317847939564,0,0,182,0,0.5299358801643601,6.6050805850542185,182,0.5207324587103468,12.810490852994466,180,0.6090568419326574,23.667561001174995,171,0.8446278968903769,20.66227206012624,147,0.6870589348496536,34.78854475670201,123.0
AU,equity_conditional_options_balanced_q,3,2011-07-29,2026-09-30,3813,0.44235146427600747,0.4504339841950752,0.023921043104465016,1.3100308554456837,0.07487365245091815,0.07018932195717786,0.3869571897513394,0.5085774004331575,2.9908277183366105,2.7990513616872232,0.0022923537379444525,0.10997119929939421,0.186500756441438,0,0,61,0,0.5144072667650659,6.5383161399324425,182,0.5246552863526204,13.434405469129606,180,0.5706653053996869,24.629368381396954,171,0.8180621613556951,23.781654272196473,147,0.6209141555748939,45.527581048923,123.0
AU,conditional_rates_daily_priority_m,1,2011-07-29,2026-09-30,3813,0.4585586321286249,0.46028848525474736,0.02357086647449719,1.2641827740018996,0.09442771603343103,0.07018932195717786,0.3660715708712095,0.5085774004331575,3.93180738142631,2.7990513616872232,0.09188088941035844,0.0,0.17013678560193868,0,0,182,0,0.5642897355776335,6.26412276783298,182,0.5686341187879166,13.113025349001045,180,0.6799157856046651,21.134535655538457,171,0.8599116562844287,28.593809839544647,147,0.7542221349257683,33.033786592933055,123.0
AU,conditional_rates_daily_priority_q,3,2011-07-29,2026-09-30,3813,0.4600246848552313,0.46029566204608696,0.02353893360178049,1.2660679195520343,0.10316149647853767,0.07018932195717786,0.35315812262471596,0.5085774004331575,4.435782075650696,2.7990513616872232,0.1016546298733163,0.0,0.16463722018728752,0,0,61,0,0.5502754010158883,6.642101061831535,182,0.5573264485851781,13.586113810444871,180,0.6511619599516272,23.834037131806706,171,0.8405382931683447,30.263120601000683,147,0.7194970226068946,38.96633784207655,123.0
AU,conditional_options_daily_priority_m,1,2011-07-29,2026-09-30,3813,0.4573588438733994,0.46001256443571026,0.023596967545844786,1.262672406314053,0.03323145117879456,0.07018932195717786,0.3704823770275775,0.5085774004331575,1.642187908449645,2.7990513616872232,-0.021259126999816802,0.027943430977365305,0.12439474640401288,0,0,182,0,0.552750809024431,6.24231484122873,182,0.5614715560585877,12.300636074618948,180,0.6860062091300645,20.393386179216964,171,0.8432780300837818,22.880577888129338,147,0.7173901887328475,26.807367379522407,123.0
AU,conditional_options_daily_priority_q,3,2011-07-29,2026-09-30,3813,0.4539697788426774,0.45598008072494817,0.023670540273708168,1.281090531699928,0.05461987054774853,0.07018932195717786,0.3657506079298127,0.5085774004331575,2.2409839752170844,2.7990513616872232,0.011683473371357778,0.07572746249585662,0.11591288199779755,0,0,61,0,0.5301846862327508,6.673392222079272,182,0.547972054400206,12.826914982845599,180,0.6325704417135296,22.009722087763183,171,0.8203019781318475,26.2932365906578,147,0.6700993911408709,31.377849269694003,123.0
AU,volatility_gold_m,1,2011-07-29,2026-09-30,3813,0.42531112272280835,0.4627351455456989,0.024283776461255877,1.3502693286946816,0.09644001711061234,0.07018932195717786,0.44434355753709953,0.5085774004331575,4.042940127367513,2.7990513616872232,0.09433012001023222,0.0,0.0,0,0,182,116,0.6033939842166403,6.647374460369199,182,0.6531841027692571,11.160136947172516,180,0.7311915280335248,21.818257813103013,171,0.7303397703379249,20.351361316884365,147,0.6078981008344524,34.071243285514456,123.0
AU,volatility_gold_q,3,2011-07-29,2026-09-30,3813,0.42274153992190766,0.4591655071440462,0.024338005437651185,1.3466430147991462,0.0821238387896237,0.07018932195717786,0.4416773855991037,0.5085774004331575,3.3119988488272436,2.7990513616872232,0.0807312092635899,0.0,0.0,0,0,61,40,0.5954986293307498,6.358113609900867,182,0.6519696004610354,10.956244080951366,180,0.7276182532680395,23.09022588485655,171,0.7835491631583226,19.514782279796783,147,0.6210393727515251,32.955886375563104,123.0
FNV,gold_daily_m,1,2011-12-30,2026-09-30,3706,0.45478203515347737,0.45536404419966353,0.015486698692763331,0.8963093929734862,0.07819926540715572,0.14555605434402796,0.21914242621503935,0.33299111213892796,3.0364146209517924,7.423042985424168,0.07777633475641776,0.0,0.0,0,0,177,0,0.5539707069985909,3.5791874528201983,177,0.5181643525622857,6.534711486512768,175,0.4699179542292192,12.372726780921194,166,-0.9091302841132509,44.91663613270487,142,-1.3839819562740328,76.25891095417154,118.0
FNV,gold_daily_q,3,2011-12-30,2026-09-30,3706,0.45310933915569596,0.4536602107672379,0.015510436631182144,0.8978323378555599,0.07935606432811193,0.14555605434402796,0.218970031621702,0.33299111213892796,3.0848278291168545,7.423042985424168,0.07903960549601652,0.0,0.0,0,0,59,0,0.554298294482678,3.625426811254673,177,0.5166450723040019,6.487919018179877,175,0.47305945601226074,12.06734429876385,166,-0.9187714305828922,44.82800994023645,142,-1.3964508828845736,76.09067990690474,118.0
FNV,metals_daily_m,1,2011-12-30,2026-09-30,3706,0.45973211988805274,0.4602255660223566,0.015416235802659767,0.8976305615306382,0.07384369072286878,0.14555605434402796,0.22159180513310858,0.33299111213892796,2.8604109399276068,7.423042985424168,0.07318795776342624,0.0,0.0,0,0,177,0,0.5469757706837797,3.5021864236612466,177,0.5214986294193691,6.599670037197525,175,0.4594050070962131,13.161906715655276,166,-0.9990744649989338,49.78188596225264,142,-1.6386495240556247,80.59567786459087,118.0
FNV,metals_daily_q,3,2011-12-30,2026-09-30,3706,0.4583256788216671,0.45878566609935395,0.015436288757347262,0.9040942866574957,0.07539035368271163,0.14555605434402796,0.22155540950072003,0.33299111213892796,2.9217908633536664,7.423042985424168,0.07495427667150034,0.0,0.0,0,0,59,0,0.5467433605078155,3.4760210994966734,177,0.5190006331626379,6.5591141597234115,175,0.46575704115414973,13.077474208017225,166,-0.9725953955018676,49.46556591277288,142,-1.631125186167767,78.99032028967186,118.0
FNV,rates_daily_m,1,2011-12-30,2026-09-30,3706,0.45803591859654025,0.4584239832533361,0.015440416906240319,0.9018586313674406,0.07925834014283284,0.14555605434402796,0.22217679081919983,0.33299111213892796,3.0807103133141616,7.423042985424168,0.07838523646620921,0.0,0.07457772158806937,0,0,177,0,0.5411513144913792,3.491429434710147,177,0.5165292833178582,6.578775435865136,175,0.4499625669792341,13.168398672289577,166,-1.0691454571477061,47.75454228312891,142,-1.7989964600192736,80.67047038640929,118.0
FNV,rates_daily_q,3,2011-12-30,2026-09-30,3706,0.4562156480000197,0.4565843584449765,0.015466324690568443,0.9018987976804508,0.08006266804132389,0.14555605434402796,0.22198422137334983,0.33299111213892796,3.114752912996012,7.423042985424168,0.07949805614679084,0.0,0.08192472996921646,0,0,59,0,0.5413032820887336,3.5647456221682194,177,0.5136927513563037,6.422460800399166,175,0.45178091830069456,12.812343408728916,166,-1.061629143702,48.38485701941977,142,-1.8324970295893177,80.76350139756983,118.0
FNV,conditional_rates_daily_m,1,2011-12-30,2026-09-30,3706,0.46257990704201457,0.46319242624016144,0.015375552129189745,0.8977663996490338,0.07734984956793745,0.14555605434402796,0.22078485883487856,0.33299111213892796,3.0013177190523184,7.423042985424168,0.07590131313242354,0.0,0.0810340810198278,0,0,177,0,0.5403552466671804,3.6176465018425086,177,0.5182438043933444,6.43060381631031,175,0.45109978922490257,13.46691874798996,166,-1.0000116849574159,47.92873437189353,142,-1.7182092365805026,80.08123888558063,118.0
FNV,conditional_rates_daily_q,3,2011-12-30,2026-09-30,3706,0.45639706821016734,0.45680655110238905,0.0154637444968442,0.9039518346996175,0.08094520962683549,0.14555605434402796,0.22130124052596523,0.33299111213892796,3.1525091598337047,7.423042985424168,0.08019833056341374,0.0,0.08824781135512992,0,0,59,0,0.5441955016853844,3.576139391858235,177,0.5155814210236158,6.5335602807758075,175,0.4395874177307595,13.375168289382893,166,-1.114512677726215,49.420575947780144,142,-1.9099201623797506,81.73781053177898,118.0
FNV,rates_balanced_m,1,2011-12-30,2026-09-30,3706,0.39879571201711383,0.40019162571356987,0.016262406211525055,0.9518622981531021,0.05891541754289986,0.14555605434402796,0.220998598461071,0.33299111213892796,2.3267088568612055,7.423042985424168,0.057635503676339184,0.0,0.26587443439547137,0,0,177,0,0.4671445985830356,3.997816170475077,177,0.43945065752248136,6.78439272578959,175,0.45623007872383103,13.599095328932847,166,-0.12024586973608242,38.03531320334652,142,-1.058762213222583,66.23968335941325,118.0
FNV,rates_balanced_q,3,2011-12-30,2026-09-30,3706,0.39765310284303823,0.39881284255525024,0.016277852503702565,0.9415059981428296,0.058344459407712046,0.14555605434402796,0.2192355270122728,0.33299111213892796,2.308270890397112,7.423042985424168,0.057320312526845774,0.0,0.2411858148536143,0,0,59,0,0.46544761092831943,4.095679838716659,177,0.43399397445416876,6.549763701815847,175,0.43092056432279535,13.42310711594416,166,-0.16304111153877088,39.332508655682055,142,-1.1875696590753093,67.99478473270985,118.0
FNV,conditional_rates_balanced_m,1,2011-12-30,2026-09-30,3706,0.3993527870356781,0.4004715017587498,0.01625487010441613,0.9509596995615179,0.056701664805747454,0.14555605434402796,0.21933575035438874,0.33299111213892796,2.2559769832067755,7.423042985424168,0.05504848228786274,0.0,0.28924235316911523,0,0,177,0,0.46419060134926615,3.819065568476643,177,0.43521309217586035,7.024317126515611,175,0.4601075511838305,13.429568859752184,166,-0.10691991337487727,37.48830288208898,142,-1.055108872134658,66.2893576565422,118.0
FNV,conditional_rates_balanced_q,3,2011-12-30,2026-09-30,3706,0.39544551564879526,0.3966442750689165,0.016307654196110886,0.9408183936801311,0.056643490756779435,0.14555605434402796,0.21882100825115142,0.33299111213892796,2.254145577589133,7.423042985424168,0.055421651969809194,0.0,0.27197569689856765,0,0,59,0,0.4681529671131923,4.139083769126617,177,0.4357069477502058,6.770511321015549,175,0.4268815112140737,13.946684297868705,166,-0.15891119201131243,40.01733380075647,142,-1.218043689704444,68.22266162154507,118.0
FNV,options_daily_m,1,2011-12-30,2026-09-30,3706,0.4543384139281912,0.4549222800278128,0.015492997853609056,0.9042686252291987,0.03966935148811501,0.14555605434402796,0.22548596183970576,0.33299111213892796,1.7751327326398338,7.423042985424168,0.008306160522325134,0.018681752046390176,0.07980323564223457,0,0,177,0,0.5298475891154103,3.4639210159207012,177,0.4784959108776702,6.350752999689813,175,0.35537733403900373,15.48071296525989,166,-1.4000336458675542,54.30648283958439,142,-2.307269615349664,91.97569511489706,118.0
FNV,options_daily_q,3,2011-12-30,2026-09-30,3706,0.45209373169746236,0.45259361272748133,0.015524831838214535,0.9054297247652591,0.057272005481910915,0.14555605434402796,0.22676995092867086,0.33299111213892796,2.2740057657496457,7.423042985424168,0.03758138572661274,0.048553228884361116,0.08538735552172075,0,0,59,0,0.5237955694122134,3.5363763841371743,177,0.49287356028245144,6.442839645593512,175,0.40790234945522674,14.7594979316306,166,-1.3110625194328631,56.854598912965805,142,-2.143013162003446,87.88618399425697,118.0
FNV,conditional_options_daily_m,1,2011-12-30,2026-09-30,3706,0.46024320166838306,0.4608993355527096,0.015408942363846405,0.8993839020206053,0.03862119530000241,0.14555605434402796,0.22336631321652195,0.33299111213892796,1.7489152529305592,7.423042985424168,0.004384581607228988,0.019551723437474966,0.08549077583251632,0,0,177,0,0.5263868147857951,3.370991822605951,177,0.47502403600035636,6.508168143687976,175,0.35359815616963963,14.26947018543262,166,-1.2836046092370816,52.21931673318514,142,-2.1638035965893176,88.53180075190095,118.0
FNV,conditional_options_daily_q,3,2011-12-30,2026-09-30,3706,0.4530075410061115,0.4534350078235226,0.015511880119243428,0.9032881259775364,0.060721128532950086,0.14555605434402796,0.22568895545073966,0.33299111213892796,2.385928456429155,7.423042985424168,0.040036926664003714,0.050360977122312925,0.09092368053231338,0,0,59,0,0.5261796710448662,3.5679573275845367,177,0.4858833824478479,6.65603881046234,175,0.39344424607759965,15.178585907941427,166,-1.2672611728802865,56.15941375325293,142,-2.1179800566797127,86.78885732549358,118.0
FNV,options_balanced_m,1,2011-12-30,2026-09-30,3706,0.40193429397215386,0.40534039099698554,0.016219901787659908,0.9492817347804657,0.04297639169031586,0.14555605434402796,0.22982871203144695,0.33299111213892796,1.8602730515528136,7.423042985424168,0.011274051466739987,0.009528848241347171,0.2509194142489163,0,0,177,0,0.48393739640216626,3.6075206583189523,177,0.443352441448551,6.784392725789523,175,0.44289148470911277,13.460474129646476,166,-0.15948732734945414,38.33817841533398,142,-1.1674898916363428,70.5757710832762,118.0
FNV,options_balanced_q,3,2011-12-30,2026-09-30,3706,0.3934965483509334,0.3964822471006471,0.01633391941382498,0.9461064168036308,0.048020891631941565,0.14555605434402796,0.22625230686016734,0.33299111213892796,1.997505516154721,7.423042985424168,0.02040530201186197,0.045170951531670556,0.2207101014796367,0,0,59,0,0.4529033019838705,4.119326552419011,177,0.40115534608441294,7.060846280783107,175,0.4027547076474983,13.704498093200845,166,-0.30213230930367607,42.02352491292492,142,-1.3170868044172028,72.91510976413626,118.0
FNV,conditional_options_balanced_m,1,2011-12-30,2026-09-30,3706,0.4024099783184867,0.4054569812219132,0.01621345008168958,0.9504006306357338,0.04076422599015417,0.14555605434402796,0.22863343560251254,0.33299111213892796,1.8029096886066127,7.423042985424168,0.007972795218857076,0.010140604061187617,0.2730974013970267,0,0,177,0,0.48298366297674056,3.604916324108165,177,0.43835063937400676,7.009597948900915,175,0.44763506399546704,13.417912890720041,166,-0.13877337595449202,36.308775765826184,142,-1.1585778959481345,70.63746366370019,118.0
FNV,conditional_options_balanced_q,3,2011-12-30,2026-09-30,3706,0.3919338957130093,0.3949966474436473,0.01635494800201385,0.9429787679105486,0.04922402626952804,0.14555605434402796,0.226147304133052,0.33299111213892796,2.031601317764967,7.423042985424168,0.021706029138836902,0.04547451922666894,0.2509143280542053,0,0,59,0,0.4596881794504487,4.136207922865265,177,0.40387583025820284,7.054342962207228,175,0.3998028414040843,13.627338607000244,166,-0.3029811006718055,42.577703815780545,142,-1.3590998683437472,71.71707523734975,118.0
FNV,equity_conditional_options_balanced_m,1,2011-12-30,2026-09-30,3706,0.4240582836729795,0.4279602535640355,0.0159170667786506,0.9020614843220656,0.10255590635458511,0.14555605434402796,0.23823014250826607,0.33299111213892796,4.2215743759239395,7.423042985424168,0.06321217299351933,0.013472096911135812,0.29082512739599137,0,0,177,0,0.5309564177689834,3.551430919593712,177,0.46220863107241106,7.009343328171525,175,0.5710643093393178,11.61450571100804,166,0.5869952534773712,17.445214417486376,142,0.5815739175109192,24.025781088821685,118.0
FNV,equity_conditional_options_balanced_q,3,2011-12-30,2026-09-30,3706,0.40828495335334514,0.4124449291429973,0.016133555102549678,0.9090291081894648,0.11662314683771746,0.14555605434402796,0.23506652031343866,0.33299111213892796,5.089750751464346,7.423042985424168,0.08425715087005359,0.05244603026359983,0.27056393177956845,0,0,59,0,0.5091392898344188,4.033668657136147,177,0.4386891710098163,7.217068230049084,175,0.5376168316481473,10.596668549671652,166,0.4902994197460988,18.32058908080668,142,0.5043165022427826,26.99100759454559,118.0
FNV,conditional_rates_daily_priority_m,1,2011-12-30,2026-09-30,3706,0.4418431999035912,0.4424558587820679,0.015669382434130328,0.9241822533107079,0.06018022755330521,0.14555605434402796,0.21697065129174986,0.33299111213892796,2.3680434446061,7.423042985424168,0.05876393421674431,0.0,0.14458422478003433,0,0,177,0,0.5103531598830646,3.6799820205026257,177,0.4772921993447856,6.532677310327717,175,0.45835285242282164,13.665526815681728,166,-0.33110805644967,41.73350166749332,142,-1.2066442383667533,70.09019552162829,118.0
FNV,conditional_rates_daily_priority_q,3,2011-12-30,2026-09-30,3706,0.43726438393706635,0.4377308849428028,0.015733522721504214,0.9246370876860817,0.06247598189253267,0.14555605434402796,0.2177952153212423,0.33299111213892796,2.444823836384952,7.423042985424168,0.06157668063789079,0.0,0.14057233424911797,0,0,59,0,0.5132026422443068,3.728005620559516,177,0.4750818319677903,6.429645939754858,175,0.4426862773032283,13.810551480826716,166,-0.40193516319990175,42.973902056372395,142,-1.3519200091832593,73.3103253942902,118.0
FNV,conditional_options_daily_priority_m,1,2011-12-30,2026-09-30,3706,0.44366222241498465,0.4442524514626439,0.015643828485891367,0.9187668309376843,0.04057380215027284,0.14555605434402796,0.22084567253007137,0.33299111213892796,1.7980497137300486,7.423042985424168,0.01427236851114122,0.009939929955393344,0.13147824132050207,0,0,177,0,0.5145970857903857,3.5723924454145406,177,0.46826924359792854,6.487028903343461,175,0.4335045439181232,14.692007625466964,166,-0.4119463181530916,42.15990444510385,142,-1.384252208390698,73.2893841821737,118.0
FNV,conditional_options_daily_priority_q,3,2011-12-30,2026-09-30,3706,0.43565006167425324,0.43616929496449125,0.01575607397454215,0.9123520139015274,0.05064914160053324,0.14555605434402796,0.2216044009864973,0.33299111213892796,2.0726896018428334,7.423042985424168,0.03227073921187529,0.033303093177305176,0.12882803135701468,0,0,59,0,0.5010836866987711,3.740845197487508,177,0.4513129141014349,6.581986933654083,175,0.4125158777926732,14.29256684996189,166,-0.5598140327829626,44.750772435772205,142,-1.5124556706853238,75.18546956955808,118.0
FNV,volatility_gold_m,1,2011-12-30,2026-09-30,3706,0.3481395110338499,0.45745316410498316,0.016933670278801095,0.9960677670171798,0.0827259006715153,0.14555605434402796,0.3352595203673623,0.33299111213892796,3.2299917874873847,7.423042985424168,0.0814300175024858,0.0,0.0,0,0,177,0,0.4801368021776845,4.006171711882223,177,0.3869327926183669,7.966846307386355,175,0.0369287585746485,16.992830614568366,166,-4.196095151391542,46.54581155795531,142,-3.2912142359578827,85.94447750386726,118.0
FNV,volatility_gold_q,3,2011-12-30,2026-09-30,3706,0.3359729642343493,0.4531131112205755,0.017090967611920707,1.0052610789633203,0.0669052527120102,0.14555605434402796,0.3380338122150365,0.33299111213892796,2.5995588353573624,7.423042985424168,0.06603875863971176,0.0,0.0,0,0,59,0,0.45406769918409107,3.972040706693336,177,0.3347389663037511,8.244317711017734,175,-0.014600819837076173,17.911639430985314,166,-4.055102732635157,47.40815394826141,142,-3.2826654508103514,85.52582874525352,118.0
WPM,gold_daily_m,1,2011-07-29,2026-09-30,3813,0.4927706621707272,0.49341040257077684,0.01778912877279363,0.9971556825342478,0.07342346854969439,0.10401965719452955,0.28774093078367463,0.39656074656711865,2.930183998900058,4.488428848832516,0.07268874385886193,0.0,0.0,0,0,182,0,0.603006908552566,4.854590380042617,182,0.6055346212311348,7.697958062536508,180,0.7289750797752719,8.936058284853177,171,0.8313368726509972,15.970279114401077,147,0.667917271932428,23.67308263564305,123.0
WPM,gold_daily_q,3,2011-07-29,2026-09-30,3813,0.49142997492656637,0.4924248244343652,0.017812622996651498,1.004937465765443,0.0695740202016939,0.10401965719452955,0.2900545102791543,0.39656074656711865,2.7747323413744933,4.488428848832516,0.06905053710360609,0.0,0.0,0,0,61,0,0.6013190059238009,4.692163728574456,182,0.5997428629127828,7.612393070056722,180,0.7238988395082915,10.01097434875965,171,0.8324353201340129,17.669227114485274,147,0.6722602779155447,24.60453535367457,123.0
WPM,metals_daily_m,1,2011-07-29,2026-09-30,3813,0.5365677533548313,0.5371667248459621,0.017003785637942727,0.9489741176461514,0.04933314073347095,0.10401965719452955,0.29881326964531013,0.39656074656711865,2.0764543646499507,4.488428848832516,0.04843704793480197,0.0,0.0,0,0,182,0,0.6538459012410532,4.220628882727673,182,0.6431435731087614,7.457508183763734,180,0.7144709125738287,11.542673824179717,171,0.7681403700737113,18.279243052670747,147,0.5317626975910885,35.29667199689659,123.0
WPM,metals_daily_q,3,2011-07-29,2026-09-30,3813,0.5358685000430402,0.5367988331872824,0.017016608949036095,0.9543061936842864,0.045890711345663915,0.10401965719452955,0.3013683009173215,0.39656074656711865,1.975463525605186,4.488428848832516,0.045261874111857114,0.0,0.0,0,0,61,0,0.6549686637265381,4.099971305995642,182,0.6456108786914806,7.418784261058281,180,0.723169829670177,11.564944851630699,171,0.7769047268141748,19.204140935137904,147,0.5414056100888791,33.07993388292558,123.0
WPM,rates_daily_m,1,2011-07-29,2026-09-30,3813,0.5382225553295608,0.5388715284744201,0.01697340033181568,0.9634219569874345,0.04131774017486545,0.10401965719452955,0.2994440010038272,0.39656074656711865,1.8483911739812346,4.488428848832516,0.04011638933984485,0.0,0.15155185734419718,0,0,182,0,0.6546247693299307,4.366340841912081,182,0.633534400868655,7.6502390952303045,180,0.7103467527198148,11.113002737117295,171,0.7888854751331876,18.460337523420378,147,0.5819579164056737,31.541527537729365,123.0
WPM,rates_daily_q,3,2011-07-29,2026-09-30,3813,0.5377866536809696,0.5385949773794529,0.016981409588287512,0.9585901205648382,0.040971780729811114,0.10401965719452955,0.3007584020455827,0.39656074656711865,1.8390953071002727,4.488428848832516,0.04018391824329859,0.0,0.151929651616511,0,0,61,0,0.6577200699036421,4.048932342610378,182,0.63848781729154,7.5316237345989805,180,0.7201229400001123,11.100346284548824,171,0.7950394557807002,18.654822133985128,147,0.5927905902463722,30.40056284854138,123.0
WPM,conditional_rates_daily_m,1,2011-07-29,2026-09-30,3813,0.5392597619237256,0.5397827773811706,0.01695432748649398,0.9538269658392509,0.039635746126429394,0.10401965719452955,0.2983003900662553,0.39656074656711865,1.8036046891867967,4.488428848832516,0.03785159245557157,0.0,0.15420498808789967,0,0,182,0,0.6544021133747635,4.1934012078720055,182,0.638518254382285,7.599831972415261,180,0.7197972954671972,11.011180734177572,171,0.8137168961958938,16.16936422590427,147,0.6331617541576342,28.29005612968063,123.0
WPM,conditional_rates_daily_q,3,2011-07-29,2026-09-30,3813,0.5373535579891453,0.5379193942409186,0.016989363548707132,0.9603896080732666,0.042504904358190654,0.10401965719452955,0.29840049044280703,0.39656074656711865,1.8806248479216885,4.488428848832516,0.04148671598865028,0.0,0.16010404943397474,0,0,61,0,0.6603363791885741,3.984933185924977,182,0.6451647752622995,7.452332076450641,180,0.7278655410169155,11.368140946622617,171,0.8057233374870829,19.3311537564407,147,0.6227648350761862,29.533372849506723,123.0
WPM,rates_balanced_m,1,2011-07-29,2026-09-30,3813,0.49345966778142714,0.5121777933386588,0.01777704254889798,0.975723180435465,0.03078659829562902,0.10401965719452955,0.3377728689531828,0.39656074656711865,1.584206804653772,4.488428848832516,0.029187736641823614,0.0,0.18030190413545755,0,0,182,0,0.6431534060507764,3.8261302896702096,182,0.6561104313796522,7.298730904138378,180,0.744814976051465,12.542757427102536,171,0.7928696117181286,21.05682939820599,147,0.5770331861896583,34.9850282804996,123.0
WPM,rates_balanced_q,3,2011-07-29,2026-09-30,3813,0.4982295900132122,0.5139222181922181,0.017693144315753712,0.9800576682760083,0.03424014080525861,0.10401965719452955,0.3336645771089977,0.39656074656711865,1.6666822703409865,4.488428848832516,0.03304212811611262,0.0,0.1599576299103898,0,0,61,0,0.6426999344237121,4.109662147040726,182,0.6480489763368827,7.260342218974703,180,0.7207789429764173,13.224981727828133,171,0.7759710495506211,22.58641530536847,147,0.5456982412819569,36.625059187298845,123.0
WPM,conditional_rates_balanced_m,1,2011-07-29,2026-09-30,3813,0.4924183065971822,0.5108828858337546,0.01779530646207689,0.9726125082220032,0.029938895318480485,0.10401965719452955,0.33703631598789263,0.39656074656711865,1.5645535781826554,4.488428848832516,0.027945238031886754,0.0,0.18107797825666452,0,0,182,0,0.6429691208459982,3.9325652076321385,182,0.6624303717213194,7.21974297873475,180,0.7496640080370907,11.930226925408661,171,0.8091214630484824,22.621124262387017,147,0.591964902367588,35.021366899069626,123.0
WPM,conditional_rates_balanced_q,3,2011-07-29,2026-09-30,3813,0.49508391836204024,0.5096739839928212,0.017748518111789513,0.9725022988123398,0.03460429395439668,0.10401965719452955,0.3306942561701983,0.39656074656711865,1.6756086582031804,4.488428848832516,0.03315303698199257,0.0,0.17361463685438008,0,0,61,0,0.6412725982049525,4.117161063953673,182,0.6559119184866418,7.030983987792316,180,0.7269325431005383,13.01829147154855,171,0.7993103814050437,22.09307074182414,147,0.5697867458597585,34.747302772359554,123.0
WPM,options_daily_m,1,2011-07-29,2026-09-30,3813,0.5389537444628604,0.5403717196351637,0.016959956969879918,0.9544732069001614,-0.009947423780189313,0.10401965719452955,0.30356069548143916,0.39656074656711865,0.8592549001011258,4.488428848832516,-0.05053894016986582,0.02872527914171723,0.15604434516306911,0,0,182,0,0.6503531718463698,4.313361775223329,182,0.6185835955762296,7.564846898788158,180,0.6608261164641647,12.9952822905949,171,0.6911309453534404,27.01461216031664,147,0.3190663765578857,50.20494375615452,123.0
WPM,options_daily_q,3,2011-07-29,2026-09-30,3813,0.5358160648806982,0.5378333222141336,0.0170175701458664,0.9470500933310998,0.00880953486956848,0.10401965719452955,0.306948487226145,0.39656074656711865,1.142345058312279,4.488428848832516,-0.017067937316420645,0.0701031915344934,0.1539037133070154,0,0,61,0,0.6542445169966626,3.8807568949096094,182,0.636267193991426,7.589859215487521,180,0.7055711770108455,12.137684849496233,171,0.7436476265285317,24.22647755916949,147,0.45523472745950866,41.48971867129521,123.0
WPM,conditional_options_daily_m,1,2011-07-29,2026-09-30,3813,0.5407744582263645,0.5419090275365219,0.016926435633051382,0.9537663536328823,-0.011839130966164513,0.10401965719452955,0.30181744945779265,0.39656074656711865,0.8346782333551976,4.488428848832516,-0.05573478222163997,0.030607673523512957,0.159471202237539,0,0,182,0,0.6484099474893937,4.327275585140155,182,0.6214890871295878,7.617095203648527,180,0.6666453750351575,12.22623004630712,171,0.7168467104576406,25.88100455820691,147,0.3742358616797774,47.866125569690986,123.0
WPM,conditional_options_daily_q,3,2011-07-29,2026-09-30,3813,0.5362425166058657,0.5379522311651589,0.01700975121981358,0.9493298432144286,0.011662422717013676,0.10401965719452955,0.30548013110800115,0.39656074656711865,1.1923569725552918,4.488428848832516,-0.015188433614894081,0.07103111282376211,0.1620278376286028,0,0,61,0,0.6568034313879249,3.9669333043394097,182,0.6392398496675309,7.501996071828993,180,0.7132128025904211,11.718198865265194,171,0.7711338252030542,22.623145358631124,147,0.5227781704403499,38.37877247368747,123.0
WPM,options_balanced_m,1,2011-07-29,2026-09-30,3813,0.4924435878124517,0.511441375952902,0.01779486328949862,0.9710965899999378,0.028418184303004468,0.10401965719452955,0.3379598791142316,0.39656074656711865,1.5298668388108336,4.488428848832516,0.023962694136908214,0.002256086356710351,0.18134959897348035,0,0,182,0,0.6364048957751098,3.916764788667754,182,0.6455134012993269,7.496143868867988,180,0.7403788181732569,12.289837125849113,171,0.7884489753306961,22.534274994171753,147,0.5642400727019916,35.72764339459504,123.0
WPM,options_balanced_q,3,2011-07-29,2026-09-30,3813,0.4938062185611939,0.5132157214894656,0.017770960405353368,0.9829848757623393,0.030818629396945685,0.10401965719452955,0.33905995083006474,0.39656074656711865,1.5849539187285306,4.488428848832516,0.019261782304995423,0.02718677386453173,0.16374072801323364,0,0,61,0,0.6259617500710488,3.9813916832189267,182,0.6249104365315878,7.5118054790628825,180,0.7288702087246433,13.657153400604049,171,0.7922044502336976,22.543894793906063,147,0.5961677380983517,36.74451458867721,123.0
WPM,conditional_options_balanced_m,1,2011-07-29,2026-09-30,3813,0.4916894760796148,0.5103265725405338,0.017808077913594178,0.9710228622506718,0.026930493408801714,0.10401965719452955,0.33711483182611596,0.39656074656711865,1.4966294986602156,4.488428848832516,0.0218512941407496,0.002351666166845212,0.18231318112312794,0,0,182,0,0.6347055988428154,3.945305025860002,182,0.6489154582334069,7.951054730986923,180,0.7418223414994249,11.886718469796199,171,0.805718923352119,22.819958597405144,147,0.5790119293994576,35.435002509888136,123.0
WPM,conditional_options_balanced_q,3,2011-07-29,2026-09-30,3813,0.4897295684289581,0.508975405973596,0.017842376445558663,0.97890967292233,0.031750402075597206,0.10401965719452955,0.33765204088181644,0.39656074656711865,1.6068317731178108,4.488428848832516,0.019318565148192413,0.028160417646270954,0.18031148024856825,0,0,61,0,0.6221873502640369,4.094909103437422,182,0.6266608471911403,7.730852307171854,180,0.7262725908036372,14.190467050894862,171,0.8176196209901923,21.696623232236067,147,0.6338202380979738,33.875019886286125,123.0
WPM,equity_conditional_options_balanced_m,1,2011-07-29,2026-09-30,3813,0.5280012112219425,0.5438220977811684,0.01716022344503194,0.9478718656138169,0.08742660494286625,0.10401965719452955,0.3422761011760393,0.39656074656711865,3.566996304431024,4.488428848832516,0.07146444902469962,0.009111467458069384,0.181623681749683,0,0,182,0,0.6503368312007909,4.10387860320311,182,0.6673337852502239,8.15464148782501,180,0.7920421300716589,10.258701260633751,171,0.8771985727217408,13.089996931757142,147,0.8356869347431788,16.224975224639195,123.0
WPM,equity_conditional_options_balanced_q,3,2011-07-29,2026-09-30,3813,0.5253057611985755,0.5406785261661814,0.017209152252777842,0.9469827429765487,0.1028083886413178,0.10401965719452955,0.3407464109268382,0.39656074656711865,4.414287448977626,4.488428848832516,0.08223064619202236,0.04512582798792566,0.16777789674915383,0,0,61,0,0.641686699646036,3.9735656568655853,182,0.6583326284709133,8.128467825195473,180,0.8054956324719479,10.818581522498327,171,0.8964756694577598,11.773983721383697,147,0.9142780237614737,12.726881098978637,123.0
WPM,conditional_rates_daily_priority_m,1,2011-07-29,2026-09-30,3813,0.5257651684412372,0.5300231571134707,0.017200822761585365,0.9533925794398627,0.035743080347179434,0.10401965719452955,0.3139337043526616,0.39656074656711865,1.7038124577869982,4.488428848832516,0.03402526568697617,0.0,0.11366087609540902,0,0,182,0,0.6557831520869818,4.0789914176619035,182,0.6527105753293548,7.259512344569807,180,0.7386708688758954,11.52583477884196,171,0.808474842286479,19.970675000566086,147,0.6046895223293984,32.15468132036432,123.0
WPM,conditional_rates_daily_priority_q,3,2011-07-29,2026-09-30,3813,0.5251415498500223,0.5287838389764883,0.017212128583134766,0.9510676754264908,0.039544286517940286,0.10401965719452955,0.31164217541891115,0.39656074656711865,1.8011986923247243,4.488428848832516,0.0384380413161487,0.0,0.12457092720786912,0,0,61,0,0.6578745913104085,4.156935767947084,182,0.6527918462722884,7.3140795241948275,180,0.7333320148996058,11.81367297004755,171,0.8009934508768582,21.229788700376616,147,0.5921612743888747,31.885234804570494,123.0
WPM,conditional_options_daily_priority_m,1,2011-07-29,2026-09-30,3813,0.5256460368900593,0.5302503197124915,0.017202983117474025,0.9491034451183451,0.02568609244801845,0.10401965719452955,0.3149143010774584,0.39656074656711865,1.4693469895672875,4.488428848832516,0.018639137806452766,0.0042259911696933255,0.11512955479813494,0,0,182,0,0.6508416631769345,4.114851977669575,182,0.6428586476967264,7.247353846899363,180,0.7310616565905597,11.449641398849597,171,0.7864487747059192,22.690820152005607,147,0.5439915302169184,36.241299113579785,123.0
WPM,conditional_options_daily_priority_q,3,2011-07-29,2026-09-30,3813,0.5237051839075331,0.529342617777483,0.017238140806205553,0.9455909736204132,0.03195672546225636,0.10401965719452955,0.31769978269181787,0.39656074656711865,1.6117142036888512,4.488428848832516,0.0183928984738555,0.03612435065768942,0.1243607407767584,0,0,61,0,0.6464525945515354,3.978409044122949,182,0.6384114336364753,7.6171656622975705,180,0.7412588212389032,12.751750578863707,171,0.8151351935411959,21.76500580564067,147,0.6228984678409122,32.92482335993745,123.0
WPM,volatility_gold_m,1,2011-07-29,2026-09-30,3813,0.3854189042962959,0.4887525262400323,0.019581325878942624,1.0807583782416796,0.06841993436672889,0.10401965719452955,0.4047037064563885,0.39656074656711865,2.7296499593044605,4.488428848832516,0.0665576311141034,0.0,0.0,0,0,182,34,0.5535720298215945,4.738306330792241,182,0.598941431786203,7.642523034714143,180,0.6811165510558317,14.140114677782412,171,0.5701990775051919,21.74844364789993,147,0.6621882323425455,25.928509132482823,123.0
WPM,volatility_gold_q,3,2011-07-29,2026-09-30,3813,0.3680101505935006,0.48135382723280223,0.019856721650525485,1.0842426874312372,0.05353049034862489,0.10401965719452955,0.40861728126647434,0.39656074656711865,2.206116358926298,4.488428848832516,0.05234958178761029,0.0,0.0,0,0,61,12,0.5312132410252459,4.692568965671079,182,0.5635596462496024,7.719459235456777,180,0.6553598687088769,14.202430136458677,171,0.5925486051553077,23.338949248294472,147,0.630389057809554,32.890249323298406,123.0
RGLD,gold_daily_m,1,2011-07-29,2026-09-30,3813,0.43534626998832837,0.43545461429423044,0.017520979749870772,0.9428217777781824,0.07721704625882353,0.1028044379807247,0.24364083008475476,0.3701898560573285,3.091307276485179,4.414047512907634,0.07666494635636312,0.0,0.0,0,0,182,0,0.5166879199790511,4.762342858783441,182,0.5007390669343788,7.967648456244514,180,0.2864276667987744,14.736045476840609,171,-0.2427768091225906,35.391017452752216,147,-0.4082223928622364,54.079222664623614,123.0
RGLD,gold_daily_q,3,2011-07-29,2026-09-30,3813,0.43437216384595734,0.43447710984384064,0.017536086299749908,0.9456667954311228,0.07735782707009076,0.1028044379807247,0.24382922333410373,0.3701898560573285,3.0974429321930064,4.414047512907634,0.07695743245674724,0.0,0.0,0,0,61,0,0.5115773686683782,4.699314958103945,182,0.4967474864916843,8.093805255882247,180,0.2792873012938435,14.622136497391347,171,-0.2753833470612188,36.0019448239173,147,-0.4321874999908146,55.015732427198486,123.0
RGLD,metals_daily_m,1,2011-07-29,2026-09-30,3813,0.44592786550008967,0.4460797254646046,0.017356031974370422,0.9198899170717117,0.0658976759300276,0.1028044379807247,0.24850956776812255,0.3701898560573285,2.633493186019598,4.414047512907634,0.06510006682672898,0.0,0.0,0,0,182,0,0.527826522544891,4.517384119984697,182,0.5089022210670533,8.296896705979522,180,0.2975453986031348,15.380073854744836,171,-0.21720634350571655,29.468858484583293,147,-0.4205423001451356,55.30212139055094,123.0
RGLD,metals_daily_q,3,2011-07-29,2026-09-30,3813,0.44510574436178496,0.44528583726610477,0.01736890346787537,0.9226604190484591,0.06721462054225835,0.1028044379807247,0.24953228278086426,0.3701898560573285,2.6832975046526975,4.414047512907634,0.06669365696293772,0.0,0.0,0,0,61,0,0.5217702759143366,4.462068332667219,182,0.5033180738756691,8.200368902928046,180,0.28379188473314465,15.977151317308348,171,-0.2384608745938679,31.602413812423478,147,-0.4226064053201617,55.00066885865864,123.0
RGLD,rates_daily_m,1,2011-07-29,2026-09-30,3813,0.44583316946003826,0.4460266315243922,0.017357515064006485,0.9193247686465117,0.05477600004101202,0.1028044379807247,0.2482455633701487,0.3701898560573285,2.2460231536108677,4.414047512907634,0.05377385512934696,0.0,0.08325894293324841,0,0,182,0,0.5265347896088348,4.477278832783471,182,0.496169866566213,8.331008134113588,180,0.29578514742431905,15.690327792099856,171,-0.15350184134134892,28.28181728882867,147,-0.32965664676747886,52.03358387033992,123.0
RGLD,rates_daily_q,3,2011-07-29,2026-09-30,3813,0.4447423750725997,0.4449615602329089,0.017374589500076334,0.9237648660503059,0.05669827760626123,0.1028044379807247,0.24935973520062577,0.3701898560573285,2.3089395620841167,4.414047512907634,0.05604530295058008,0.0,0.07875092098862436,0,0,61,0,0.5219056111478104,4.472701563294618,182,0.49314437748564677,8.296030904190898,180,0.29151567850086657,16.016673375176126,171,-0.1562588833289309,28.85400396877751,147,-0.3243535335564547,54.176140682394006,123.0
RGLD,conditional_rates_daily_m,1,2011-07-29,2026-09-30,3813,0.4493693623303394,0.4496016944686745,0.017302046432112864,0.9064854290553686,0.054086251631796145,0.1028044379807247,0.24586536468475628,0.3701898560573285,2.2238407022991966,4.414047512907634,0.052468210995399556,0.0,0.09000223156529642,0,0,182,0,0.5276193851886044,4.510059746865713,182,0.4946264445372829,8.31566939141178,180,0.28568412465151016,15.713679815880521,171,-0.14577844762651693,29.815827170047072,147,-0.3037259942886341,53.41807473489795,123.0
RGLD,conditional_rates_daily_q,3,2011-07-29,2026-09-30,3813,0.4453645104168059,0.4455420887840863,0.017364853140547712,0.9159217790287093,0.05840391020233726,0.1028044379807247,0.24626414768086766,0.3701898560573285,2.366139800487726,4.414047512907634,0.05761251370706555,0.0,0.0801196681976995,0,0,61,0,0.5203929636578271,4.681870397029386,182,0.48956926254914535,8.251235127308831,180,0.2823528834216481,15.681960041615694,171,-0.20183931787566456,29.84014114031981,147,-0.36552474163897664,54.640867357590025,123.0
RGLD,rates_balanced_m,1,2011-07-29,2026-09-30,3813,0.41850087387404633,0.4188062517621135,0.017780412006885682,0.9379059982622692,0.08488266987666204,0.1028044379807247,0.2451131070117605,0.3701898560573285,3.4424590094828216,4.414047512907634,0.08359514565925097,0.0,0.2349977726834297,0,0,182,0,0.4726416624986949,5.07664560115022,182,0.43870159816985643,8.313885482831507,180,0.0018907835240238313,15.863322684342208,171,-0.6947913879211867,40.21789201559267,147,-1.1913086254059722,58.28462885410745,123.0
RGLD,rates_balanced_q,3,2011-07-29,2026-09-30,3813,0.41371831097944645,0.4138905825752615,0.01785338013776173,0.945599178758947,0.08276707565805719,0.1028044379807247,0.2415174434366984,0.3701898560573285,3.341996744291212,4.414047512907634,0.08180925042783493,0.0,0.23876533156195318,0,0,61,0,0.46243730595699417,5.05585509589247,182,0.4352559677670226,8.477672370731765,180,0.1126539740605933,15.58687609505165,171,-0.47492845266489425,39.97401335054174,147,-0.940632558499269,60.90965394645327,123.0
RGLD,conditional_rates_balanced_m,1,2011-07-29,2026-09-30,3813,0.4234995676631639,0.4236234681430817,0.017703824904733913,0.9249838785298781,0.07962000511481837,0.1028044379807247,0.24280258243630518,0.3701898560573285,3.1976089045837752,4.414047512907634,0.07798160511771912,0.0,0.24462643832473835,0,0,182,0,0.47252186836677335,5.106111984409257,182,0.43709814695927063,8.180801988695297,180,0.0003456479921158939,15.86015912487917,171,-0.6611778307332412,37.612911479001234,147,-1.1889928459621357,58.08058695837951,123.0
RGLD,conditional_rates_balanced_q,3,2011-07-29,2026-09-30,3813,0.41677473616560423,0.41689635936520036,0.017806782379321866,0.9286708870617653,0.07988438262698905,0.1028044379807247,0.2373916634456981,0.3701898560573285,3.2095106058447,4.414047512907634,0.0787832851423722,0.0,0.24150600486697904,0,0,61,0,0.46072352880167056,5.006211452110431,182,0.4295052035456387,8.465770867153378,180,0.07652663885085587,16.09755974206577,171,-0.5490496758580592,41.89870887660686,147,-1.0800915602278582,61.56743361611734,123.0
RGLD,options_daily_m,1,2011-07-29,2026-09-30,3813,0.44249257725496194,0.4429585493112276,0.017409753175632713,0.9138176584250864,0.028350504864232517,0.1028044379807247,0.250866200050166,0.3701898560573285,1.5283399254268735,4.414047512907634,0.002694255928439082,0.01637691424301537,0.0836060407473664,0,0,182,0,0.5210968658732248,4.6120196749788285,182,0.4886326357784082,8.022457045422982,180,0.284948175866253,15.719530530649884,171,-0.17658031360692705,25.50424403632533,147,-0.5025234750751202,49.95605726208756,123.0
RGLD,options_daily_q,3,2011-07-29,2026-09-30,3813,0.4386788146304452,0.43936394088230546,0.01746919947126041,0.9140365236795005,0.041527305360595124,0.1028044379807247,0.25316019377316884,0.3701898560573285,1.854043478323831,4.414047512907634,0.02592610661412209,0.036087075513029414,0.07681709356953571,0,0,61,0,0.5165866474401629,4.5145210598073024,182,0.48339472724586663,8.17279468535555,180,0.2546935163667259,16.07997121899797,171,-0.20554686351485918,28.081923876319525,147,-0.35018462239152925,51.4894744025948,123.0
RGLD,conditional_options_daily_m,1,2011-07-29,2026-09-30,3813,0.445476086225713,0.445798236949059,0.01736310641227003,0.9089112389558066,0.02889012933669144,0.1028044379807247,0.24752954427687518,0.3701898560573285,1.5405540527239943,4.414047512907634,0.0011223228931742657,0.017059940068373497,0.08983488314090804,0,0,182,0,0.5240125477168405,4.657586222114979,182,0.4919869844695114,7.8821443428048426,180,0.2516994272572085,16.075994029187846,171,-0.2294599370824355,27.775691708606132,147,-0.5221601303724468,52.441215613234135,123.0
RGLD,conditional_options_daily_q,3,2011-07-29,2026-09-30,3813,0.4406557137177499,0.440950657529869,0.01743841023165525,0.9051749828101187,0.04672201614861016,0.1028044379807247,0.24896068764498544,0.3701898560573285,1.9994224414072392,4.414047512907634,0.030159317151329912,0.038331390826462655,0.07730843545964237,0,0,61,0,0.5185820262997044,4.522604519753138,182,0.48694232213346733,8.35586209797185,180,0.23089332744192592,16.102451092629867,171,-0.31393807959350584,30.37454239196795,147,-0.4129511394303731,53.17983912117914,123.0
RGLD,options_balanced_m,1,2011-07-29,2026-09-30,3813,0.4115602903071537,0.4142908371641713,0.017886207851147536,0.9491539702492342,0.05370085482247533,0.1028044379807247,0.2569636816875011,0.3701898560573285,2.2115355490871895,4.414047512907634,0.015732964270496197,0.01502204626277766,0.23581949562090282,0,0,182,0,0.4640523820311583,5.004156310474611,182,0.42159836335903533,8.29068023339245,180,-0.005022492280438051,17.531636203586487,171,-0.2792762163908198,37.071363892622266,147,-0.14604650720236645,44.493624465091706,123.0
RGLD,options_balanced_q,3,2011-07-29,2026-09-30,3813,0.39836541129619296,0.40271497583065496,0.018085631811840936,0.9715772272371864,0.06027741759152083,0.1028044379807247,0.25890533417369443,0.3701898560573285,2.430493968752496,4.414047512907634,0.029985743992904546,0.05879194143569262,0.23246809405323432,0,0,61,0,0.4656377584318494,5.0922348451810535,182,0.4328164145770157,8.733899672783396,180,0.044453478910589816,18.487370083587685,171,-0.5769137367965944,38.032051252695084,147,-0.5720617316951533,55.69539088731182,123.0
RGLD,conditional_options_balanced_m,1,2011-07-29,2026-09-30,3813,0.41597970354864466,0.4178763884222211,0.01781891504261957,0.9402687743086526,0.05199564405982726,0.1028044379807247,0.25458682272327515,0.3701898560573285,2.157850025065022,4.414047512907634,0.013730567273687155,0.01632601789606155,0.24024082134985295,0,0,182,0,0.4669331271260636,4.961799742975131,182,0.42714568905950134,8.123775321181714,180,-0.01144129355534007,16.948950796045857,171,-0.2818705616736521,36.56279156314008,147,-0.16380034180030867,44.646895187741805,123.0
RGLD,conditional_options_balanced_q,3,2011-07-29,2026-09-30,3813,0.4011032462552224,0.4043125640107304,0.018044434101025873,0.9602833313895266,0.05860920310527096,0.1028044379807247,0.2558216444503415,0.3701898560573285,2.373113066841632,4.414047512907634,0.02859826137246868,0.05891224995490787,0.23376418233303084,0,0,61,0,0.46610241641577477,4.975354779501156,182,0.43378883993174533,8.781159616522427,180,0.02104242660447664,18.49514848266205,171,-0.5901746802274437,40.905049137560724,147,-0.6241571767638208,57.719946412049694,123.0
RGLD,equity_conditional_options_balanced_m,1,2011-07-29,2026-09-30,3813,0.4446974369611576,0.4468469860682758,0.017375292566011186,0.9307417806586517,0.09596105191778581,0.1028044379807247,0.26445627317149745,0.3701898560573285,4.0162255231704025,4.414047512907634,0.038129302232277285,0.023545046137870642,0.27111884768628985,0,0,182,0,0.5027779849061933,5.076255319110951,182,0.46962380931995273,8.99360103167498,180,0.1113950804145557,16.91673676806942,171,-0.14872412497764098,23.066007612040607,147,-0.1298482613022156,37.013083576944524,123.0
RGLD,equity_conditional_options_balanced_q,3,2011-07-29,2026-09-30,3813,0.42356243809508975,0.42861292204315965,0.017702859530378885,0.9456483591676935,0.10549775306747056,0.1028044379807247,0.26860675431835623,0.3701898560573285,4.580478380354921,4.414047512907634,0.06534122330659198,0.07314046435539276,0.2522282256476902,0,0,61,0,0.49735603063217215,5.1612222595957045,182,0.47340155031647235,9.208342393390067,180,0.14088759174084453,18.505467080032055,171,-0.4067026210282736,26.238422855996625,147,-0.11247779715519024,35.937774054583606,123.0
RGLD,conditional_rates_daily_priority_m,1,2011-07-29,2026-09-30,3813,0.4461181515499276,0.44683110736038395,0.017353051410862724,0.9135958516221402,0.06635160865632961,0.1028044379807247,0.2386626589547772,0.3701898560573285,2.6505616967554877,4.414047512907634,0.0649321819291988,0.0,0.11858234845915198,0,0,182,0,0.5090369191585404,4.804225155740976,182,0.4788724139463464,8.575538761779578,180,0.21199481767846173,15.406296082456738,171,-0.23149808706667585,38.80954490919234,147,-0.5285513040538874,59.348786179275805,123.0
RGLD,conditional_rates_daily_priority_q,3,2011-07-29,2026-09-30,3813,0.4396414850501804,0.4402877934072482,0.017454213133158817,0.9211494006636731,0.06955011008389267,0.1028044379807247,0.2372893426167061,0.3701898560573285,2.773791320052074,4.414047512907634,0.06874583685410007,0.0,0.1190342770887242,0,0,61,0,0.49836114769122375,4.90073532548922,182,0.4687955455829068,8.903295407307732,180,0.2197969552827247,15.561610868787001,171,-0.277930321917651,38.22447846919701,147,-0.626384199666064,61.083365321141784,123.0
RGLD,conditional_options_daily_priority_m,1,2011-07-29,2026-09-30,3813,0.4422042344447651,0.44245649020564265,0.01741425475537456,0.9221997953770874,0.04348042381948414,0.1028044379807247,0.24520842142065466,0.3701898560573285,1.90750418114467,4.414047512907634,0.012041554997956894,0.01334036303145012,0.10898039439760182,0,0,182,0,0.5065765788895151,4.706330064282705,182,0.4721639449945031,8.474856215356407,180,0.1820498000455686,16.027248208408416,171,-0.0899019913415553,33.14000546328386,147,-0.05958882319250969,45.31385264686877,123.0
RGLD,conditional_options_daily_priority_q,3,2011-07-29,2026-09-30,3813,0.4327312475312035,0.43296910108777215,0.017561504435893698,0.9234703280515831,0.051794741424735946,0.1028044379807247,0.2457609249620649,0.3701898560573285,2.1516057562638085,4.414047512907634,0.030348071944544364,0.03999813214233647,0.10683597191043864,0,0,61,0,0.5030597780181147,4.788844872055931,182,0.470928557083389,8.68831291628846,180,0.17406060484733443,17.206449396574385,171,-0.31685262710015594,35.58713060973424,147,-0.33930808167104654,52.30582812489646,123.0
RGLD,volatility_gold_m,1,2011-07-29,2026-09-30,3813,0.32522803769951647,0.43491791278063946,0.019153396595463775,1.0370159300603756,0.07204751830374834,0.1028044379807247,0.3667267972956201,0.3701898560573285,2.87370824030623,4.414047512907634,0.07049057431289496,0.0,0.0,0,0,182,23,0.5104392520446315,4.923157246449095,182,0.4930754060131747,7.932148743305367,180,-0.1979882396677617,18.39870652117086,171,-2.476848382676794,51.35343701086303,147,-1.8912321493915667,69.88093397427097,123.0
RGLD,volatility_gold_q,3,2011-07-29,2026-09-30,3813,0.31039216294353544,0.4287548851737399,0.019362809878877497,1.0399651210893792,0.05482600324111142,0.1028044379807247,0.36972991437546676,0.3701898560573285,2.2476392750536727,4.414047512907634,0.05374845028786024,0.0,0.0,0,0,61,8,0.48040715074873286,4.922368927852427,182,0.4659533133517684,8.325318383387115,180,-0.26551835461861684,20.169904064699907,171,-2.5167506968760684,54.45537620795753,147,-1.923423088172863,75.13270861288443,123.0
GFI,gold_daily_m,1,2011-07-29,2026-09-30,3813,0.41591588368827204,0.4159701379784998,0.02639985542398113,1.4397154881457672,0.11672707771689894,0.09233405050018928,0.35452798135591046,0.5484298410409062,5.3395990452024105,3.819214566239333,0.11537542830305547,0.0,0.0,0,0,182,0,0.5427026969406231,6.473111626180561,182,0.573011822308011,11.049426595864537,180,0.7035691078192677,20.749057954619175,171,0.7393286099343714,30.954587939593758,147,0.572190187357122,42.9755773986733,123.0
GFI,gold_daily_q,3,2011-07-29,2026-09-30,3813,0.4129212596992292,0.4129824570616522,0.026467445488603244,1.44161222100086,0.11647056814468937,0.09233405050018928,0.3510228665732534,0.5484298410409062,5.32101951712731,3.819214566239333,0.11558773971817349,0.0,0.0,0,0,61,0,0.5369443976552213,6.821565039452721,182,0.5625060581114316,11.15202357793349,180,0.6992454701258337,21.435439527106446,171,0.7393296571565089,32.852714348199626,147,0.5698749390750317,50.54059839024623,123.0
GFI,metals_daily_m,1,2011-07-29,2026-09-30,3813,0.41898471950922767,0.4190917163125806,0.02633041035792306,1.4307979769690533,0.10280825474873745,0.09233405050018928,0.35828140228555455,0.5484298410409062,4.414279317059765,3.819214566239333,0.1012354996348761,0.0,0.0,0,0,182,0,0.5443863626650415,6.242096163858079,182,0.5621268763091979,11.648086590790285,180,0.7056579149769604,21.09481445838719,171,0.6789909098961523,34.714800736647035,147,0.45415492337989627,66.865757074039,123.0
GFI,metals_daily_q,3,2011-07-29,2026-09-30,3813,0.41734060530445316,0.417410923912874,0.02636763796753832,1.438632409806187,0.10539611165749374,0.09233405050018928,0.3546437111817313,0.5484298410409062,4.5740925554337295,3.819214566239333,0.10438938220225169,0.0,0.0,0,0,61,0,0.5376498287733157,6.700483012092046,182,0.5548017969166794,11.8735555176824,180,0.7085845159387506,20.697986896755594,171,0.7105362376035103,33.15861934103887,147,0.48634127096365565,59.05465530450837,123.0
GFI,rates_daily_m,1,2011-07-29,2026-09-30,3813,0.4199228535089592,0.4200756788439853,0.026309144624389852,1.4220987001430285,0.08069609010515233,0.09233405050018928,0.3587667350300178,0.5484298410409062,3.2463109799234933,3.819214566239333,0.07876888270767002,0.0,0.1391587910845244,0,0,182,0,0.5372067675161231,6.488111430886262,182,0.5540965503145918,12.122564432548726,180,0.7036723384524273,20.15474240557292,171,0.6840016146370053,30.715544252566897,147,0.35770552241007303,78.86211421074859,123.0
GFI,rates_daily_q,3,2011-07-29,2026-09-30,3813,0.41798921129876465,0.4181077627696566,0.026352957890021247,1.4282792340869201,0.08130886638432733,0.09233405050018928,0.354831151626923,0.5484298410409062,3.274353091831451,3.819214566239333,0.08003698206757948,0.0,0.1404296818354097,0,0,61,0,0.5297815956830162,6.596017219150779,182,0.5454082396669464,12.577070764375653,180,0.7049463575338233,19.715270956700515,171,0.7132485520659938,31.787631055148214,147,0.3777157208027928,77.40648912512069,123.0
GFI,conditional_rates_daily_m,1,2011-07-29,2026-09-30,3813,0.4235360440325766,0.42367460725776773,0.026227079296492813,1.4193413937047612,0.07333235458874432,0.09233405050018928,0.35804561170752075,0.5484298410409062,2.9264124146665877,3.819214566239333,0.07055797490350679,0.0,0.1370650552660374,0,0,182,0,0.5355624840740684,6.4624545785624266,182,0.557764792642833,11.804873940404365,180,0.6995560309700959,19.839323316189382,171,0.6775203759043823,31.455474653475935,147,0.29621269447597176,94.6862876258443,123.0
GFI,conditional_rates_daily_q,3,2011-07-29,2026-09-30,3813,0.4221200736694032,0.4223033388865867,0.026259270372609098,1.4319118280378933,0.08558370636023493,0.09233405050018928,0.35174620641677024,0.5484298410409062,3.476366274192766,3.819214566239333,0.08407627529714201,0.0,0.14276684877524956,0,0,61,0,0.5353908389677162,6.526434296433853,182,0.5509062381597982,11.82423798071789,180,0.7069250681773268,18.511343608315833,171,0.7235375976247007,31.55142390784702,147,0.4094623605507395,72.02532521383725,123.0
GFI,rates_balanced_m,1,2011-07-29,2026-09-30,3813,0.3925687957705172,0.40163053054900216,0.026922314889642106,1.4738642702686835,0.1029090271113744,0.09233405050018928,0.3996440121350217,0.5484298410409062,4.420403649993101,3.819214566239333,0.1003274368248448,0.0,0.36253955006151883,0,0,182,0,0.5266321131379553,6.511747461414902,182,0.513594054528181,12.698612562097416,180,0.6311949916527924,20.1079235611861,171,0.8275973476793369,26.675415378479595,147,0.6816159178169526,45.31027768276952,123.0
GFI,rates_balanced_q,3,2011-07-29,2026-09-30,3813,0.39242159456487924,0.39912091307965786,0.02692557678754891,1.4629191475269876,0.10404532087980223,0.09233405050018928,0.39120535401071516,0.5484298410409062,4.490012226080936,3.819214566239333,0.10219510552056255,0.0,0.3555046965608425,0,0,61,0,0.519445832882228,6.937589658611321,182,0.5047716304900738,13.081748216029766,180,0.6162826681175713,20.058318934241804,171,0.843504762875151,28.115866581965253,147,0.7017907637639669,46.75584513300368,123.0
GFI,conditional_rates_balanced_m,1,2011-07-29,2026-09-30,3813,0.3929371302050265,0.40154994882042533,0.026914151068539643,1.4747813809375039,0.10419600655398353,0.09233405050018928,0.39829921090111065,0.5484298410409062,4.49931963914178,3.819214566239333,0.10115056344931062,0.0,0.3728134015710622,0,0,182,0,0.5173309310720525,6.635919184209593,182,0.49199067339420155,12.857062236650286,180,0.6201278943398093,20.765657851175078,171,0.8179831071636521,27.059181575895842,147,0.6905405543002583,44.50468947962128,123.0
GFI,conditional_rates_balanced_q,3,2011-07-29,2026-09-30,3813,0.3903808959342018,0.3975982227660207,0.026970756904495338,1.463839273242174,0.10341308434189767,0.09233405050018928,0.39225250960609,0.5484298410409062,4.451156509077297,3.819214566239333,0.10141507893638413,0.0,0.36598105827427563,0,0,61,0,0.5173525997644988,6.972562944961213,182,0.5038635539198235,13.128010656557443,180,0.6046321711630488,20.559105538462386,171,0.8484368549833277,29.02753592709918,147,0.711836739755979,47.98491644573608,123.0
GFI,options_daily_m,1,2011-07-29,2026-09-30,3813,0.4174124202439601,0.4182184486539046,0.026366012962694644,1.4188604459762482,0.0020969159975499085,0.09233405050018928,0.3661454371724843,0.5484298410409062,1.0322940398976959,3.819214566239333,-0.05330065535736572,0.04133476534917157,0.13486063956557995,0,0,182,0,0.529118199078526,6.32251482125617,182,0.5218061734126389,10.540486396503368,180,0.6380253390187103,18.9723445633286,171,0.46334543902064196,44.413086989280856,147,-0.1757371752855934,145.75130468134358,123.0
GFI,options_daily_q,3,2011-07-29,2026-09-30,3813,0.41872330317384243,0.41944698727016655,0.026336333115508204,1.421510716016818,0.03448691805206283,0.09233405050018928,0.36725675035010974,0.5484298410409062,1.6727265888160918,3.819214566239333,0.008440022271373193,0.06701847000312049,0.13485956300476626,0,0,61,0,0.526691599096242,6.81430047156773,182,0.5567272604888993,11.379436539453536,180,0.6966796716469014,19.447838486778068,171,0.6449363288633556,37.39038468810902,147,0.14239701761872858,115.51063020059642,123.0
GFI,conditional_options_daily_m,1,2011-07-29,2026-09-30,3813,0.4213959868649768,0.42196554389985513,0.0262757167292601,1.4291979947429911,-0.0019602452888126676,0.09233405050018928,0.3635868102636668,0.5484298410409062,0.9706665065959081,3.819214566239333,-0.06006762927280851,0.04213074060486537,0.13362553974784053,0,0,182,0,0.5283270775268321,6.242276030151917,182,0.5306669868568941,11.20413618914456,180,0.6417617977535399,18.343911743293717,171,0.47436172193007686,44.84187851344035,147,-0.18757629286433875,146.1295485212065,123.0
GFI,conditional_options_daily_q,3,2011-07-29,2026-09-30,3813,0.4209651662994779,0.4214755445286472,0.02628549717708474,1.4315237659125353,0.04508884820140158,0.09233405050018928,0.3656033136242953,0.5484298410409062,1.9526074738358048,3.819214566239333,0.0178579618735899,0.06877828734334272,0.13617704120833535,0,0,61,0,0.5275234810899307,6.684489854942244,182,0.5652960822793318,10.980247026545364,180,0.7101397607464439,18.677023711158036,171,0.7157001988597672,31.035139380967316,147,0.2837170269362942,88.08818478712091,123.0
GFI,options_balanced_m,1,2011-07-29,2026-09-30,3813,0.3856545256378666,0.3959257476731983,0.027075107031410407,1.4757131816282874,0.04166361107893257,0.09233405050018928,0.4001943180791604,0.5484298410409062,1.8577285203793645,3.819214566239333,-0.01855853840330368,0.028396771466457416,0.3420601346556197,0,0,182,0,0.527497313060795,6.4247117030856336,182,0.530174887922595,11.32156883059275,180,0.646933845439802,17.163612289398777,171,0.8182120020223469,29.392938027575344,147,0.6164906328514747,60.92410835798927,123.0
GFI,options_balanced_q,3,2011-07-29,2026-09-30,3813,0.38204117878092725,0.3922091696477962,0.027154613047288997,1.4809397812109488,0.05535207021833899,0.09233405050018928,0.3983856554735051,0.5484298410409062,2.2647079055198236,3.819214566239333,-0.0009318913987492738,0.08039748252984402,0.33434642264242137,0,0,61,0,0.5112965873134856,6.7120989474552415,182,0.5204838708152808,12.140965209573373,180,0.639215440731487,17.97131341911038,171,0.8041920786442941,31.681765019780293,147,0.5759921701932307,64.20470285576076,123.0
GFI,conditional_options_balanced_m,1,2011-07-29,2026-09-30,3813,0.3863092245537064,0.3959899153168194,0.027060676414539714,1.473493180434374,0.04541807413571264,0.09233405050018928,0.39861174036167113,0.5484298410409062,1.9619615706422027,3.819214566239333,-0.014887253609608186,0.027237212795510345,0.3547512419390745,0,0,182,0,0.5204286699362389,6.6746696671056425,182,0.5098435527648408,11.330648649024667,180,0.6399778976264572,17.40314624388166,171,0.8084237432378646,30.36639198609756,147,0.6253214289462559,57.05532352592577,123.0
GFI,conditional_options_balanced_q,3,2011-07-29,2026-09-30,3813,0.38196942289624736,0.3923520613772566,0.02715618956554139,1.477343332036846,0.0541092579059439,0.09233405050018928,0.3990268772698691,0.5484298410409062,2.2245772778293813,3.819214566239333,-0.000703653381208702,0.08109549345290595,0.34159743390378067,0,0,61,0,0.5094967550855011,7.054434746514332,182,0.5167079733399618,11.920564304875636,180,0.6343511737372145,19.080699369170862,171,0.80722370943396,31.65751220626245,147,0.5956954577118643,63.27967320416822,123.0
GFI,equity_conditional_options_balanced_m,1,2011-07-29,2026-09-30,3813,0.3956240845026263,0.40363408613806284,0.026854521912539047,1.4637820697548085,0.07425666236420003,0.09233405050018928,0.3972175281109539,0.5484298410409062,2.964884568306154,3.819214566239333,-0.003122070735321003,0.03529277224808883,0.37803516084030186,0,0,182,0,0.5125651047697058,6.645889411340288,182,0.5070797621092469,12.214413399028977,180,0.6128304473534734,17.287343741437567,171,0.8044616086145369,28.447748722878142,147,0.7417949224662816,35.96912619220449,123.0
GFI,equity_conditional_options_balanced_q,3,2011-07-29,2026-09-30,3813,0.38874933900252506,0.39713034939823455,0.027006824443738576,1.4804577116239401,0.08840958111018082,0.09233405050018928,0.3956090943746938,0.5484298410409062,3.616234957704922,3.819214566239333,0.02300890181748705,0.09506487761559568,0.3573523956889054,0,1,61,0,0.5052686954632246,6.9206779094106885,182,0.514675155161153,11.983121500693022,180,0.607681048508512,20.04936506838465,171,0.8243278607120611,27.411059132134376,147,0.7075472109566795,43.26879138302529,123.0
GFI,conditional_rates_daily_priority_m,1,2011-07-29,2026-09-30,3813,0.41434419822238755,0.4155759748627004,0.026435350648887995,1.4472029754862539,0.081884955357999,0.09233405050018928,0.3719813332906399,0.5484298410409062,3.3009225093385575,3.819214566239333,0.07926038683739867,0.0,0.21904838227314893,0,0,182,0,0.5328225678443432,6.495496774792003,182,0.5360727479933928,13.013594141679253,180,0.6595892490190809,19.825204433799204,171,0.7549176594604418,29.44880528955276,147,0.44818483896271644,68.78681819373189,123.0
GFI,conditional_rates_daily_priority_q,3,2011-07-29,2026-09-30,3813,0.41161694340816124,0.41234937815421047,0.026496830616054876,1.4351608854874056,0.09052610649560178,0.09233405050018928,0.3660855922729846,0.5484298410409062,3.7244178888179076,3.819214566239333,0.0888920141939682,0.0,0.216313599301078,0,0,61,0,0.5300695528682798,6.956338681658397,182,0.5317788232648825,13.35227321139802,180,0.6539268864658586,18.853499763165303,171,0.7940109749443274,30.369278184419144,147,0.5318851994794369,60.860883728805184,123.0
GFI,conditional_options_daily_priority_m,1,2011-07-29,2026-09-30,3813,0.4130306125122343,0.4148340710017807,0.0264649803811074,1.4344345300511394,0.027511049148543076,0.09233405050018928,0.3748207834307761,0.5484298410409062,1.5095189432484055,3.819214566239333,-0.022769818534975172,0.02554673066588757,0.19495511495285314,0,0,182,0,0.5350772616347486,6.376118644338619,182,0.5427184601379738,11.197202257376249,180,0.6589729366887248,17.08179149709219,171,0.7175663458588031,35.65523100316837,147,0.3412210368603862,87.48035139713035,123.0
GFI,conditional_options_daily_priority_q,3,2011-07-29,2026-09-30,3813,0.410309615790696,0.41211873122841963,0.02652625092118906,1.4392340882696502,0.04857707979097303,0.09233405050018928,0.3741729824922797,0.5484298410409062,2.05386906005724,3.819214566239333,0.008489634809841773,0.07021536678396219,0.18853494088007786,0,0,61,0,0.5270449314111489,6.852623409080255,182,0.5425151276318706,11.252810526880724,180,0.6652560786197725,17.78080977494919,171,0.7495675984552417,31.601530721806938,147,0.41307616548091064,80.06936464190177,123.0
GFI,volatility_gold_m,1,2011-07-29,2026-09-30,3813,0.388181201006083,0.41771878159024534,0.0270193725196893,1.4842521622901745,0.09453305747238616,0.09233405050018928,0.44867026179736,0.5484298410409062,3.9375535313267025,3.819214566239333,0.09243332567681795,0.0,0.0,0,0,182,124,0.5526586250686079,6.501790070784786,182,0.5760264701636506,11.632664172524866,180,0.6302112888923375,16.73578871031507,171,0.18780911117331167,32.440368324964716,147,0.5248829525621908,47.92348715351131,123.0
GFI,volatility_gold_q,3,2011-07-29,2026-09-30,3813,0.3864748251152953,0.414254017086632,0.02705702509229288,1.4908814294285924,0.08152111187204292,0.09233405050018928,0.4443162396887604,0.5484298410409062,3.2841185969253543,3.819214566239333,0.08011881058433334,0.0,0.0,0,0,61,41,0.54740198052871,6.493618461367056,182,0.567601889450398,11.71724156950827,180,0.6621479676953146,17.434080283882015,171,0.34124720317141344,30.22915443097639,147,0.5786987265719645,47.6466785046346,123.0
KGC,gold_daily_m,1,2011-07-29,2026-09-30,3813,0.4591972458554021,0.4592155123186315,0.023153672338070416,1.2579682805867778,0.10262935127248429,0.03506599741295968,0.3408742839889372,0.4998706786831153,4.403426170407429,1.6869904779809863,0.10143036798935179,0.0,0.0,0,0,182,0,0.48319021497348014,4.136473362306842,182,0.469751789180727,10.693692946195627,180,0.7285037027554435,16.745554859263233,171,0.7510473799497706,27.869318397918995,147,0.8127933518555381,30.604804323634973,123.0
KGC,gold_daily_q,3,2011-07-29,2026-09-30,3813,0.4554849106496618,0.45548981274875927,0.023233005503904006,1.2639454263830547,0.10086620083854125,0.03506599741295968,0.33844337589008955,0.4998706786831153,4.297790107806662,1.6869904779809863,0.10005955116636867,0.0,0.0,0,0,61,0,0.47130393108574464,4.342854804369018,182,0.4573005499379251,10.412071232430032,180,0.7274566271537946,16.538681291424105,171,0.7521875910691558,27.08421612432942,147,0.8059534083070804,29.36679013957768,123.0
KGC,metals_daily_m,1,2011-07-29,2026-09-30,3813,0.467146916247549,0.46724599486137414,0.022982865602904554,1.2205557842849089,0.08822607778758629,0.03506599741295968,0.34660315865941216,0.4998706786831153,3.6069950911272053,1.6869904779809863,0.08682611857681222,0.0,0.0,0,0,182,0,0.5024513115433211,4.422207368204284,182,0.48127856849784856,10.104292001288801,180,0.7305103058700739,19.19798474519738,171,0.7466916225661064,26.394108476212054,147,0.8012221949594277,19.731570522555586,123.0
KGC,metals_daily_q,3,2011-07-29,2026-09-30,3813,0.4637646241487332,0.4638393195180701,0.02305569224259402,1.2169531253509465,0.08844284582782436,0.03506599741295968,0.3446849898377921,0.4998706786831153,3.6179122875957606,1.6869904779809863,0.08748913315590401,0.0,0.0,0,0,61,0,0.4909271048034265,4.566370963702266,182,0.4694062829987764,10.111992651091056,180,0.7326283099118593,18.563817976899966,171,0.7415337483878099,25.369143217787858,147,0.8032799517631801,19.7840299967738,123.0
KGC,rates_daily_m,1,2011-07-29,2026-09-30,3813,0.4672681837725876,0.4673932032472855,0.022980250216126555,1.2258093581091176,0.08827982874538409,0.03506599741295968,0.3472809481807968,0.4998706786831153,3.6096993044533847,1.6869904779809863,0.08654287647772141,0.0,0.12482491265684262,0,0,182,0,0.5026689515785011,4.6646310271722164,182,0.48452245284193995,9.431476610186811,180,0.7345094096997092,18.85096104789874,171,0.7693086829474877,26.688103940537744,147,0.7854113545904315,26.384193772903874,123.0
KGC,rates_daily_q,3,2011-07-29,2026-09-30,3813,0.46345433327392516,0.46353629502659605,0.023062361828965167,1.2308122569231612,0.08989723990555065,0.03506599741295968,0.34479882614091734,0.4998706786831153,3.691962766672221,1.6869904779809863,0.08871621387182405,0.0,0.13338188958228403,0,0,61,0,0.49119455155356373,4.639206240498156,182,0.47273396201916096,9.326181485204021,180,0.7376047846802083,17.63484458621889,171,0.7670589615900699,26.293535470679174,147,0.7771878188130614,30.23125155891715,123.0
KGC,conditional_rates_daily_m,1,2011-07-29,2026-09-30,3813,0.4730715726127035,0.47309118115692944,0.022854738168148443,1.2131797039802197,0.08268610880305594,0.03506599741295968,0.3457317082113134,0.4998706786831153,3.338206873340619,1.6869904779809863,0.08019275189018416,0.0,0.13621455695785586,0,0,182,0,0.5137337127355153,4.569299500889495,182,0.4937557932342892,9.185768709021069,180,0.7355208099203719,19.32336900610645,171,0.7511264935263893,25.649401751358567,147,0.7962137759433865,25.8944556863403,123.0
KGC,conditional_rates_daily_q,3,2011-07-29,2026-09-30,3813,0.4666148482481487,0.46661830357096384,0.022994337241720293,1.2254786362454342,0.09065484258828671,0.03506599741295968,0.3409133300232187,0.4998706786831153,3.7310945957053274,1.6869904779809863,0.08924161746026282,0.0,0.14716666491888625,0,0,61,0,0.5024055083927568,4.5939764157732546,182,0.4819271967719745,9.304102468860515,180,0.743258703109108,17.258416633189277,171,0.7741113541607699,26.88520533345733,147,0.757550429576454,34.86776109451553,123.0
KGC,rates_balanced_m,1,2011-07-29,2026-09-30,3813,0.4022476927487678,0.41813415143013777,0.024342269496786317,1.2861534701330768,0.09558708528049853,0.03506599741295968,0.386234333338913,0.4998706786831153,3.995482012332781,1.6869904779809863,0.09297445738172216,0.0,0.35756792527427367,0,0,182,0,0.4904341347694873,4.882242608591087,182,0.42736401920572853,10.015374101085051,180,0.6822961830479995,17.88182700834977,171,0.8597421582138257,31.39925199160587,147,0.711317739643184,30.651090303197968,123.0
KGC,rates_balanced_q,3,2011-07-29,2026-09-30,3813,0.4010707806962708,0.4126800876557072,0.024366221409887975,1.2841658246333363,0.09425426402230475,0.03506599741295968,0.37497649652357473,0.4998706786831153,3.922363009433546,1.6869904779809863,0.09243542996733933,0.0,0.33580473634662744,0,0,61,0,0.4740528801423035,4.826871141990596,182,0.404481368430179,10.334021298937296,180,0.6704454779400166,18.210471269699504,171,0.847667362939885,34.263714403649004,147,0.6772375322052058,29.753103893499922,123.0
KGC,conditional_rates_balanced_m,1,2011-07-29,2026-09-30,3813,0.39998378770491727,0.4165061464221443,0.024388322440074602,1.2934154042159265,0.09709820315283135,0.03506599741295968,0.38685206930690935,0.4998706786831153,4.07992173949998,1.6869904779809863,0.09394838159861263,0.0,0.38031855071604165,0,0,182,0,0.48700771637604157,4.794722596781603,182,0.4188822090137275,9.880446347441834,180,0.668379111234815,17.175695416628578,171,0.8822178571794377,30.83044848992298,147,0.6706092627678015,33.383922193147875,123.0
KGC,conditional_rates_balanced_q,3,2011-07-29,2026-09-30,3813,0.3956761561694958,0.40726602700558345,0.02447571010091805,1.2981224348678595,0.09791515784670612,0.03506599741295968,0.3728169771967017,0.4998706786831153,4.126263638665595,1.6869904779809863,0.0958286454812205,0.0,0.36720865818597476,0,0,61,0,0.47329088384111484,4.9981852528174056,182,0.4029077098957541,10.452019439034766,180,0.668810957555267,18.43842070064101,171,0.863374347836178,36.163818493699566,147,0.629595248754063,35.05436247705034,123.0
KGC,options_daily_m,1,2011-07-29,2026-09-30,3813,0.46563538538342253,0.4660687578881447,0.023015439975290448,1.2158842841529545,0.037900218653515116,0.03506599741295968,0.35099569186051954,0.4998706786831153,1.7584567954812405,1.6869904779809863,0.001998564434256833,0.023905241199772505,0.13130429161214263,0,0,182,0,0.5059011691063267,4.71806175545254,182,0.4832382464359356,9.2866196901965,180,0.7088508787370097,17.959278666538125,171,0.716616854039408,20.721917020713576,147,0.74799399558343,19.816325693296676,123.0
KGC,options_daily_q,3,2011-07-29,2026-09-30,3813,0.46164124028935427,0.4623325661210728,0.023101295086644078,1.2193678680455022,0.05586171929840411,0.03506599741295968,0.352781656746816,0.4998706786831153,2.2813592475098203,1.6869904779809863,0.034903818847535684,0.05618596666263912,0.1390866821090028,0,0,61,0,0.4886450938540139,4.7206791122249125,182,0.48677843213089667,9.601207514585797,180,0.7406730721750907,15.597091802173768,171,0.7354850023766617,24.944527830304985,147,0.7818235571487915,21.34070124597507,123.0
KGC,conditional_options_daily_m,1,2011-07-29,2026-09-30,3813,0.4718257242915027,0.47201551509708867,0.022881740627254586,1.2086867234351069,0.035257497027014084,0.03506599741295968,0.3491191037664529,0.4998706786831153,1.6917324423163669,1.6869904779809863,-0.003464391540719425,0.025038702516203905,0.14094402023180042,0,0,182,0,0.5157298568823271,4.733310708330607,182,0.4910391971181918,9.067213473173458,180,0.7099821693383228,16.51064642329788,171,0.6906316103908702,20.756017613893953,147,0.7431098517338778,20.32290506667612,123.0
KGC,conditional_options_daily_q,3,2011-07-29,2026-09-30,3813,0.4656454306962373,0.4659150437632484,0.023015223645115924,1.2200324256547082,0.06052720456847216,0.03506599741295968,0.3490651190065483,0.4998706786831153,2.439196514714776,1.6869904779809863,0.0389420768512192,0.05619117262143171,0.14946131945210628,0,0,61,0,0.4995913299570427,4.6676427598355055,182,0.4965108707206122,9.355426810488881,180,0.7467969086985946,16.114554590170105,171,0.7408007926812494,25.925056088681387,147,0.7688818248431435,31.360907034793996,123.0
KGC,options_balanced_m,1,2011-07-29,2026-09-30,3813,0.42142506149826575,0.43638930971900597,0.023948606305646516,1.2594785434482338,0.011028706289382795,0.03506599741295968,0.3912051390129252,0.4998706786831153,1.1810742195538022,1.6869904779809863,-0.07208023847387612,0.03655157705543341,0.26781527828513385,0,0,182,0,0.4777629817297201,4.987291043600478,182,0.4183686517634153,9.168113273509682,180,0.680685619860651,12.48223050991154,171,0.8263042269804903,27.35175576800589,147,0.7081754186741683,32.258762338229104,123.0
KGC,options_balanced_q,3,2011-07-29,2026-09-30,3813,0.41314325973006316,0.42835050788597234,0.02411939912234715,1.2676781098437995,0.027418165377936843,0.03506599741295968,0.38870626967312294,0.4998706786831153,1.5074498026075964,1.6869904779809863,-0.048548483584819224,0.11567429525890172,0.2403176806639112,0,0,61,0,0.48025709501252634,5.1593437536781135,182,0.43251583471637467,10.295152900478621,180,0.6943286208380466,15.432303525248658,171,0.8007903730965037,27.543706303896187,147,0.6841162663839582,30.260150006410846,123.0
KGC,conditional_options_balanced_m,1,2011-07-29,2026-09-30,3813,0.4226914807655697,0.43775508628006504,0.02392238187983146,1.2721291138243571,0.009954711629788449,0.03506599741295968,0.39192112817460634,0.4998706786831153,1.1621801403734382,1.6869904779809863,-0.07203958665673071,0.035809358271269846,0.2971489180293193,0,0,182,0,0.4792817057574932,4.938397524480181,182,0.4142247813011326,9.191492360647302,180,0.6741905635963944,12.05332233925015,171,0.8619861361042009,26.1127970400294,147,0.6942367156942839,30.89791419264294,123.0
KGC,conditional_options_balanced_q,3,2011-07-29,2026-09-30,3813,0.4102560305190771,0.4253232236639723,0.024178657870769647,1.2721176741190856,0.029680472430678728,0.03506599741295968,0.387269026824387,0.4998706786831153,1.5586077247759969,1.6869904779809863,-0.04388366813554956,0.11425637720610965,0.27741487545919513,0,0,61,0,0.47980912306206425,5.520771390176421,182,0.4275746335643974,9.901721740132407,180,0.6859152919719272,15.55834560784729,171,0.8195275578836444,32.62507789416137,147,0.6564064740810922,31.12409513824168,123.0
KGC,equity_conditional_options_balanced_m,1,2011-07-29,2026-09-30,3813,0.43861458529583364,0.45128797704447643,0.02359016606973556,1.2448156466957017,0.03283901891847241,0.03506599741295968,0.39199543721195035,0.4998706786831153,1.6327495236763356,1.6869904779809863,-0.06877125571934362,0.04791526016187612,0.2991872776863853,0,0,182,0,0.49022102834608405,4.873289726499541,182,0.4439995886362049,9.080438075616431,180,0.7175963121830855,12.488586547341596,171,0.8525528585647226,30.85701669345481,147,0.8125809654124777,27.310535142170966,123.0
KGC,equity_conditional_options_balanced_q,3,2011-07-29,2026-09-30,3813,0.4214121322041252,0.4335672074651379,0.023948873891420405,1.2411092135498192,0.06356162388547548,0.03506599741295968,0.38423831490276994,0.4998706786831153,2.5472662485623836,1.6869904779809863,-0.017445083995229593,0.12760521769310879,0.2826320762714101,0,2,61,0,0.4926618113225377,5.207994269576554,182,0.45316973421725537,9.90695555942569,180,0.7075482506802429,14.053944107454496,171,0.8296161119678627,36.61887071315263,147,0.7837262002869081,30.441482348574468,123.0
KGC,conditional_rates_daily_priority_m,1,2011-07-29,2026-09-30,3813,0.44272096684292594,0.445587180009513,0.023503729892565967,1.2739569174916157,0.08868254530910269,0.03506599741295968,0.36043364754445273,0.4998706786831153,3.630020323292523,1.6869904779809863,0.08600082698350575,0.0,0.29644715598021343,0,0,182,0,0.5205040033129122,4.735508240342201,182,0.47194524126664683,9.742961222220291,180,0.7364625968437473,17.607947140640224,171,0.8403625297460774,28.270543370936508,147,0.7576557317341467,24.94134419616283,123.0
KGC,conditional_rates_daily_priority_q,3,2011-07-29,2026-09-30,3813,0.43351350670233835,0.4353445999741086,0.023697100774144945,1.2831927481384418,0.0958895002802802,0.03506599741295968,0.3512070896250885,0.4998706786831153,4.012248868067443,1.6869904779809863,0.09428923158026326,0.0,0.30928481172081024,0,0,61,0,0.503273741729025,4.833029710641762,182,0.44808007584761067,10.010989949730181,180,0.7249404382529399,19.016336279676615,171,0.8340020676971464,32.35508985481583,147,0.7045152154748249,32.7423067434693,123.0
KGC,conditional_options_daily_priority_m,1,2011-07-29,2026-09-30,3813,0.4512095301655681,0.4549538146072503,0.023324036702340557,1.253385471718671,0.005133073444768321,0.03506599741295968,0.36728484900091846,0.4998706786831153,1.0807829994301454,1.6869904779809863,-0.0753803029535719,0.037746797667652744,0.20475667594589878,0,0,182,0,0.5109781471174472,4.959346396501607,182,0.4641656808951935,8.933970696551564,180,0.7283149247702351,13.597412800616993,171,0.8128637342365398,24.00324979910138,147,0.7445424717845182,28.75605104722322,123.0
KGC,conditional_options_daily_priority_q,3,2011-07-29,2026-09-30,3813,0.43483095276056616,0.4393801010567975,0.023669529221279493,1.2533123356116675,0.03802275702674285,0.03506599741295968,0.36489273235276726,0.4998706786831153,1.7616095336397977,1.6869904779809863,-0.025825708912438627,0.10915544761926516,0.2243538932917145,0,0,61,0,0.5022787517618238,4.9606310535589895,182,0.47057546721823407,9.551423254912205,180,0.7365128982771978,14.685387779356185,171,0.799493018459147,27.29911841699817,147,0.731291921120504,32.46643436493891,123.0
KGC,volatility_gold_m,1,2011-07-29,2026-09-30,3813,0.4099705418705383,0.45629664195502584,0.024184509475477692,1.303906766314136,0.07752498878299408,0.03506599741295968,0.44524551148314234,0.4998706786831153,3.104743120149875,1.6869904779809863,0.075405843419724,0.0,0.0,0,0,182,95,0.46983844608131153,5.173443122783983,182,0.49251562880274646,10.14216474689062,180,0.7883833598361061,13.3168621754429,171,0.9425973472649349,23.41417358516655,147,0.7203792250371439,34.8421596202942,123.0
KGC,volatility_gold_q,3,2011-07-29,2026-09-30,3813,0.37979826917884607,0.4394524405725829,0.024795160431846867,1.3095616001101322,0.05257127430779107,0.03506599741295968,0.45345967813604643,0.4998706786831153,2.1758350910009483,1.6869904779809863,0.0511241390141719,0.0,0.0,0,0,61,32,0.4327688977136628,5.303488254470301,182,0.46011144436561535,10.484416827299247,180,0.7807543384085339,15.620388297315625,171,0.9294671265199584,26.547730425374905,147,0.7156488505262565,41.7043017589531,123.0
HMY,gold_daily_m,1,2011-07-29,2026-09-30,3813,0.40033606191052784,0.4003697915556984,0.030264201664379084,1.6589643005937338,0.1280426826047072,0.027840510768372573,0.3892813133816473,0.6204867086611179,6.222202682398887,1.5168796630330954,0.12639533509663536,0.0,0.0,0,0,182,0,0.449436932250717,7.554769507623183,182,0.2908978683638117,13.092501527864108,180,0.2841971627654788,28.35812547107888,171,0.8210503982279468,34.16823644129329,147,0.5568964241610588,34.54407069123398,123.0
HMY,gold_daily_q,3,2011-07-29,2026-09-30,3813,0.3982114293120673,0.3983262310969371,0.030317767879881215,1.6564228622944297,0.1251367089587614,0.027840510768372573,0.3851653598730065,0.6204867086611179,5.983380026594696,1.5168796630330954,0.12406861024956495,0.0,0.0,0,0,61,0,0.43550021423244367,7.69668433665861,182,0.2676113888873236,13.370701454261392,180,0.2767443689719452,28.21747153526094,171,0.8181853670033226,33.31878123046291,147,0.5575237876060648,33.81373640782704,123.0
HMY,metals_daily_m,1,2011-07-29,2026-09-30,3813,0.40383365689631534,0.4039807920767573,0.030175813224797246,1.6398057239047705,0.12317871874481678,0.027840510768372573,0.4017874155317028,0.6204867086611179,5.827324124661086,1.5168796630330954,0.1211684788506402,0.0,0.0,0,0,182,0,0.45308968981931563,7.62133972928325,182,0.2856901665286351,13.421029564256736,180,0.21920321344405125,26.794672742262193,171,0.7783367742544945,31.69475794460066,147,0.5462613096097588,35.128621605992464,123.0
HMY,metals_daily_q,3,2011-07-29,2026-09-30,3813,0.40133770184892903,0.40139564893592433,0.03023891541626974,1.6472585420848653,0.11758242095609628,0.027840510768372573,0.3975040538849226,0.6204867086611179,5.401992229666518,1.5168796630330954,0.11629518282322637,0.0,0.0,0,0,61,0,0.43932116136643695,7.487961310927682,182,0.2643374780127654,13.335845133731784,180,0.23332597998446147,26.73664491360279,171,0.7960580315317982,31.58844486133512,147,0.5569965023909947,35.5313423107241,123.0
HMY,rates_daily_m,1,2011-07-29,2026-09-30,3813,0.4039895963307659,0.4041796141669096,0.030171866417790825,1.628187123701123,0.10659837563017782,0.027840510768372573,0.40273249584518245,0.6204867086611179,4.650162586547275,1.5168796630330954,0.10423607860957329,0.0,0.13220224647046502,0,0,182,0,0.44911173305868746,7.641226242965588,182,0.28499697526533996,13.34527458132585,180,0.23583140240517897,26.279082044122536,171,0.7881267049268776,32.70454332181583,147,0.5730477705243335,36.457310014145875,123.0
HMY,rates_daily_q,3,2011-07-29,2026-09-30,3813,0.40149710345168,0.4015715790333572,0.030234889396511977,1.636946716553928,0.10120699359576335,0.027840510768372573,0.39784898590169526,0.6204867086611179,4.318021711666521,1.5168796630330954,0.09963855342505412,0.0,0.13362174365965554,0,0,61,0,0.4345618783244689,7.538760517891313,182,0.2623323587640969,13.600527583530104,180,0.24451534700735422,26.37451054580071,171,0.7994361407036514,31.28950664433736,147,0.5776281711998945,36.94855275369784,123.0
HMY,conditional_rates_daily_m,1,2011-07-29,2026-09-30,3813,0.4093792314657063,0.40950816193844136,0.0300351367158382,1.6168158059623294,0.10012580422591766,0.027840510768372573,0.40362232880805654,0.6204867086611179,4.254140267778633,1.5168796630330954,0.09699300618203077,0.0,0.14049446828919263,0,0,182,0,0.4611515276301813,7.511794518698533,182,0.3026331323957012,13.745262804949048,180,0.25240256318943577,25.415809385478116,171,0.7963846644607113,32.142781045936175,147,0.5588170253776528,36.14406529496146,123.0
HMY,conditional_rates_daily_q,3,2011-07-29,2026-09-30,3813,0.4051213482373115,0.40513781580144415,0.03014320643733399,1.6324494555860436,0.10738585944699985,0.027840510768372573,0.39583533660650033,0.6204867086611179,4.700627264838643,1.5168796630330954,0.10563778451701333,0.0,0.13313439317751175,0,0,61,0,0.44358409183866043,7.432055589074743,182,0.2764782873700028,13.531379604299776,180,0.2648745510206416,26.41663402895096,171,0.8104927759020932,32.02141015718168,147,0.5976382611007254,38.02965581011972,123.0
HMY,rates_balanced_m,1,2011-07-29,2026-09-30,3813,0.39873298172908356,0.40410233669309326,0.030304627274204438,1.6693779442769956,0.13550729474592593,0.027840510768372573,0.43990255902922043,0.6204867086611179,6.877112307253111,1.5168796630330954,0.13240927063186914,0.0,0.2587393014127935,0,0,182,0,0.48279321798651686,7.395136308923567,182,0.3205465761908669,13.499819117891354,180,0.2035531758468787,28.644278061981645,171,0.6611772547738053,37.44105710850606,147,0.5719068080236137,39.176325523033825,123.0
HMY,rates_balanced_q,3,2011-07-29,2026-09-30,3813,0.39756233401528773,0.3997455868454426,0.030334114000290267,1.6808916256405657,0.14405030300424815,0.027840510768372573,0.4212957055047824,0.6204867086611179,7.705444447339028,1.5168796630330954,0.14200685549793435,0.0,0.2582024381366295,0,0,61,0,0.46017498293870596,7.205181956430007,182,0.2751261433452048,13.79999511987492,180,0.11911061115221988,30.78926417535581,171,0.5223953032509172,39.55058162313875,147,0.4099953323266664,47.156226903034,123.0
HMY,conditional_rates_balanced_m,1,2011-07-29,2026-09-30,3813,0.39886718046144565,0.40470248463114183,0.03030124519154434,1.660017315701571,0.12649278313247048,0.027840510768372573,0.44212867719150467,0.6204867086611179,6.0937406597264925,1.5168796630330954,0.12292453467329345,0.0,0.25880479557874986,0,0,182,0,0.487947373520468,7.199468001923298,182,0.33183218314999297,13.569219442117708,180,0.2492680641420678,28.386713831990406,171,0.7396548154970932,34.98774740524433,147,0.6087988585841042,40.70484241504823,123.0
HMY,conditional_rates_balanced_q,3,2011-07-29,2026-09-30,3813,0.39975936859452244,0.4013388268801336,0.030278750620528528,1.6764984930789546,0.1456098628033613,0.027840510768372573,0.41774371647908354,0.6204867086611179,7.866372289912557,1.5168796630330954,0.14331719446141777,0.0,0.2575583259899881,0,0,61,0,0.4622653857700538,7.269089598349632,182,0.28230250722240247,13.77034266810938,180,0.14000971365937342,29.245220937663664,171,0.5226753837716754,40.00631181483287,147,0.3796864057767785,48.81727182086162,123.0
HMY,options_daily_m,1,2011-07-29,2026-09-30,3813,0.4036196083696322,0.4042549238921894,0.030181229924993946,1.6330548555182642,0.04399840312681458,0.027840510768372573,0.40905349155032533,0.6204867086611179,1.9219219574260935,1.5168796630330954,-0.006727860855727519,0.03361176228715952,0.12790533898751116,0,0,182,0,0.4444114732349148,7.515614188621384,182,0.284204086099774,13.036024951124409,180,0.24180333404569743,21.58155200327183,171,0.7769445478673358,27.34908308804247,147,0.49567104039530085,36.7312978048808,123.0
HMY,options_daily_q,3,2011-07-29,2026-09-30,3813,0.4001095188379581,0.4009240954076752,0.03026991778084559,1.6418760193425586,0.062351902954095095,0.027840510768372573,0.4099772001139429,0.6204867086611179,2.5036572670206043,1.5168796630330954,0.03919100821136645,0.054522174964693984,0.12841265568814042,0,0,61,0,0.4254932070918861,7.490550194045009,182,0.2719524003203796,13.012482559620658,180,0.2506393210370297,24.991536255162806,171,0.7964095420586095,28.46964131039096,147,0.5932434884036464,31.400263620103395,123.0
HMY,conditional_options_daily_m,1,2011-07-29,2026-09-30,3813,0.4093624675055433,0.40979360221480765,0.03003556296588682,1.6161002501892077,0.03769294484405816,0.027840510768372573,0.4085223911227136,0.6204867086611179,1.7531359296960856,1.5168796630330954,-0.017510100565377384,0.03567475335088117,0.13731107975571974,0,0,182,0,0.45443874094448766,7.49303292130219,182,0.29760272261147724,13.069812118258294,180,0.2507778860976775,19.921343735468266,171,0.7753836570165589,26.102813443364848,147,0.48748464532300906,39.090080231508104,123.0
HMY,conditional_options_daily_q,3,2011-07-29,2026-09-30,3813,0.40202817826891735,0.4026981395536543,0.030221472124823467,1.631210849492679,0.0681459681869907,0.027840510768372573,0.4092242789998686,0.6204867086611179,2.7190489011296366,1.5168796630330954,0.04457216869032621,0.055825219993419065,0.1294158464798309,0,0,61,0,0.4311231153416709,7.506096740331686,182,0.28100203003450774,13.08971698319118,180,0.26151815767921716,23.82913146415605,171,0.8041626626811444,30.420586256684068,147,0.6215373129066024,30.406635137550488,123.0
HMY,options_balanced_m,1,2011-07-29,2026-09-30,3813,0.39497615177095746,0.4013699935230639,0.030399154367448555,1.6786777705304199,0.04976429360706347,0.027840510768372573,0.44251022953124813,0.6204867086611179,2.0894375597368167,1.5168796630330954,-0.04184585569718369,0.05642992625477294,0.26439318957500785,0,0,182,0,0.4560584208850944,7.48353982103735,182,0.2809469859325425,13.163254784481543,180,0.09698421559489057,21.47730979309278,171,0.6046323855742716,37.13777178397313,147,0.5073489783659685,36.852882275360344,123.0
HMY,options_balanced_q,3,2011-07-29,2026-09-30,3813,0.39029732591485145,0.3978229536341724,0.03051647075667652,1.6923216371762555,0.087782048649097,0.027840510768372573,0.44514314293648605,0.6204867086611179,3.584728238010164,1.5168796630330954,0.00390660786596797,0.12833293048529876,0.21553136961251315,0,0,61,0,0.43767884691828307,7.315085773798325,182,0.29533217849775284,13.511288003009586,180,0.08388441662866963,24.69194327934415,171,0.49704772770812555,35.86567508302589,147,0.5288933181818914,40.36475386222418,123.0
HMY,conditional_options_balanced_m,1,2011-07-29,2026-09-30,3813,0.39636946178005805,0.4027786540740869,0.030364131070936683,1.6799516283365994,0.04279295350974244,0.027840510768372573,0.44322039588916895,0.6204867086611179,1.888524674057041,1.5168796630330954,-0.0499194525870682,0.05705787300999637,0.2611384534716064,0,0,182,0,0.4547363068001389,7.394260279458509,182,0.2758465741447892,13.041130387116235,180,0.09693797618396405,20.13562061388232,171,0.6249426241220226,33.14247746921415,147,0.49178894543017326,31.71703491182364,123.0
HMY,conditional_options_balanced_q,3,2011-07-29,2026-09-30,3813,0.39376368220573554,0.39982183057982984,0.030429599119466823,1.679489952941643,0.0904597127291411,0.027840510768372573,0.44058863036320617,0.6204867086611179,3.720978838146603,1.5168796630330954,0.009015634967114883,0.12206967455759195,0.21369133062321063,0,0,61,0,0.43711001179387354,7.606396391253978,182,0.2969173917400447,13.646089477856489,180,0.078413847314321,26.08511309326167,171,0.4389193454696244,40.07011602866459,147,0.4812040601828603,46.042324596418794,123.0
HMY,equity_conditional_options_balanced_m,1,2011-07-29,2026-09-30,3813,0.39761025067846234,0.4040744813452163,0.03033290761952362,1.6786447126876152,0.063851155903903,0.027840510768372573,0.4441767266417654,0.6204867086611179,2.557808238553433,1.5168796630330954,-0.05543084307002988,0.07300131721757529,0.30958028382912406,0,0,182,0,0.4376470505155736,7.193208759265957,182,0.24295766788612017,13.464082468178429,180,0.11689264729904192,22.41822287625257,171,0.43697799078980404,33.44416551167315,147,0.4748781375879675,37.633709858333475,123.0
HMY,equity_conditional_options_balanced_q,3,2011-07-29,2026-09-30,3813,0.3961155608546727,0.40077725306770784,0.030370516326455935,1.666027331678718,0.12341117531174217,0.027840510768372573,0.43517351739319826,0.6204867086611179,5.845650454548821,1.5168796630330954,0.03530027435163108,0.13164924959552704,0.23005003777344332,0,2,61,0,0.4364031485929818,6.788557235881775,182,0.28488877229800624,13.7891689588237,180,0.04544510073596453,26.873305307486294,171,0.09471092499872014,42.18712525995693,147,0.45664773953764426,45.13327393601614,123.0
HMY,conditional_rates_daily_priority_m,1,2011-07-29,2026-09-30,3813,0.41098587398441844,0.4118595783575274,0.02999425719379285,1.6395390794472227,0.11556188546574431,0.027840510768372573,0.41649460410334654,0.6204867086611179,5.255686461075261,1.5168796630330954,0.11243218513741726,0.0,0.15497204447434687,0,0,182,0,0.4798757266478114,7.479434984331668,182,0.32009279754527253,13.39098421469424,180,0.25607846694146763,26.57497091011284,171,0.7895915092959105,30.479814028949104,147,0.6040930277028436,32.622316033352746,123.0
HMY,conditional_rates_daily_priority_q,3,2011-07-29,2026-09-30,3813,0.40835775902586546,0.4084064149307143,0.03006109822300314,1.6477746431887894,0.12879344471781695,0.027840510768372573,0.4007366795024866,0.6204867086611179,6.285334274535105,1.5168796630330954,0.12684103099300503,0.0,0.15654401478774224,0,0,61,0,0.457029069986987,7.538761132340643,182,0.2790872490935451,13.982153000779224,180,0.20654498756501705,28.87389764036944,171,0.7318333617233308,35.49298244195652,147,0.5637682732304161,36.85988559811994,123.0
HMY,conditional_options_daily_priority_m,1,2011-07-29,2026-09-30,3813,0.40990232537080384,0.4113362776999971,0.03002183319007394,1.6169603374745378,0.038936471067673395,0.027840510768372573,0.4207285779785767,0.6204867086611179,1.7852851061753592,1.5168796630330954,-0.03968097939235726,0.0496074844441006,0.11962800406120479,0,0,182,0,0.46275054666116433,7.567631701003885,182,0.294099752615648,12.884573781854069,180,0.16658414246250952,21.556568454861804,171,0.7405161498771836,30.395120591865023,147,0.5466460214848585,25.864565435552002,123.0
HMY,conditional_options_daily_priority_q,3,2011-07-29,2026-09-30,3813,0.4046126288350086,0.4061036223120631,0.03015609239058688,1.6336940091560974,0.08222974886817025,0.027840510768372573,0.4191536012064096,0.6204867086611179,3.3169206950787955,1.5168796630330954,0.02374222870788656,0.10250323031545135,0.10664955860174558,0,0,61,0,0.4480437740812988,7.339721512635034,182,0.3000238207599839,13.22013664275401,180,0.1781283011397894,25.38712641413162,171,0.6982109202204394,31.311491720544048,147,0.5890449091682828,28.476240609976777,123.0
HMY,volatility_gold_m,1,2011-07-29,2026-09-30,3813,0.36305472247086656,0.3865368941501338,0.03119078585147228,1.6807282603949445,0.07626569322542198,0.027840510768372573,0.48083550399856606,0.6204867086611179,3.050141061700969,1.5168796630330954,0.07392218910852333,0.0,0.0,0,0,182,142,0.4431605709259947,7.3211605625969955,182,0.30058374871015103,13.518811629140275,180,0.174730360291125,23.83957828686878,171,0.5731022192283368,25.101646334694514,147,0.3596280302552566,23.63827153876821,123.0
HMY,volatility_gold_q,3,2011-07-29,2026-09-30,3813,0.3501011706061762,0.3765454180874348,0.031506352907569035,1.6784794589751775,0.05706341068849419,0.027840510768372573,0.48161190365411916,0.6204867086611179,2.3210749263716832,1.5168796630330954,0.05547251188831526,0.0,0.0,0,0,61,48,0.42392231829660554,7.466523181799739,182,0.2885208906162803,13.568024796817646,180,0.225152057440692,23.988605124049478,171,0.6736661968717703,27.761203541002455,147,0.42678666462826276,24.319644165826617,123.0
EGO,gold_daily_m,1,2011-07-29,2026-09-30,3813,0.35901891500054084,0.3592148154309955,0.028386408497302323,1.4716976152130108,0.09943419693698718,-0.04917822023832186,0.3446022285171344,0.5629179122931822,4.2137411823353474,0.46525844386598014,0.09822543652050664,0.0,0.0,0,0,182,0,0.3411749298052812,8.348154846574369,182,0.396300495790296,12.642568187100373,180,0.5975702495064374,22.176430575005448,171,0.7519317010464946,36.40272235692943,147,0.32289118917844684,71.43177897151969,123.0
EGO,gold_daily_q,3,2011-07-29,2026-09-30,3813,0.3588840847699839,0.3589929292244336,0.028389393877715847,1.4693634913776066,0.09788200333652775,-0.04917822023832186,0.3423169840425574,0.5629179122931822,4.124373410767292,0.46525844386598014,0.09713014606462411,0.0,0.0,0,0,61,0,0.3452125615449434,8.494686207105651,182,0.39681219549370905,13.091829504236813,180,0.6028984598124918,21.88239194434638,171,0.7502184629505242,36.95281453871546,147,0.30277426536249885,72.78898806021078,123.0
EGO,metals_daily_m,1,2011-07-29,2026-09-30,3813,0.36924075705585335,0.3694563222130562,0.028159157239788037,1.4459344249820552,0.09026767327393403,-0.04917822023832186,0.3499495605740571,0.5629179122931822,3.7110483084492523,0.46525844386598014,0.08875229800003415,0.0,0.0,0,0,182,0,0.3541028141846324,8.750075341855961,182,0.4306348975623363,12.056656087930111,180,0.6251298327091321,20.648986863969487,171,0.7680824536785782,37.25855972268079,147,0.4262674354376166,64.07246588686291,123.0
EGO,metals_daily_q,3,2011-07-29,2026-09-30,3813,0.3692015043691935,0.36935490472023363,0.02816003341036528,1.4476870553916472,0.08586563408322534,-0.04917822023832186,0.3486296405436338,0.5629179122931822,3.490090117229741,0.46525844386598014,0.08492106435791524,0.0,0.0,0,0,61,0,0.358832440548997,8.620256805605086,182,0.4295640492490377,12.285584379581909,180,0.632919934935948,20.62967583873102,171,0.7770520951478117,37.29529456735986,147,0.4502181557860685,67.8514846553019,123.0
EGO,rates_daily_m,1,2011-07-29,2026-09-30,3813,0.3691748308807573,0.3693741869454368,0.02816062878146279,1.4448491889475668,0.08913526613449796,-0.04917822023832186,0.3495983431781544,0.5629179122931822,3.6529921135206727,0.46525844386598014,0.08732145210983089,0.0,0.11713514933703359,0,0,182,0,0.35713142871392245,8.6456257015592,182,0.4295467685100596,12.086962270153517,180,0.6239744028220404,21.19492260849668,171,0.7658857732148883,34.73764781595487,147,0.3776708222115276,69.54554608834796,123.0
EGO,rates_daily_q,3,2011-07-29,2026-09-30,3813,0.36885172492046114,0.36897000514871503,0.02816783973518532,1.444387573602275,0.08718986633283587,-0.04917822023832186,0.34750572010907804,0.5629179122931822,3.555231676546198,0.46525844386598014,0.08607243644544726,0.0,0.12145482269213616,0,0,61,0,0.36309962719689015,8.538770061983152,182,0.4287009826077929,12.289511870813163,180,0.6293586498760113,20.985376087456586,171,0.7724045885687405,36.24147830712268,147,0.40046833685395755,69.16457997233539,123.0
EGO,conditional_rates_daily_m,1,2011-07-29,2026-09-30,3813,0.3720136212824402,0.3720993873608633,0.028097194198574052,1.4428366051224149,0.09021204444870623,-0.04917822023832186,0.34783152352193647,0.5629179122931822,3.7081763203714306,0.46525844386598014,0.0875567815924907,0.0,0.1319147397553884,0,0,182,0,0.3556572088860507,8.395766280502649,182,0.4296468636713692,12.30727333931394,180,0.6290615946503693,20.257255422243738,171,0.7612736911638289,34.68845077076025,147,0.34202815472713133,74.03370038647215,123.0
EGO,conditional_rates_daily_q,3,2011-07-29,2026-09-30,3813,0.36846883716651213,0.3684946709604398,0.028176382486632234,1.4478478153396794,0.09127396319689596,-0.04917822023832186,0.34274512776139426,0.5629179122931822,3.7633608380364914,0.46525844386598014,0.08984447598786227,0.0,0.1332191478574818,0,0,61,0,0.35968961760175644,8.733345442723678,182,0.42674804298246505,12.274557134736048,180,0.6289905779898224,20.769289915946032,171,0.7670537649564431,33.909084668020874,147,0.35124804979195556,76.84089176375684,123.0
EGO,rates_balanced_m,1,2011-07-29,2026-09-30,3813,0.3324289881803024,0.34073670887942475,0.0289692049444512,1.4974924820642324,0.11254453500269146,-0.04917822023832186,0.379679507022178,0.5629179122931822,5.044078221050988,0.46525844386598014,0.10995752872727382,0.0,0.33213661310060166,0,0,182,0,0.3604754715430496,8.851417702077246,182,0.4312795132258095,12.670477492721071,180,0.52353376999753,24.50447756901618,171,0.6900628592746492,38.76683793149327,147,0.15792144102484584,73.28800291342841,123.0
EGO,rates_balanced_q,3,2011-07-29,2026-09-30,3813,0.33780097075472004,0.34269867302121704,0.028852411073557797,1.5076516866704102,0.11500360324343384,-0.04917822023832186,0.36865835661960766,0.5629179122931822,5.215919141900068,0.46525844386598014,0.11314953652642168,0.0,0.3333330800186796,0,0,61,0,0.36880150568937986,8.817262734137676,182,0.4224888076378712,13.097159258813484,180,0.5202050778804863,24.237059159775633,171,0.6681307363006627,39.81805058831057,147,0.14507759000840048,83.33734117670768,123.0
EGO,conditional_rates_balanced_m,1,2011-07-29,2026-09-30,3813,0.3345152803863849,0.3421952913163196,0.02892390225775412,1.4940673757463454,0.12060325398468263,-0.04917822023832186,0.37835459315794584,0.5629179122931822,5.6278397677689895,0.46525844386598014,0.11755750633932771,0.0,0.33384499021226444,0,0,182,0,0.35875640176413837,8.828063077944087,182,0.43579462428630844,12.302469200055555,180,0.533254406345772,23.834706776060056,171,0.6733807178280147,41.56065270251089,147,-0.007701269102717623,83.12058967598668,123.0
EGO,conditional_rates_balanced_q,3,2011-07-29,2026-09-30,3813,0.34027517214352043,0.34397843594079003,0.028798459407595456,1.4978070904089849,0.12244395902670746,-0.04917822023832186,0.36404891751089685,0.5629179122931822,5.769749685126196,0.46525844386598014,0.1204405417272969,0.0,0.3435964711732601,0,0,61,0,0.3718941504674057,8.69138439010585,182,0.43493898956237353,12.927461460277028,180,0.5476397336477749,23.423253906127005,171,0.6719283709184178,43.252869215662685,147,0.04377024397439411,86.45402894015845,123.0
EGO,options_daily_m,1,2011-07-29,2026-09-30,3813,0.3691499351885874,0.369607828464192,0.028161184459535617,1.4445803699605346,0.033039846426623054,-0.04917822023832186,0.35426095255990675,0.5629179122931822,1.637573275460829,0.46525844386598014,-0.005673406479023035,0.025058040917067145,0.12798606471744292,0,0,182,0,0.3494515145263727,8.728690715908444,182,0.4314132726853286,11.673948428564174,180,0.6462607535034457,20.27537099203628,171,0.8125967470450741,27.92117844771966,147,0.5859111817256237,54.45566435089797,123.0
EGO,options_daily_q,3,2011-07-29,2026-09-30,3813,0.3689393115559412,0.36938144542379137,0.02816588519295854,1.4496812149199796,0.04872510446347689,-0.04917822023832186,0.3539531536088475,0.5629179122931822,2.0582727558989746,0.46525844386598014,0.024559321921385324,0.06200506074215524,0.1261293539537839,0,0,61,0,0.34585661829372805,8.556712564572111,182,0.4205403037515679,12.007887805734052,180,0.6349821453706799,20.5187776144232,171,0.8019453477692435,30.80877178674688,147,0.5239374217528734,58.642656953876894,123.0
EGO,conditional_options_daily_m,1,2011-07-29,2026-09-30,3813,0.37087871230290936,0.371153171176438,0.028122571631141128,1.4420660394029223,0.03140931458846086,-0.04917822023832186,0.3522420852129047,0.5629179122931822,1.598790576429197,0.46525844386598014,-0.011178798355235275,0.026258879974803744,0.14373042894113083,0,0,182,0,0.34677066208034113,8.376273489687769,182,0.43307966175270596,11.768253049810589,180,0.6562882408192556,19.556924069093938,171,0.8109616080191699,25.743342605828488,147,0.5900327365847007,53.96200766705016,123.0
EGO,conditional_options_daily_q,3,2011-07-29,2026-09-30,3813,0.369131855409466,0.36941719263393047,0.028161587997852646,1.4461835424632443,0.05281271438165591,-0.04917822023832186,0.3516303968320263,0.5629179122931822,2.1834202765832895,0.46525844386598014,0.02769749454671877,0.06348185086476692,0.13665713872759078,0,0,61,0,0.33892404099517537,8.415247812330417,182,0.4122638357734083,12.138626915523808,180,0.62280325302263,22.001419317460257,171,0.7956915823220992,30.806675342958712,147,0.4807217326986034,67.60628684883869,123.0
EGO,options_balanced_m,1,2011-07-29,2026-09-30,3813,0.3220493422523897,0.3334319117720056,0.02919354832762614,1.5215862295078522,-0.021916186088828837,-0.04917822023832186,0.3850159285794781,0.5629179122931822,0.7144543951686637,0.46525844386598014,-0.12766792469259214,0.06795223769772069,0.19570848556599163,0,0,182,0,0.31378094338835594,8.574891949684638,182,0.37071091280999846,12.215026382483385,180,0.47168541607848735,19.9772636770297,171,0.7659350620713731,24.17724782429498,147,0.6427657074892308,20.7532215842681,123.0
EGO,options_balanced_q,3,2011-07-29,2026-09-30,3813,0.3213345272257446,0.3354011666824534,0.029208934763945746,1.5138902615603917,0.016585970885356405,-0.04917822023832186,0.39276770387777427,0.5629179122931822,1.2835087091346593,0.46525844386598014,-0.06157091516101221,0.14832621198044985,0.18242116776883732,0,0,61,0,0.3019718259826484,9.152250967471781,182,0.37349875405456556,12.100475095256819,180,0.46591612311089825,24.405519819688905,171,0.7524931690162764,29.185799909133657,147,0.5873564508834173,35.734640750426514,123.0
EGO,conditional_options_balanced_m,1,2011-07-29,2026-09-30,3813,0.32222062961728026,0.3331929081641879,0.029189860152243046,1.501537847797843,-0.022854140578827176,-0.04917822023832186,0.38379991467231106,0.5629179122931822,0.7041289802250843,0.46525844386598014,-0.13036194901960307,0.06839649193137984,0.19786995432840992,0,2,182,0,0.3174527574075017,8.520596763846294,182,0.3768945564383922,12.143396373278886,180,0.491389872887509,19.63001277453863,171,0.7758611428790113,20.53659983949183,147,0.6567843991044977,18.73608054443161,123.0
EGO,conditional_options_balanced_q,3,2011-07-29,2026-09-30,3813,0.32239337539157276,0.3347551710120252,0.02918614010221955,1.5006678811906902,0.01969777904822112,-0.04917822023832186,0.3882777698512311,0.5629179122931822,1.3444327955758577,0.46525844386598014,-0.05818128700701852,0.14742770227268231,0.18191263117410042,0,0,61,0,0.2997486478957787,8.950129520576693,182,0.367827949038141,12.195244650517335,180,0.4585148806278285,23.88447961511282,171,0.755759442141449,29.260220527143677,147,0.5666783804427353,31.87200466214739,123.0
EGO,equity_conditional_options_balanced_m,1,2011-07-29,2026-09-30,3813,0.32962657716504695,0.34217608567548036,0.029029946495045932,1.4769858959059714,-0.01269253394934755,-0.04917822023832186,0.3922928279009289,0.5629179122931822,0.8238073238174458,0.46525844386598014,-0.15271331495632134,0.08592338551740417,0.21892252091583853,0,0,182,0,0.3425586865008946,8.090109898803005,182,0.4023225739069237,12.800187764163095,180,0.5004619602652722,19.17765161984587,171,0.7260766998782715,19.954966853338608,147,0.5905288254788841,21.702604273402205,123.0
EGO,equity_conditional_options_balanced_q,3,2011-07-29,2026-09-30,3813,0.3327258266656107,0.3447681215974642,0.028962763583987545,1.4847419214657622,0.04588267965789927,-0.04917822023832186,0.3922914621977914,0.5629179122931822,1.9752333590653506,0.46525844386598014,-0.04902674444858501,0.16796826425706177,0.20159631441730977,0,0,61,0,0.3162181933878586,8.767908747986741,182,0.3715053322652183,12.461112455350875,180,0.4319933642156043,24.37819136000039,171,0.6976547933979242,30.50270336257541,147,0.427746932744251,46.15903625511959,123.0
EGO,conditional_rates_daily_priority_m,1,2011-07-29,2026-09-30,3813,0.3597639062627481,0.36077322149531466,0.028369907406113833,1.4640961662056236,0.09785371629735762,-0.04917822023832186,0.3556841501651311,0.5629179122931822,4.122761329964329,0.46525844386598014,0.09512844004637411,0.0,0.22322843627592753,0,0,182,0,0.36635309413248873,8.404567372625488,182,0.44808434244213946,12.336337701586608,180,0.5974753074193291,22.11365552412271,171,0.7570658930471988,34.27689380174961,147,0.28809451874209213,72.68447169929905,123.0
EGO,conditional_rates_daily_priority_q,3,2011-07-29,2026-09-30,3813,0.3592211659164878,0.3595279841420601,0.028381929714536278,1.4818696680269483,0.10294734045037712,-0.04917822023832186,0.3467728582527584,0.5629179122931822,4.4227341840460825,0.46525844386598014,0.10134718202310311,0.0,0.23280864408971508,0,0,61,0,0.3758666152362746,8.331543488295074,182,0.4460896007302232,12.902923744127653,180,0.5885215926831341,22.788239375227548,171,0.7546725389359915,39.21919403964225,147,0.29366642877162796,75.05351817755383,123.0
EGO,conditional_options_daily_priority_m,1,2011-07-29,2026-09-30,3813,0.35196156272286505,0.3541407890129939,0.028542251217359177,1.472876996458804,-0.01358015436258031,-0.04917822023832186,0.3610583976173036,0.5629179122931822,0.8126409541884099,0.46525844386598014,-0.10740634259473081,0.06122358332215933,0.15287658945715207,0,0,182,0,0.33746769539241805,8.185254679428178,182,0.4052022108400386,12.435306979522226,180,0.5655586975918274,19.480834398098956,171,0.825499074633807,21.939601867289362,147,0.717881831399353,24.507765963564722,123.0
EGO,conditional_options_daily_priority_q,3,2011-07-29,2026-09-30,3813,0.3483246200793163,0.3509404944021883,0.0286222320373993,1.469701405667225,0.030234920963660317,-0.04917822023832186,0.36225953977521186,0.5629179122931822,1.5713906385345302,0.46525844386598014,-0.03032663572151595,0.11516154472679456,0.1620520196063203,0,0,61,0,0.31741079457036636,8.608624762013061,182,0.38831680499612586,12.26804582263037,180,0.5220352632933667,22.19572599311285,171,0.8069930667507687,29.990075385901083,147,0.6082293877592942,43.041833718170295,123.0
EGO,volatility_gold_m,1,2011-07-29,2026-09-30,3813,0.31675516737673737,0.36033753889769715,0.02930731412013806,1.5181455712302747,0.07235290875583145,-0.04917822023832186,0.45534316453224505,0.5629179122931822,2.8861544560409045,0.46525844386598014,0.07017784727278675,0.0,0.0,0,0,182,113,0.30217256611362275,8.506855877377944,182,0.3639655381865734,13.300359714267119,180,0.4874726016910651,21.622038042072756,171,0.32935694423994843,34.756677314325835,147,-0.1543854216581828,84.39800525384572,123.0
EGO,volatility_gold_q,3,2011-07-29,2026-09-30,3813,0.29412978538862133,0.34856031310184404,0.02978861212211704,1.5088004888950666,0.04917666478347926,-0.04917822023832186,0.463630276394829,0.5629179122931822,2.071761111138117,0.46525844386598014,0.04769657470915156,0.0,0.0,0,0,61,39,0.2846011216825858,8.978606580049963,182,0.3356547240042518,14.063069392007677,180,0.503300272566324,24.556461513824722,171,0.44004485251629155,32.1057615564972,147,-0.08253287075025462,81.84510389557822,123.0
IAG,gold_daily_m,1,2011-07-29,2026-09-30,3813,0.3967930338766733,0.39680588555018337,0.029779705855326327,1.5368953229340085,0.11705454703113571,-0.0016000724205259553,0.38129282860373476,0.6087576847399622,5.363406404510341,0.9759951971760978,0.11551325234165044,0.0,0.0,0,0,182,0,0.4658814137706283,7.522232424531183,182,0.4983001453786974,11.54731921987689,180,0.5594681356588955,27.179026079739387,171,0.6993351513779819,54.05093013590637,147,0.5568613429148828,58.261020105207216,123.0
IAG,gold_daily_q,3,2011-07-29,2026-09-30,3813,0.39424787967848696,0.3943392518668333,0.02984246554243162,1.5443027950822628,0.11473079494437677,-0.0016000724205259553,0.376460432692022,0.6087576847399622,5.196588975300059,0.9759951971760978,0.11379202830239787,0.0,0.0,0,0,61,0,0.4567588193360951,7.532568577598636,182,0.48971410276059535,11.570087662462104,180,0.548849252230319,26.082526900664217,171,0.6908128670097387,52.76846251449102,147,0.5060836146200727,66.23247142122297,123.0
IAG,metals_daily_m,1,2011-07-29,2026-09-30,3813,0.4070391596856944,0.4071777370172783,0.02952570227145616,1.5141109532253925,0.09606731292444781,-0.0016000724205259553,0.395582875659578,0.6087576847399622,4.022138029509038,0.9759951971760978,0.09428712470820844,0.0,0.0,0,0,182,0,0.482562015298884,7.679761905771981,182,0.5278397669185455,12.917313430616023,180,0.6213413889801229,23.839967244721073,171,0.7114892554050081,53.55841620415642,147,0.7479091890079053,42.956928153476156,123.0
IAG,metals_daily_q,3,2011-07-29,2026-09-30,3813,0.4040927781035707,0.40413692620732716,0.02959896696310296,1.5224284380225357,0.09482013270790013,-0.0016000724205259553,0.3909441288080305,0.6087576847399622,3.953252712714498,0.9759951971760978,0.09368960980589103,0.0,0.0,0,0,61,0,0.47430134623036724,7.728340066694395,182,0.5197067891984102,12.963619253751657,180,0.6063515807701374,24.845998851673645,171,0.6949343327984773,52.97897846531563,147,0.7023801315267503,52.35110138283518,123.0
IAG,rates_daily_m,1,2011-07-29,2026-09-30,3813,0.40709554581950835,0.40726024630631924,0.02952429840153223,1.5304643766025208,0.0920509812199497,-0.0016000724205259553,0.3962501601657447,0.6087576847399622,3.8042249591972364,0.9759951971760978,0.08992462743929841,0.0,0.10455952712259751,0,1,182,0,0.48045866086561817,7.741669529369933,182,0.5247831116468906,13.495684181718987,180,0.622066512962665,25.44988439553013,171,0.717432507347006,53.21968378971329,147,0.6930529650368189,53.46255123199839,123.0
IAG,rates_daily_q,3,2011-07-29,2026-09-30,3813,0.4042479176276538,0.4043016757349922,0.029595113788994206,1.534250157792402,0.09276416794069808,-0.0016000724205259553,0.39143044890650375,0.6087576847399622,3.842096577836234,0.9759951971760978,0.09143693454043555,0.0,0.10697378209942703,0,0,61,0,0.4740961201405416,7.755435334003479,182,0.5167617135464734,12.891663652967317,180,0.6078765180200574,25.406071961802557,171,0.7044625326581154,53.88999518070051,147,0.6398884665719824,61.34322248336295,123.0
IAG,conditional_rates_daily_m,1,2011-07-29,2026-09-30,3813,0.41037648792374326,0.41048723263837983,0.02944249610311414,1.5179580475546846,0.09094237889702317,-0.0016000724205259553,0.3963584120076263,0.6087576847399622,3.7460476353125673,0.9759951971760978,0.0878726391944209,0.0,0.11321205918794368,0,0,182,0,0.48357086724715215,7.499739566888497,182,0.5271486129287566,13.146527098035953,180,0.6178311620257144,26.09049706885289,171,0.7126217040990686,57.41149861215553,147,0.6671672709575676,57.88640014958677,123.0
IAG,conditional_rates_daily_q,3,2011-07-29,2026-09-30,3813,0.40576138355188596,0.40576284182778133,0.02955749773948664,1.5347178706070153,0.09914253672006179,-0.0016000724205259553,0.38799258123223124,0.6087576847399622,4.196812005511132,0.9759951971760978,0.09752822213007462,0.0,0.116672858094447,0,0,61,0,0.4752087490958361,7.681825915789559,182,0.5190013029570911,12.764223901773075,180,0.6082649731664742,26.180884932661908,171,0.7068597299077639,52.90269472214181,147,0.5923512472972903,58.54181790454942,123.0
IAG,rates_balanced_m,1,2011-07-29,2026-09-30,3813,0.36420096339238106,0.3749065973636182,0.030573641044029258,1.5880955228227542,0.08529408410778294,-0.0016000724205259553,0.435726551023931,0.6087576847399622,3.462320375467204,0.9759951971760978,0.08199060773172495,0.0,0.44622271975430966,0,1,182,0,0.4440732475793492,7.795974303712471,182,0.43723541988869263,13.098067291920168,180,0.4531605054449499,27.751541177738204,171,0.6925538699961502,67.06356962103355,147,-0.33930095260029747,89.44327070390719,123.0
IAG,rates_balanced_q,3,2011-07-29,2026-09-30,3813,0.3500946014367021,0.36026722596347194,0.03091094638596611,1.5979263969447821,0.07998131835603695,-0.0016000724205259553,0.426784251391476,0.6087576847399622,3.213884799636312,0.9759951971760978,0.07746355989141551,0.0,0.4392172908305747,0,0,61,0,0.4247808432825916,7.954284624801522,182,0.4162500494846998,13.009460246980526,180,0.49027426439896593,28.549141825459902,171,0.711513987793762,65.08507688019563,147,-0.19424515680362875,85.79089016651126,123.0
IAG,conditional_rates_balanced_m,1,2011-07-29,2026-09-30,3813,0.36661030542046846,0.3766678421619311,0.03051565709630706,1.5705268941145545,0.08349308870272765,-0.0016000724205259553,0.43466410055012555,0.6087576847399622,3.3761597834216404,0.9759951971760978,0.07954940696154189,0.0,0.44502075337251445,0,0,182,0,0.45369135841825214,7.802678397646195,182,0.4372428231023282,12.706204257198372,180,0.4483523293309918,28.53979928744308,171,0.6853257860770108,66.20755044170875,147,-0.3766903281588623,88.19514597596793,123.0
IAG,conditional_rates_balanced_q,3,2011-07-29,2026-09-30,3813,0.35238427807518025,0.3614517183053837,0.030856447285266663,1.6027774056950508,0.07431058413656944,-0.0016000724205259553,0.42394615578880623,0.6087576847399622,2.9671434561996244,0.9759951971760978,0.07164010356743566,0.0,0.4421574359293083,0,0,61,0,0.431898355971722,7.70836995747573,182,0.4158053149894678,13.014257102907239,180,0.4894788519444806,28.02529599775381,171,0.7022348168186675,61.06131292354935,147,-0.12841775284090384,84.99951834788126,123.0
IAG,options_daily_m,1,2011-07-29,2026-09-30,3813,0.4094355334047717,0.40997737707330206,0.029465979737229357,1.522857117960436,0.018393036665194096,-0.0016000724205259553,0.4029793939017306,0.6087576847399622,1.3185664556827554,0.9759951971760978,-0.036485196949444076,0.04098836636119007,0.11219945703792318,0,0,182,0,0.47654095005191155,7.726141307420276,182,0.5122232013449662,12.960138105695307,180,0.5909809543529609,22.62684644647388,171,0.6508958178828843,58.493119477915265,147,0.7793121189154184,43.69134181395683,123.0
IAG,options_daily_q,3,2011-07-29,2026-09-30,3813,0.40668572696745786,0.4076326401037975,0.0295345003184561,1.5533806991994568,0.0413123623305609,-0.0016000724205259553,0.4070413638372647,0.6087576847399622,1.8482463370728464,0.9759951971760978,0.011001041753873286,0.08460726223984459,0.11342303236713047,0,0,61,0,0.45977243981924987,8.067310005461003,182,0.5075057766868448,13.074159256589535,180,0.5666565217416875,24.297343396958006,171,0.6263803911324818,60.555092954452626,147,0.6538594615402653,50.684861475324425,123.0
IAG,conditional_options_daily_m,1,2011-07-29,2026-09-30,3813,0.41286028741292247,0.4132181069539891,0.02938041713874529,1.524395278880785,0.01692262696757907,-0.0016000724205259553,0.401545037537423,0.6087576847399622,1.2899732392905292,0.9759951971760978,-0.041643080678905764,0.042530392041296924,0.1226847106661009,0,0,182,0,0.4795864485838003,7.419394454405836,182,0.5130657971161412,13.069305269350117,180,0.5849381685734477,23.74855543040829,171,0.6432470997411903,62.58985216975517,147,0.7610075935461411,43.97810448001245,123.0
IAG,conditional_options_daily_q,3,2011-07-29,2026-09-30,3813,0.4099602028158459,0.41049301208045147,0.0294528877427412,1.5405034690174049,0.04979246484211952,-0.0016000724205259553,0.4037043157852377,0.6087576847399622,2.0902885064754924,0.9759951971760978,0.017905725783428084,0.0853614903182677,0.12175683039930071,0,0,61,0,0.46055772073601364,7.812892219724321,182,0.5048827136302116,13.272839459276325,180,0.5641131618675965,25.46404308521353,171,0.6235167557691664,61.74151330774665,147,0.6128645360524978,51.88815699418156,123.0
IAG,options_balanced_m,1,2011-07-29,2026-09-30,3813,0.3800350001273637,0.3909113703862907,0.030190535452364615,1.5645293509146327,-0.03610208581339758,-0.0016000724205259553,0.4436532682632508,0.6087576847399622,0.5724008599541475,0.9759951971760978,-0.14387342642977297,0.06348536519492184,0.26063449459411225,0,1,182,0,0.45496741757075054,7.8562378997235065,182,0.46028281480293487,12.587563519651624,180,0.4804506123439449,20.428173552386653,171,0.7326466758179715,34.81510915077861,147,0.8386696419408426,35.93878374059234,123.0
IAG,options_balanced_q,3,2011-07-29,2026-09-30,3813,0.3680746446744255,0.38192928267897863,0.030480361975548202,1.5648711653989178,-0.008150199021938476,-0.0016000724205259553,0.447649016241986,0.6087576847399622,0.8832287541681622,0.9759951971760978,-0.10422204229143284,0.15565127502765283,0.25441609368807394,0,0,61,0,0.4170772824425357,8.310242224725611,182,0.4399221391357282,12.445467938896664,180,0.5181648425635059,22.630209802753832,171,0.7236256048674059,44.263151233386935,147,0.7907420408116601,52.540237395999334,123.0
IAG,conditional_options_balanced_m,1,2011-07-29,2026-09-30,3813,0.38319254554435533,0.3930946364733868,0.030113555561753498,1.5482457762674473,-0.03460695200894914,-0.0016000724205259553,0.441788380707074,0.6087576847399622,0.5860217575407634,0.9759951971760978,-0.14210762262313736,0.06078377247292073,0.27015441482128266,0,2,182,0,0.460532419241531,7.776346070423573,182,0.45829774677474855,12.521370453629732,180,0.4741312475832449,21.567862579684295,171,0.7288739466982789,35.6758189703821,147,0.8423806273940302,37.51954459518079,123.0
IAG,conditional_options_balanced_q,3,2011-07-29,2026-09-30,3813,0.37031733121403687,0.3829473915155342,0.030426226898590404,1.5613632355358769,-0.007051776909827501,-0.0016000724205259553,0.44489929546380425,0.6087576847399622,0.8981871286650914,0.9759951971760978,-0.10277968709913232,0.1547426910685634,0.2654659572176992,0,0,61,0,0.4150366133801465,8.086211684562993,182,0.431019810381035,11.848421829419841,180,0.504364784389065,23.422427491372787,171,0.7114240443579152,44.82866672918237,147,0.764970794391137,57.24817750129273,123.0
IAG,equity_conditional_options_balanced_m,1,2011-07-29,2026-09-30,3813,0.3933207786528269,0.401685166135829,0.029865293694021407,1.5596658449478527,-0.003528927277114402,-0.0016000724205259553,0.4412245877573851,0.6087576847399622,0.9477735171128497,0.9759951971760978,-0.13487991423754586,0.07489509997023422,0.24194647956896687,0,0,182,0,0.4711310002866511,7.9993435824274925,182,0.480705530352455,12.567059582930352,180,0.5561718596738698,20.41080668568287,171,0.7503951325152088,40.90858216665138,147,0.8603269171773472,34.499509808450554,123.0
IAG,equity_conditional_options_balanced_q,3,2011-07-29,2026-09-30,3813,0.3768838181425256,0.38762548921745876,0.030267165010195583,1.5557821513440837,0.038271081149317654,-0.0016000724205259553,0.44203635869304375,0.6087576847399622,1.7680147587341684,0.9759951971760978,-0.06846833085499415,0.1635786517975425,0.22808593333647253,0,0,61,0,0.42675228427783096,8.36731573043093,182,0.44752802338512465,12.525786283142654,180,0.5429242128441645,23.112095980709647,171,0.7206990869478026,53.33608677281507,147,0.8193881826119427,49.53670854605703,123.0
IAG,conditional_rates_daily_priority_m,1,2011-07-29,2026-09-30,3813,0.39575894174582904,0.39786257951736753,0.029805220955764072,1.542378373396508,0.09422355056184228,-0.0016000724205259553,0.41190060101497716,0.6087576847399622,3.920692887410154,0.9759951971760978,0.09079351734624863,0.0,0.29077501321789223,0,0,182,0,0.4743830071039995,7.494760728138456,182,0.4891897407648612,12.95073387806292,180,0.5658942194637082,27.82410740568828,171,0.7325734744712044,67.90641983191313,147,0.18965178541276773,79.9592912360146,123.0
IAG,conditional_rates_daily_priority_q,3,2011-07-29,2026-09-30,3813,0.3886598940601288,0.3896452322453784,0.02997979601406695,1.5643063138706919,0.09766599329874937,-0.0016000724205259553,0.3990985935891552,0.6087576847399622,4.112077884907015,0.9759951971760978,0.09564701188122537,0.0,0.29354325578867496,0,0,61,0,0.45767518799556917,7.5646936971456356,182,0.4748757998927776,12.87833091065822,180,0.577887626231681,26.70913664466643,171,0.7320821866354159,63.10067424271665,147,0.22328679006514096,78.2300892239552,123.0
IAG,conditional_options_daily_priority_m,1,2011-07-29,2026-09-30,3813,0.40355468673448525,0.40588380138677455,0.029612327562094875,1.537327186004816,-0.021418008491197793,-0.0016000724205259553,0.41628357727866766,0.6087576847399622,0.7199958932415289,0.9759951971760978,-0.1215057477638416,0.06439927457213206,0.1858613218797529,0,0,182,0,0.4726280734610242,7.666260358349353,182,0.4870158107821314,13.190571112909788,180,0.5676207940576645,21.463031449540104,171,0.7297592450774848,39.32090984837515,147,0.7966505549666841,40.803669777677165,123.0
IAG,conditional_options_daily_priority_q,3,2011-07-29,2026-09-30,3813,0.39091653066051,0.3947314891381477,0.029924412724100465,1.548663377044914,0.019181278977663974,-0.0016000724205259553,0.41977705675058785,0.6087576847399622,1.3341370910717918,0.9759951971760978,-0.05817662645524535,0.1448728794275761,0.20057413086815576,0,0,61,0,0.4365465633010658,8.062012703959375,182,0.4696171432775138,12.437377626104794,180,0.5539609563069143,24.22182185461521,171,0.6949501971826333,57.10720484916334,147,0.7439078718749103,49.77273969667881,123.0
IAG,volatility_gold_m,1,2011-07-29,2026-09-30,3813,0.3619650406952867,0.38936023078126786,0.030627353222384097,1.6029964677405832,0.07420803016105548,-0.0016000724205259553,0.4806148057488533,0.6087576847399622,2.9628486485675287,0.9759951971760978,0.0718698325222249,0.0,0.0,0,0,182,150,0.4679710434472176,7.390604511864724,182,0.52691059368301,10.98609773657911,180,0.5680712571569968,25.18965468696479,171,0.7575603712755082,56.56378474320617,147,0.4670778648589673,77.24099021704292,123.0
IAG,volatility_gold_q,3,2011-07-29,2026-09-30,3813,0.35004771757740527,0.38077988716558203,0.030912061316176454,1.5912344927562927,0.05770924892451479,-0.0016000724205259553,0.4823659900300189,0.6087576847399622,2.3426856602863024,0.9759951971760978,0.056109533240778386,0.0,0.0,0,0,61,49,0.45085196879598943,7.289752253654397,182,0.5065257342924081,11.078300324770845,180,0.5695203343701218,24.906594676487316,171,0.7501709744708183,49.98947285154287,147,0.44846719363799614,81.4655821238455,123.0
BTG,gold_daily_m,1,2012-06-29,2026-09-30,3581,0.43072690672423897,0.43083574552685944,0.025431848885286924,1.3501175768563682,0.09174196294473957,0.05727685608942079,0.3466949003329018,0.5351536886879248,3.4940891780675183,2.211912696454477,0.0904303627709262,0.0,0.0,0,0,171,0,0.46127671552289506,6.115945118657851,171,0.4262110705756146,8.58968008878308,169,0.26242680155550124,20.14125305321327,160,-1.6835179617549016,40.85423618205579,136,-0.4396590574618806,76.19790277476638,112.0
BTG,gold_daily_q,3,2012-06-29,2026-09-30,3581,0.42460520573991967,0.42470086607400176,0.025568224437914313,1.3526375084415878,0.08677980944795216,0.05727685608942079,0.3448899833186632,0.5351536886879248,3.274422777478852,2.211912696454477,0.0859588864490799,0.0,0.0,0,0,57,0,0.45194999961772553,6.1139195849857835,171,0.4032565248599921,9.129547584217313,169,0.2481790638412672,20.978672394172566,160,-1.7024193146433522,41.629735795621016,136,-0.440904951245888,83.57393560895557,112.0
BTG,metals_daily_m,1,2012-06-29,2026-09-30,3581,0.43928065125038507,0.4393195941505372,0.02524005965140315,1.3502519250794591,0.0862087621709775,0.05727685608942079,0.35462894118587623,0.5351536886879248,3.249984667470753,2.211912696454477,0.08469779035731295,0.0,0.0,0,0,171,0,0.4737488777311706,5.373416024646249,171,0.4263282135648231,8.289046205948747,169,0.25524641779723034,19.764917764142968,160,-1.6646809822434947,43.89233689674121,136,-0.4585073146352392,78.8002080843421,112.0
BTG,metals_daily_q,3,2012-06-29,2026-09-30,3581,0.4339522307976724,0.43399522508242144,0.025359702081678842,1.350619154287226,0.08400399149267557,0.05727685608942079,0.35260676203312685,0.5351536886879248,3.1572135034040745,2.211912696454477,0.08303282369725751,0.0,0.0,0,0,57,0,0.46145864462916375,5.455648959978876,171,0.4057379756555468,8.878921872517243,169,0.25823155846827195,20.105295464270707,160,-1.5997146413307473,45.005793856855306,136,-0.4261144606513121,75.46093398669606,112.0
BTG,rates_daily_m,1,2012-06-29,2026-09-30,3581,0.43914361214272224,0.4391703249314093,0.02524314378248345,1.33845312418578,0.09594781691194254,0.05727685608942079,0.3546259953166661,0.5351536886879248,3.6909239450902986,2.211912696454477,0.09415166503986594,0.0,0.11739244268676216,0,0,171,0,0.47510908745070646,5.458507575236249,171,0.4242153991553067,8.221088724461435,169,0.23161622348372446,19.879310756133656,160,-2.071826063137338,48.38384819321098,136,-0.751254368600969,83.50628291761953,112.0
BTG,rates_daily_q,3,2012-06-29,2026-09-30,3581,0.43377777487568714,0.43380687154349773,0.025363609710699193,1.3434092675693086,0.09503337330278794,0.05727685608942079,0.35216353531213346,0.5351536886879248,3.6472707185085995,2.211912696454477,0.0938862581073705,0.0,0.12467777151103411,0,0,57,0,0.46406894523970954,5.658058848780789,171,0.4057964000156121,8.785689174806077,169,0.23541633900820413,20.87694316725735,160,-2.061430556262953,49.954691393946064,136,-0.7434450165302218,80.70565186772664,112.0
BTG,conditional_rates_daily_m,1,2012-06-29,2026-09-30,3581,0.4417296899552051,0.4417903272274386,0.025184879170611057,1.3438250501103743,0.09073001923514812,0.05727685608942079,0.3529240660308339,0.5351536886879248,3.448209682806676,2.211912696454477,0.08819824960578271,0.0,0.13850737013241785,0,0,171,0,0.47721832602027636,5.418423375637871,171,0.4233563053195093,8.373170231147409,169,0.22487775359629458,20.917380124500546,160,-1.977398022612368,49.505036442014024,136,-0.7557775239149043,85.99843725651367,112.0
BTG,conditional_rates_daily_q,3,2012-06-29,2026-09-30,3581,0.4345395193793238,0.4346489578907175,0.025346543008039808,1.3416888399753322,0.09896578203799855,0.05727685608942079,0.3479317288267966,0.5351536886879248,3.838465780354641,2.211912696454477,0.09761372277316949,0.0,0.14613387142219397,0,0,57,0,0.46544856487906683,5.546776591620506,171,0.40875898444956227,8.468792884120813,169,0.23317590963414447,20.635549659985763,160,-2.1761724686265014,51.98947485510325,136,-0.8840128431843015,80.05004038132364,112.0
BTG,rates_balanced_m,1,2012-06-29,2026-09-30,3581,0.40589868326481926,0.40694249909487884,0.02598052143117919,1.400584336120456,0.01970661672827112,0.05727685608942079,0.3570697608359405,0.5351536886879248,1.32068634459264,2.211912696454477,0.01738826339743782,0.0,0.2328680630728443,0,0,171,0,0.4326743240697064,6.368760786293281,171,0.40788579937663516,9.04248240097828,169,0.2780466837802511,20.157019614504495,160,-0.24105244029628214,44.15656770410943,136,-0.18415506504700363,68.16927615173115,112.0
BTG,rates_balanced_q,3,2012-06-29,2026-09-30,3581,0.3868988901835567,0.3891674125591334,0.02639269000707453,1.4002835631842123,-0.01622945185433866,0.05727685608942079,0.3574921658087642,0.5351536886879248,0.7919792138918632,2.211912696454477,-0.017923869917428448,0.0,0.2921794002580928,0,0,57,0,0.42181532568288194,6.435358763609544,171,0.3720231084212213,9.19289956769418,169,0.22364385840407208,22.21502149258585,160,-0.21981077907397562,39.23700141567739,136,-0.24348566727588494,65.47716670167607,112.0
BTG,conditional_rates_balanced_m,1,2012-06-29,2026-09-30,3581,0.40611764810421613,0.4071607079170526,0.025975733236965712,1.3900034029808979,0.01828269453900555,0.05727685608942079,0.35711492971712994,0.5351536886879248,1.2946421901898406,2.211912696454477,0.01558332435809806,0.0,0.24261508858464464,0,0,171,0,0.43297285198533375,6.357581552070157,171,0.4057021124980196,8.769092252280997,169,0.2730172028445309,19.980295226729993,160,-0.27907332861697465,44.55574842601195,136,-0.21375616991963153,70.54031179427407,112.0
BTG,conditional_rates_balanced_q,3,2012-06-29,2026-09-30,3581,0.3879429677484558,0.38976038574644456,0.026370207779699718,1.3982414003783417,-0.018063027722474034,0.05727685608942079,0.3547550502745247,0.5351536886879248,0.7711977277089135,2.211912696454477,-0.019974074081498427,0.0,0.29371236045415106,0,0,57,0,0.42183119622387366,6.206918883063062,171,0.3730338371036753,9.269981895742308,169,0.21061976785397563,21.977845996208167,160,-0.26394336252668316,41.493683010450724,136,-0.27730233122090997,69.21798606847004,112.0
BTG,options_daily_m,1,2012-06-29,2026-09-30,3581,0.4392701661180316,0.4394329722623358,0.02524029563766747,1.3361299282679608,0.05449871964309505,0.05727685608942079,0.3592835655949436,0.5351536886879248,2.1304985165728163,2.211912696454477,0.017129909026511125,0.024640597514517897,0.12545556162478363,0,0,171,0,0.4612826510861062,5.333553762615928,171,0.4191963601418226,8.933956203058413,169,0.2533808722436304,18.21864714060194,160,-1.5405825024139381,34.94357478741166,136,-0.31027167574404046,62.570876546251974,112.0
BTG,options_daily_q,3,2012-06-29,2026-09-30,3581,0.4364335528951587,0.43671252745156525,0.025304057749020985,1.3397154693148363,0.06972784500929463,0.05727685608942079,0.3615699917641212,0.5351536886879248,2.613603525719752,2.211912696454477,0.050346301039605024,0.05345535029792956,0.12861083558462058,0,0,57,0,0.45083675561325165,5.534600094617681,171,0.41539678116366996,9.450112349539852,169,0.2645242815233847,20.919383478605962,160,-1.8262345439555414,50.44946427647241,136,-0.5229313835278093,85.58609655522321,112.0
BTG,conditional_options_daily_m,1,2012-06-29,2026-09-30,3581,0.44258060314071446,0.44268939989841566,0.02516567850962391,1.3351738459743037,0.04783918820426347,0.05727685608942079,0.3562364191832435,0.5351536886879248,1.9465454733525296,2.211912696454477,0.006254082900748248,0.026907503028401638,0.1473047592372044,0,0,171,0,0.46415189803776147,5.463592994517996,171,0.41888232748733367,8.678659100335507,169,0.253011191723884,17.68439117445761,160,-1.4149027127718345,36.831207247072875,136,-0.3013991559297693,63.62991745550425,112.0
BTG,conditional_options_daily_q,3,2012-06-29,2026-09-30,3581,0.4373812715853693,0.4375014453310709,0.025282772575806436,1.330609326038867,0.07840747455549124,0.05727685608942079,0.3585173913676639,0.5351536886879248,2.932667030404143,2.211912696454477,0.057835467530457096,0.05445323160450757,0.15087914279027542,0,0,57,0,0.45127649713515894,5.547829884053024,171,0.41317810654467635,9.331539097793929,169,0.2619008646240215,19.381692869024075,160,-1.98655440849112,56.433238822456474,136,-0.6881545206911048,86.0733539523644,112.0
BTG,options_balanced_m,1,2012-06-29,2026-09-30,3581,0.41569949238868775,0.41840831929611516,0.02576533167612983,1.3787379519625547,-0.011336799959775767,0.05727685608942079,0.37256291519101015,0.5351536886879248,0.8500082913105529,2.211912696454477,-0.07471892234515665,0.029480509653393966,0.16395026489616255,0,0,171,0,0.43793196437115256,6.09849416304038,171,0.39314513297815956,9.214454248726756,169,0.2843888908197417,17.931690577085163,160,-0.07949438895849026,36.71653993640655,136,-0.08191765776574722,57.36178082912113,112.0
BTG,options_balanced_q,3,2012-06-29,2026-09-30,3581,0.3939619788772283,0.40038269109450236,0.026240224200956504,1.389626735582553,-0.033616731930149246,0.05727685608942079,0.38029253087565407,0.5351536886879248,0.6142295357027396,2.211912696454477,-0.07645168494292642,0.07964379585436937,0.18252691644691418,0,0,57,0,0.4142935492212856,6.143690541295865,171,0.3560876770952288,9.776782865843291,169,0.2622967308150518,20.69115194047467,160,-0.3696500619398788,40.22501096013177,136,-0.3056969091876869,65.61891441730859,112.0
BTG,conditional_options_balanced_m,1,2012-06-29,2026-09-30,3581,0.41637424301702897,0.4190930292931424,0.025750450467304807,1.3731473531495442,-0.015207165653961519,0.05727685608942079,0.372818966521848,0.5351536886879248,0.8037905595036073,2.211912696454477,-0.07915208630625425,0.0312781239195653,0.16441302804917932,0,0,171,0,0.4379748543024623,5.920304518295527,171,0.3846136639554042,9.281627623557098,169,0.27608337874428746,17.225960216840814,160,-0.10471771332135882,34.00860568940455,136,-0.10651582665065318,55.87482493720923,112.0
BTG,conditional_options_balanced_q,3,2012-06-29,2026-09-30,3581,0.3951501217964114,0.40092791765203517,0.026214489485265717,1.3833423697648748,-0.03454956287514688,0.05727685608942079,0.37822489528325587,0.5351536886879248,0.6058325722984685,2.211912696454477,-0.07690193023585257,0.07903312345798082,0.18020631061410997,0,0,57,0,0.41070857147258666,6.15216628954165,171,0.35030761672843214,9.667861992803783,169,0.24392752222570824,20.522648476809746,160,-0.42358145069759834,43.764524977342724,136,-0.34381706757535335,69.54219335061862,112.0
BTG,equity_conditional_options_balanced_m,1,2012-06-29,2026-09-30,3581,0.42183513831434727,0.4255690833336662,0.025629695855964044,1.3760562815713213,0.02846711539082003,0.05727685608942079,0.38122411639167164,0.5351536886879248,1.4919455562308959,2.211912696454477,-0.05033840213777718,0.03994674681822753,0.164426584271026,0,0,171,0,0.47143032051399847,6.228877003350053,171,0.4196262782870701,9.493431526499307,169,0.31938662598224865,18.227656585815133,160,0.15794468041848797,32.53473056917194,136,0.18724623559920783,47.40009466870427,112.0
BTG,equity_conditional_options_balanced_q,3,2012-06-29,2026-09-30,3581,0.4084495672879187,0.4129021670491927,0.025924685341049573,1.3956597813989926,0.024981281221419627,0.05727685608942079,0.3790000293095301,0.5351536886879248,1.42146739037241,2.211912696454477,-0.025445785865433557,0.09487336656214564,0.14333643417141595,0,0,57,0,0.4510069062920806,6.378975114051855,171,0.40544651687554767,9.778428172496278,169,0.3322340277519866,19.49886375391008,160,-0.13119736175952212,42.129613361857665,136,-0.003935994063077652,61.633930236062454,112.0
BTG,conditional_rates_daily_priority_m,1,2012-06-29,2026-09-30,3581,0.4266804345404799,0.4268499945270132,0.025522075389962436,1.3721238248187446,0.04543038999478588,0.05727685608942079,0.3460035842153892,0.5351536886879248,1.883728033353431,2.211912696454477,0.04303937617701159,0.0,0.18381820337429547,0,0,171,0,0.4580550547822264,5.797891239562825,171,0.4268273406051606,8.769029806015894,169,0.3099273844790664,18.848745226119096,160,-0.310957822348209,48.22113082811521,136,-0.14852313112650095,73.16123155748859,112.0
BTG,conditional_rates_daily_priority_q,3,2012-06-29,2026-09-30,3581,0.41446956473991237,0.41466834662339974,0.025792434883012142,1.3603695350497158,0.028725388795745488,0.05727685608942079,0.34190690560828946,0.5351536886879248,1.497294635645841,2.211912696454477,0.027169879930997398,0.0,0.20231100891714004,0,0,57,0,0.44492369605000315,5.979677326159161,171,0.4014135338581645,8.87777895385783,169,0.286109593581264,18.559824043927186,160,-0.28162432114931857,46.535148239337154,136,-0.16921872583061437,74.77241666251575,112.0
BTG,conditional_options_daily_priority_m,1,2012-06-29,2026-09-30,3581,0.4321728190047147,0.43254152783027855,0.025399530827006397,1.3611080025264188,0.01055559716474308,0.05727685608942079,0.358635586731901,0.5351536886879248,1.1614428503973253,2.211912696454477,-0.047947780880101765,0.02980216260149355,0.13073973402695643,0,0,171,0,0.4579188846476203,5.514018836581947,171,0.415630504213925,8.822142144613832,169,0.32976638659589774,15.103379425124508,160,-0.02015884995622841,36.128736022229305,136,0.038781270820565816,59.12790798485143,112.0
BTG,conditional_options_daily_priority_q,3,2012-06-29,2026-09-30,3581,0.41839398481164825,0.41940584994235663,0.02570585482078556,1.353521094217192,0.015846352799791408,0.05727685608942079,0.36190227823097254,0.5351536886879248,1.2511851041464184,2.211912696454477,-0.018490530109007364,0.0662355457460294,0.1394634832373402,0,0,57,0,0.43824026531213944,5.746289837172935,171,0.3860561104127963,9.656960214143695,169,0.3170316462309045,19.14428095357849,160,-0.3828536236798561,47.50497679592966,136,-0.1472660794455718,75.15207617420386,112.0
BTG,volatility_gold_m,1,2012-06-29,2026-09-30,3581,0.376212796802908,0.422577193503558,0.0266217031368051,1.4237276221212272,0.07998029679311136,0.05727685608942079,0.4631096519055979,0.5351536886879248,2.994223753591897,2.211912696454477,0.07764072929727672,0.0,0.0,0,0,171,109,0.4286535823253079,5.867408433804955,171,0.3471793321650414,10.536847737077837,169,-0.14444205748758665,21.560162884100638,160,-7.094052149636214,47.5325978581534,136,-1.6996721045524996,82.253395614658,112.0
BTG,volatility_gold_q,3,2012-06-29,2026-09-30,3581,0.35595037828198717,0.41165531807772676,0.02705062291790766,1.4230030130157847,0.05961882082276082,0.05727685608942079,0.46964919785155657,0.5351536886879248,2.282782174103604,2.211912696454477,0.05806788477467717,0.0,0.0,0,0,57,37,0.40438656573830856,5.97910539380041,171,0.30978374137437936,10.712799974314668,169,-0.12696484071225056,23.339629400159,160,-6.543544056514856,49.40973572783786,136,-1.644217496113244,95.46506471129285,112.0
OR,gold_daily_m,1,2020-07-31,2026-09-30,1548,0.4876391348429935,0.4892352732336316,0.016509675037315808,0.9717299983799101,0.15472494111991297,0.20358726300531682,0.2700896473369943,0.3662613919790595,2.4278408958924143,3.1346986988221137,0.153845370077905,0.0,0.0,0,0,74,0,0.5570510881483683,4.810864535477766,74,0.5197486120792199,5.58707230112403,72,0.7061710374208384,12.10923045184541,63,0.8095972650886719,19.497652851791614,39,0.31541015252270277,38.85746347641792,15.0
OR,gold_daily_q,3,2020-07-31,2026-09-30,1548,0.4882721497909088,0.490569146061969,0.016499473144696762,0.9644309326896824,0.15761146269908122,0.20358726300531682,0.27354204953259986,0.3662613919790595,2.465502542281896,3.1346986988221137,0.15689956889530765,0.0,0.0,0,0,25,0,0.5619508241669702,4.748552599427058,74,0.5209628778206237,6.0470673032255835,72,0.7036450673176824,12.535912602029198,63,0.8039016219509865,19.788281520856565,39,0.3454647280184595,34.64607355884532,15.0
OR,metals_daily_m,1,2020-07-31,2026-09-30,1548,0.5071958983132799,0.508922949049246,0.016191523214042363,0.9445066625407551,0.15690314162175745,0.20358726300531682,0.27588033095645487,0.3662613919790595,2.456215773056909,3.1346986988221137,0.15568692062737188,0.0,0.0,0,0,74,0,0.5826556461987795,4.671700942538259,74,0.4908973984639923,5.922266110815178,72,0.7000430606342014,12.632276872701542,63,0.7565892572134618,17.704198580232067,39,0.08078555177532187,44.60396537461682,15.0
OR,metals_daily_q,3,2020-07-31,2026-09-30,1548,0.5067385186665581,0.5095968126984746,0.01619903528182666,0.9378665684012898,0.15796323909975007,0.20358726300531682,0.2805888343482188,0.3662613919790595,2.4701255899735375,3.1346986988221137,0.15707998665636258,0.0,0.0,0,0,25,0,0.5859993115000912,4.628609270938522,74,0.4877656441319821,6.202554992230858,72,0.7015264968680871,12.93205912260973,63,0.758930093072018,18.738403077188217,39,0.1302272089517763,48.41559399040926,15.0
OR,rates_daily_m,1,2020-07-31,2026-09-30,1548,0.5050100480748578,0.5069856326727644,0.016227392523634365,0.9572985527951879,0.1761033162827188,0.20358726300531682,0.2767369119554113,0.3662613919790595,2.718575720177859,3.1346986988221137,0.1745497092762025,0.0,0.1376712217095375,0,0,74,0,0.5703277859911016,4.698096383934475,74,0.48533663860147025,6.419758646265894,72,0.7051938735709522,12.752491578319702,63,0.7609507176541171,19.31475082424825,39,0.2820869499439431,46.35541365950839,15.0
OR,rates_daily_q,3,2020-07-31,2026-09-30,1548,0.5048360447227278,0.5076679165159798,0.016230244473034432,0.9562068588074282,0.17934199504585813,0.20358726300531682,0.28021761475267215,0.3662613919790595,2.765062738680247,3.1346986988221137,0.1782689579470933,0.0,0.14371198987494513,0,0,25,0,0.5748063586212082,4.79573449791662,74,0.4819613904482989,6.501180402815837,72,0.7067715981514868,13.281467532358636,63,0.7657959145285149,18.473739877898065,39,0.30145743064374253,38.98558304032535,15.0
OR,conditional_rates_daily_m,1,2020-07-31,2026-09-30,1548,0.5099316925817134,0.5106854328636572,0.016146517170492054,0.9478967249589795,0.1647697635139458,0.20358726300531682,0.27097125093293967,0.3662613919790595,2.5610174372743084,3.1346986988221137,0.16241550998867704,0.0,0.13442217404747547,0,0,74,0,0.5721491751767346,4.576555268394178,74,0.4963785701382468,6.617442836879784,72,0.7163088559879868,13.51330614056998,63,0.791811489762229,16.536195704460475,39,0.28138481077245714,35.42268393180703,15.0
OR,conditional_rates_daily_q,3,2020-07-31,2026-09-30,1548,0.5077958801198261,0.5098146531110554,0.016181663740502457,0.9474418994165599,0.1786618634841206,0.20358726300531682,0.2776746869549939,0.3662613919790595,2.755245497481539,3.1346986988221137,0.17750848744436598,0.0,0.15100309338622808,0,0,25,0,0.5816931732694315,4.543105204850245,74,0.5002363877678712,5.943124076251538,72,0.7199937741337292,12.666150835696133,63,0.7796137477403118,20.440949677461617,39,0.34084386136439804,43.23349583173206,15.0
OR,rates_balanced_m,1,2020-07-31,2026-09-30,1548,0.4562904273011247,0.4607243554871058,0.017007247801814663,0.9409292748046053,0.21737609884419729,0.20358726300531682,0.27296745983786963,0.3662613919790595,3.3627794270467857,3.1346986988221137,0.21522716699809274,0.0,0.265638983121738,0,0,74,0,0.49020429655135866,6.036671072164107,74,0.33841345594892025,7.812881465417165,72,0.6661848268663011,13.63780934424479,63,0.6972903213628419,20.522365785566144,39,0.4301952308556136,46.72794251228889,15.0
OR,rates_balanced_q,3,2020-07-31,2026-09-30,1548,0.45643907276211015,0.4623451632326254,0.017004922826196346,0.9476275267959368,0.2171112653730971,0.20358726300531682,0.27716945776820723,0.3662613919790595,3.358271461068047,3.1346986988221137,0.21540181221028298,0.0,0.3067322944719648,0,0,25,0,0.47447634299154673,6.031794626124254,74,0.35754792460915696,7.865166586904548,72,0.686155895206503,15.369026022465482,63,0.7168472796191456,27.57477600998628,39,0.33271520814273914,54.61179529988023,15.0
OR,conditional_rates_balanced_m,1,2020-07-31,2026-09-30,1548,0.45503239277686913,0.45919209711304215,0.01702691210784284,0.9459129893971817,0.22303658673255877,0.20358726300531682,0.27179836162139726,0.3662613919790595,3.4603510667134114,3.1346986988221137,0.22017699318965156,0.0,0.2710589766434884,0,0,74,0,0.48308320922612025,5.849607376242016,74,0.30955720426307554,7.478981868608287,72,0.6421504213240246,14.516091239124652,63,0.6468334499548574,19.729080034337045,39,0.34808886421928575,51.366231758863414,15.0
OR,conditional_rates_balanced_q,3,2020-07-31,2026-09-30,1548,0.45563751338704217,0.4619803250404359,0.017017456319050602,0.9451260480615384,0.21256648088710528,0.20358726300531682,0.27808515085656244,0.3662613919790595,3.2816959369068575,3.1346986988221137,0.21065340973097202,0.0,0.3216504342398732,0,0,25,0,0.4755514619017075,6.118727284522074,74,0.37030058276611066,7.831568350774177,72,0.6937077121681929,14.729795483998975,63,0.740510530387386,25.884747145617037,39,0.4753218004886174,43.16838158532157,15.0
OR,options_daily_m,1,2020-07-31,2026-09-30,1548,0.500154780936767,0.503289108004834,0.016306784097161065,0.954943298435246,0.11502263022465753,0.20358726300531682,0.27925056930824754,0.3662613919790595,1.9567446659050773,3.1346986988221137,0.06827553658510732,0.02491862181895904,0.13791977648112996,0,0,74,0,0.5578654130668953,4.61154681630887,74,0.45148900519537916,7.874391686383541,72,0.6661774947144976,13.77805756257181,63,0.7625059629766192,22.591202125467056,39,-0.6510578734509065,48.13871519946331,15.0
OR,options_daily_q,3,2020-07-31,2026-09-30,1548,0.5027916885594339,0.5072685979543152,0.016263714420674934,0.9434272608730379,0.13297008268591992,0.20358726300531682,0.2847447816916915,0.3662613919790595,2.1591926501045133,3.1346986988221137,0.10294320691424064,0.06602315867778798,0.1456612318693288,0,0,25,0,0.5684205402507977,5.03427331690075,74,0.45786999992876565,7.314898020030725,72,0.684702111227695,13.128207602302355,63,0.7821187670834879,20.94732867575051,39,-0.16644375890941498,41.59166598354136,15.0
OR,conditional_options_daily_m,1,2020-07-31,2026-09-30,1548,0.5069992519571894,0.5084186144769707,0.016194753388526863,0.9368613919373093,0.10711328221286509,0.20358726300531682,0.27295082029567247,0.3662613919790595,1.8727177997614963,3.1346986988221137,0.06103092133919352,0.02320057370628644,0.13364794139808686,0,0,74,0,0.5613320457342398,4.771043515179841,74,0.46958779775733783,8.111543976605573,72,0.6694168877828717,14.641384931374258,63,0.765087393747571,23.692467984651667,39,-0.9401792265257174,66.55459988944052,15.0
OR,conditional_options_daily_q,3,2020-07-31,2026-09-30,1548,0.5065595079366809,0.5097606004500898,0.016201974430932235,0.9352146075962526,0.13355499146474625,0.20358726300531682,0.2814760557903998,0.3662613919790595,2.166074708830981,3.1346986988221137,0.10364340703145336,0.06333788832520183,0.15269067692147975,0,0,25,0,0.5810764953027152,4.785036965266531,74,0.48176919613715286,7.164911252264533,72,0.6964172621231322,13.667053654501249,63,0.7985590686330201,19.25436704136758,39,-0.15514096523307153,37.03492158215553,15.0
OR,options_balanced_m,1,2020-07-31,2026-09-30,1548,0.46245757003909715,0.4676614988800511,0.016910518543899015,0.9334860097126869,0.17805251642117037,0.20358726300531682,0.2767022093280258,0.3662613919790595,2.7464748010152595,3.1346986988221137,0.14466288152724238,0.0076342313300886006,0.24521867065189676,0,0,74,0,0.4995058072012051,5.298905179998958,74,0.3364155865779499,8.131593862924325,72,0.6356153164296637,15.359647319987623,63,0.6935834938804817,21.494280987483027,39,0.21467757798020048,43.39920489047739,15.0
OR,options_balanced_q,3,2020-07-31,2026-09-30,1548,0.4692500868300187,0.4762279746971257,0.01680333616062942,0.9230833427135616,0.1734093396238392,0.20358726300531682,0.2831710894641882,0.3662613919790595,2.6804077421276524,3.1346986988221137,0.1352463777678503,0.04566116434084115,0.2766001957495213,0,0,25,0,0.5164311480415283,5.168438157358351,74,0.37964167990422404,7.6167077483218275,72,0.67070175398828,15.802589141239288,63,0.7292237790648333,26.084659737896065,39,0.3055452869730463,44.25229194171387,15.0
OR,conditional_options_balanced_m,1,2020-07-31,2026-09-30,1548,0.4616591501854207,0.4668046330972945,0.01692307260767322,0.948288043505471,0.17944789813143003,0.20358726300531682,0.2763310094945246,0.3662613919790595,2.766594012050096,3.1346986988221137,0.1446168293274135,0.00862262033987667,0.24908049879406313,0,0,74,0,0.4913708550892524,5.291259993254344,74,0.3051297042393234,7.395927482412517,72,0.6171921037291584,16.293019342556804,63,0.6532642115937282,21.798032104506415,39,0.1901528809096078,46.82305905260628,15.0
OR,conditional_options_balanced_q,3,2020-07-31,2026-09-30,1548,0.4689464562210216,0.47632778161940953,0.016808141887005024,0.9299265147514211,0.17361272724681753,0.20358726300531682,0.2840779043064757,0.3662613919790595,2.683273558993132,3.1346986988221137,0.1372225520240058,0.043363882665702146,0.29474588751193037,0,0,25,0,0.5178297613772997,5.217326473239642,74,0.3940108653993919,7.713181380567169,72,0.6772287742291108,15.114191047336178,63,0.7519510334462881,27.088279825289163,39,0.39512021569308375,36.94707934101879,15.0
OR,equity_conditional_options_balanced_m,1,2020-07-31,2026-09-30,1548,0.4805444301316616,0.48473145862115197,0.016623587495154787,0.9337083989736138,0.1583681826254708,0.20358726300531682,0.27832475955266733,0.3662613919790595,2.475456350349233,3.1346986988221137,0.09054957094976746,0.02035219002733398,0.21930744283761722,0,0,74,0,0.5443901647810914,5.081546879798116,74,0.3682349669476125,7.6504646259304865,72,0.5513879176146592,16.606936487413137,63,0.6339162741630667,25.04215545156829,39,-0.14186463214027834,35.8659891254915,15.0
OR,equity_conditional_options_balanced_q,3,2020-07-31,2026-09-30,1548,0.4819906973049266,0.48634558783636445,0.0166004296851761,0.922688399982935,0.16796669115502327,0.20358726300531682,0.2793162152832678,0.3662613919790595,2.604665297419429,3.1346986988221137,0.11653341236320247,0.05619189752126321,0.2557325500507073,0,0,25,0,0.5577686536889787,5.105488071831271,74,0.4274076071513925,7.692697093998014,72,0.6105668164378601,16.45185854549347,63,0.7253144303297747,21.132327339305277,39,0.2609921408697484,32.77954129910277,15.0
OR,conditional_rates_daily_priority_m,1,2020-07-31,2026-09-30,1548,0.4889207265400638,0.48977580847725305,0.01648901390592803,0.9331810643925027,0.20249177732827328,0.20358726300531682,0.2668390570676699,0.3662613919790595,3.117148492801327,3.1346986988221137,0.20027981317884613,0.0,0.22377277609070312,0,0,74,0,0.5348404731796751,5.086670338929733,74,0.4207525185690677,7.2020929474171655,72,0.6996510012314351,13.39568031676539,63,0.7406215225268659,17.774452452622036,39,0.48126853819079374,34.622618672995564,15.0
OR,conditional_rates_daily_priority_q,3,2020-07-31,2026-09-30,1548,0.48554500441155424,0.4877681568951294,0.0165433799511782,0.93256143123778,0.20531193683752202,0.20358726300531682,0.272975949295324,0.3662613919790595,3.162496530398666,3.1346986988221137,0.20398901365994337,0.0,0.2556315653138354,0,0,25,0,0.5316639983082201,5.515154727400395,74,0.43607064170300414,7.506887246160543,72,0.7147274021218534,13.110268617207389,63,0.7609816519037232,22.20724672660841,39,0.4693714460472521,41.04444019977205,15.0
OR,conditional_options_daily_priority_m,1,2020-07-31,2026-09-30,1548,0.4913303997682601,0.4928580946995674,0.016450096185792868,0.9280383860447893,0.1534184260745639,0.20358726300531682,0.2706836879640139,0.3662613919790595,2.4109534006729936,3.1346986988221137,0.11640931956171507,0.011539619275026445,0.20477618439521006,0,0,74,0,0.5341844005012737,4.994794552353038,74,0.4011797055040969,8.129581885699672,72,0.663353003370754,15.197212679326476,63,0.7360079939428038,18.33780686516564,39,0.07534322288160344,42.873463162257195,15.0
OR,conditional_options_daily_priority_q,3,2020-07-31,2026-09-30,1548,0.491752319000878,0.4946638969967983,0.016443272452089385,0.9164592727786646,0.1627435963487076,0.20358726300531682,0.2769572255064776,0.3662613919790595,2.5336726241278757,3.1346986988221137,0.1286773394256231,0.044049337715519624,0.2365209472781909,0,0,25,0,0.5588371879064267,5.128249471125579,74,0.45062846020487357,7.2356304958441475,72,0.6944996322731226,13.517831400746271,63,0.7760177407070563,23.283464487770857,39,0.3150670467458996,35.94141151501597,15.0
OR,volatility_gold_m,1,2020-07-31,2026-09-30,1548,0.33990228351522567,0.48326547230057504,0.0187393561431254,1.1046296396543684,0.17468915533564489,0.20358726300531682,0.3932911180759264,0.3662613919790595,2.69848366475021,3.1346986988221137,0.17261533347807312,0.0,0.0,0,0,74,8,0.46484417308308523,4.721881936581463,74,0.3615141336578903,9.204278799322573,72,0.38513610393940656,23.458655972397846,63,-0.7018611666411272,39.26969085099381,39,-2.3280704903337823,102.53383458195225,15.0
OR,volatility_gold_q,3,2020-07-31,2026-09-30,1548,0.3412133843815408,0.48379775215412396,0.018720736628500944,1.1033427032849368,0.17724055680290585,0.20358726300531682,0.39305484097585114,0.3662613919790595,2.7348241420686654,3.1346986988221137,0.17576607938807132,0.0,0.0,0,0,25,3,0.4618348502343491,4.870841860343711,74,0.366304745505893,9.526255618642521,72,0.40171712299857765,23.02848902124701,63,-0.640621279411606,39.652772389582026,39,-2.2699576201778453,102.19837935760485,15.0
DRD,gold_daily_m,1,2011-07-29,2026-09-30,3813,0.3206351110449067,0.32099951476021915,0.03072386323146292,1.6376975634647164,0.12103693592306075,0.15934295022012335,0.3417070135491309,0.5918089125613668,5.660977970236354,9.425369857736234,0.11977958851489023,0.0,0.0,0,0,182,0,0.3564809825284402,8.38649120373079,182,0.3803471259226273,14.290585674540306,180,0.26317031942121993,31.45580382921278,171,0.3593346025474814,46.489144928756,147,0.023693218773054747,66.26298816042033,123.0
DRD,gold_daily_q,3,2011-07-29,2026-09-30,3813,0.3175784239396363,0.3179369543437173,0.03079290406533543,1.63819302848126,0.11761343414355796,0.15934295022012335,0.33956868904773324,0.5918089125613668,5.404267235435731,9.425369857736234,0.11673851709892924,0.0,0.0,0,0,61,0,0.35034279871898144,8.491399729959703,182,0.37027753066162217,14.078347909577888,180,0.26238228406220643,31.72301129584232,171,0.3754730016749527,46.44438501308626,147,0.021647222540281175,64.31083004048567,123.0
DRD,metals_daily_m,1,2011-07-29,2026-09-30,3813,0.32237959368200075,0.323050978019608,0.030684391293768667,1.630656540288276,0.10251834649754965,0.15934295022012335,0.34781284235932997,0.5918089125613668,4.396704622210772,9.425369857736234,0.10087467329954669,0.0,0.0,0,0,182,0,0.3666396376861383,8.083255841669502,182,0.36612676716106785,13.954601349476714,180,0.22299171095964687,31.603146588934393,171,0.21205722269666416,45.61000664814857,147,-0.11556985243548956,73.45320913471983,123.0
DRD,metals_daily_q,3,2011-07-29,2026-09-30,3813,0.3215426588908151,0.3221422874372492,0.030703334724057244,1.63741251682813,0.10153184892088918,0.15934295022012335,0.3460890368266604,0.5918089125613668,4.3373899572807435,9.425369857736234,0.10051600319925758,0.0,0.0,0,0,61,0,0.3611289944968632,8.240333257376731,182,0.36267787602277013,13.822626457187681,180,0.2372910955287486,31.64404146155614,171,0.2793316500458779,46.93538706009027,147,-0.07625569641445606,69.64725333362782,123.0
DRD,rates_daily_m,1,2011-07-29,2026-09-30,3813,0.32360415571751244,0.3243688522542259,0.030656653100260993,1.6294368222847089,0.08682885697576137,0.15934295022012335,0.3491022425985018,0.5918089125613668,3.5373612222434607,9.425369857736234,0.08483648761355123,0.0,0.17514600836243327,0,0,182,0,0.362303767654908,7.8254500604583495,182,0.3625878127481038,14.203761514182883,180,0.23283155039499126,31.323895442567707,171,0.22875701113039304,47.232109187074435,147,-0.10436407606794385,74.62196690211576,123.0
DRD,rates_daily_q,3,2011-07-29,2026-09-30,3813,0.3227819117098347,0.32348187945496404,0.03067528094483556,1.6362835191366714,0.0869066649566066,0.15934295022012335,0.34763353608497755,0.5918089125613668,3.5412057149422496,9.425369857736234,0.08562259109613701,0.0,0.1735939344509106,0,0,61,0,0.3566116748767818,8.223259581816034,182,0.3593755689078414,14.68113433629884,180,0.24959008515081738,30.832185590841632,171,0.29263325479544045,46.54924743461712,147,-0.06547386149673118,70.43863557821346,123.0
DRD,conditional_rates_daily_m,1,2011-07-29,2026-09-30,3813,0.32625522305214383,0.3268540204841021,0.030596516241051173,1.631361284359182,0.07798917995350996,0.15934295022012335,0.34695396101256376,0.5918089125613668,3.125099372123066,9.425369857736234,0.07509844014988687,0.0,0.18046098477777273,0,0,182,0,0.36047799853865703,7.905546816284387,182,0.3643897712286067,13.964676662994268,180,0.22440712144825192,31.358185781399108,171,0.20592390599779797,45.641375534968056,147,-0.13386522322659666,83.1187516434361,123.0
DRD,conditional_rates_daily_q,3,2011-07-29,2026-09-30,3813,0.32266477185405384,0.3232189414981717,0.030677933814477098,1.6438677077428188,0.08971349066332612,0.15934295022012335,0.34500877970208466,0.5918089125613668,3.6825296585081846,9.425369857736234,0.08809924933287827,0.0,0.1835309210194394,0,0,61,0,0.35256223890009597,8.0350183567854,182,0.35438871606518485,14.093191665851974,180,0.2437026872154251,30.541716147553053,171,0.2518195273866528,49.40700096706138,147,-0.093866912125941,70.56642236823166,123.0
DRD,rates_balanced_m,1,2011-07-29,2026-09-30,3813,0.27396108951715137,0.2943931261678002,0.03176173532878281,1.7450426979883864,0.049732155887525886,0.15934295022012335,0.40485136187492116,0.5918089125613668,2.088467195602945,9.425369857736234,0.04681835595962647,0.0,0.36728301858521933,0,0,182,0,0.29899343147170465,9.075988130163726,182,0.28886915349974374,14.502066854829398,180,0.19889751265658706,33.33232330485083,171,0.27382164277829124,59.20351559944874,147,-0.19974487207409797,86.67207233769729,123.0
DRD,rates_balanced_q,3,2011-07-29,2026-09-30,3813,0.27061130756803853,0.2902838097744182,0.03183492179843905,1.7433405135863056,0.042789675705191765,0.15934295022012335,0.40092228877805747,0.5918089125613668,1.888434605282832,9.425369857736234,0.04056639802349693,0.0,0.33071814535680827,0,0,61,0,0.2763352613108452,8.995524631643459,182,0.29148048915362634,13.782449681878617,180,0.2030971392393327,33.19867447805351,171,0.3154178778523741,56.99341027575677,147,-0.20123837234628006,87.40457529165447,123.0
DRD,conditional_rates_balanced_m,1,2011-07-29,2026-09-30,3813,0.2785508797580697,0.2976626240600358,0.03166118229694532,1.7505273411019422,0.045755396186723196,0.15934295022012335,0.4037810328421427,0.5918089125613668,1.9715891000544865,9.425369857736234,0.04219077084225642,0.0,0.36318233469712174,0,0,182,0,0.2961845159067348,9.214632281248337,182,0.2821110583953499,14.576540135213639,180,0.1851079586972425,32.31276618060299,171,0.22331238697053524,60.45363415421641,147,-0.2366371424258451,92.2265681020036,123.0
DRD,conditional_rates_balanced_q,3,2011-07-29,2026-09-30,3813,0.2714359623556505,0.2900498540146143,0.031816920254423,1.7639383865003462,0.044055343000271696,0.15934295022012335,0.3985063881237787,0.5918089125613668,1.9235130541179561,9.425369857736234,0.041619816166746926,0.0,0.33386520685840504,0,0,61,0,0.2698076205651121,9.089382930702005,182,0.27790348881779303,14.043131472455993,180,0.19379377300608136,31.854523728676586,171,0.284186539517262,56.66928143926589,147,-0.22132642763763366,80.75068859739666,123.0
DRD,options_daily_m,1,2011-07-29,2026-09-30,3813,0.3197824396396798,0.32122676817128554,0.030743137957853817,1.6263159711769308,0.02990465301104339,0.15934295022012335,0.3526948836535434,0.5918089125613668,1.5637645073693323,9.425369857736234,-0.007617308494681563,0.02629431865961057,0.16939587252178284,0,0,182,0,0.32461024130915417,7.911478437150898,182,0.3298949752117236,14.34828790464212,180,0.18822172767678758,30.64312472937537,171,0.05844475786260239,53.69528979139804,147,-0.2875104694752788,112.42274797024525,123.0
DRD,options_daily_q,3,2011-07-29,2026-09-30,3813,0.32332005831575317,0.3249632440884458,0.030663090574136114,1.633703972991291,0.03972956754993806,0.15934295022012335,0.35705660596961936,0.5918089125613668,1.806075936616526,9.425369857736234,0.018471935482683444,0.05715940755135264,0.16482984852910212,0,0,61,0,0.3369271748388796,7.74242245217967,182,0.3668584370233441,13.759776913831706,180,0.2511266508039961,30.438759529152414,171,0.23228591602011184,46.302343658933346,147,-0.16282638975608044,93.03145953471707,123.0
DRD,conditional_options_daily_m,1,2011-07-29,2026-09-30,3813,0.3231682550162319,0.32424651052329484,0.03066652979038031,1.6252249248910686,0.021468658352547854,0.15934295022012335,0.34934809433507935,0.5918089125613668,1.3802990171162244,9.425369857736234,-0.01848526600690381,0.026443288067664217,0.1753895352917701,0,0,182,0,0.33300179282769493,7.885113268888372,182,0.34078472826755535,14.105678598024218,180,0.17984204490358469,29.283853613075618,171,0.05146630143531028,55.50412254344301,147,-0.31560804030612144,110.82017892402325,123.0
DRD,conditional_options_daily_q,3,2011-07-29,2026-09-30,3813,0.3234235406193804,0.3248917909101111,0.030660745884737897,1.6369469519546171,0.04255347970866308,0.15934295022012335,0.3554985968643241,0.5918089125613668,1.8819548726381765,9.425369857736234,0.01933570973492249,0.0604962552056128,0.17434110498944905,0,0,61,0,0.3313975193633498,7.797507869939246,182,0.36161363562438653,13.386558313918412,180,0.2455842347649021,30.6352393047154,171,0.2241408769370805,44.389741211981615,147,-0.1714662974994965,93.09740836496916,123.0
DRD,options_balanced_m,1,2011-07-29,2026-09-30,3813,0.2729262600930332,0.29430811674736485,0.03178436240454401,1.736830117090965,0.007939460614119875,0.15934295022012335,0.40637760881212587,0.5918089125613668,1.1274867873315733,9.425369857736234,-0.03828155917201248,0.028527261059168776,0.3561967129388508,0,0,182,0,0.25209269850198457,9.059275883772722,182,0.22905768588060704,14.52540262124945,180,0.1349415574231856,33.733743035689365,171,0.1833603432756169,62.12712012180949,147,-0.3227789701333721,96.50522579682693,123.0
DRD,options_balanced_q,3,2011-07-29,2026-09-30,3813,0.2676266533973011,0.2935473375227249,0.03189998945715718,1.7417576818010567,0.0005115688994594692,0.15934295022012335,0.41478030664715665,0.5918089125613668,1.0077903245426754,9.425369857736234,-0.03739578565377022,0.07756270991518796,0.3000794922028669,0,0,61,0,0.22882294244317736,9.118467699448168,182,0.2605531902597271,15.108342285776716,180,0.20545534803993826,31.21663847208285,171,0.27553119499456835,63.6419315929057,147,-0.28135158753522993,104.17114940229213,123.0
DRD,conditional_options_balanced_m,1,2011-07-29,2026-09-30,3813,0.2756034634864454,0.29566135411340055,0.03172579084948551,1.7313074066137852,0.0017175712712269586,0.15934295022012335,0.404272707293667,0.5918089125613668,1.02638061121807,9.425369857736234,-0.04431913086012729,0.02865736442590553,0.3550414348951029,0,0,182,0,0.25100293097187043,9.064211151869744,182,0.21560016931197634,14.96087460357456,180,0.1060821531079773,34.46554499508909,171,0.12346659349230638,64.13565002943751,147,-0.37392181332358976,99.49771465712082,123.0
DRD,conditional_options_balanced_q,3,2011-07-29,2026-09-30,3813,0.2679405909524354,0.29287727507968875,0.031893151634491204,1.735469041666537,0.005863639860237857,0.15934295022012335,0.41261084337802756,0.5918089125613668,1.0927638947791334,9.425369857736234,-0.0338062637863884,0.08268864175545763,0.29951030420689195,0,0,61,0,0.22137551672865696,8.945065835619765,182,0.23869275994009642,15.153318702815483,180,0.19877897048758286,31.014882071281093,171,0.25885858753522484,61.21963258021004,147,-0.2909853606679498,101.38599866574525,123.0
DRD,equity_conditional_options_balanced_m,1,2011-07-29,2026-09-30,3813,0.27171665224160946,0.2950761823814328,0.03181079069848053,1.7202670957014086,0.02725860453718787,0.15934295022012335,0.4109651901304487,0.5918089125613668,1.5039015026561897,9.425369857736234,-0.03094366128395798,0.03684912720063246,0.3914302801164067,0,0,182,0,0.24904257694610876,9.355906848518941,182,0.19500871820009147,15.825049849461337,180,0.06261709171932628,37.78809077556243,171,0.09577680892858664,62.94018688087384,147,-0.3501124219190366,88.74097741031648,123.0
DRD,equity_conditional_options_balanced_q,3,2011-07-29,2026-09-30,3813,0.27438329790062,0.2965799962351617,0.031752498894709394,1.727861909387887,0.04682075921929507,0.15934295022012335,0.40964715669183666,0.5918089125613668,2.002286266467761,9.425369857736234,0.0022927651646977854,0.08782908757049278,0.32999943662340403,0,2,61,0,0.22967464940876525,9.05046227735924,182,0.23803652376950013,16.592987523426466,180,0.18831718364634475,33.61055972739302,171,0.3578741003819462,72.4113516025084,147,-0.19171334278050378,79.12697331531655,123.0
DRD,conditional_rates_daily_priority_m,1,2011-07-29,2026-09-30,3813,0.31487117544943377,0.3176934919438738,0.030853923185156163,1.6827073777124064,0.06225377113290276,0.15934295022012335,0.3625363491471885,0.5918089125613668,2.500150488290205,9.425369857736234,0.05944079087271548,0.0,0.2357110622303059,0,0,182,0,0.3363501701577998,8.542219497058968,182,0.33240001361060156,14.463909216166199,180,0.2014198820404569,31.51913630136577,171,0.22348017243856233,49.38999348346793,147,-0.17393191525627327,85.76995207042621,123.0
DRD,conditional_rates_daily_priority_q,3,2011-07-29,2026-09-30,3813,0.30976576769017117,0.3124404555042581,0.03096866765961173,1.6987101068561747,0.0662399001791254,0.15934295022012335,0.35893078132465156,0.5918089125613668,2.6463517409436546,9.425369857736234,0.06443993666521886,0.0,0.2248494492333128,0,0,61,0,0.32072085310885157,8.811039232258027,182,0.31865831913909903,14.261269855660498,180,0.21637593209922124,33.015267914197,171,0.26717647263266886,53.26231006269142,147,-0.149161629942421,80.42566654736704,123.0
DRD,conditional_options_daily_priority_m,1,2011-07-29,2026-09-30,3813,0.3110067998465389,0.314769638172828,0.030940814503601418,1.6744503328572597,0.011113800894698489,0.15934295022012335,0.36495725625857767,0.5918089125613668,1.1825834344479746,9.425369857736234,-0.03473175733370082,0.030110366719268856,0.2028497224182373,0,0,182,0,0.295429866933564,8.571053188889005,182,0.27637345830155835,15.55444494147537,180,0.1247469218262518,31.7795540072505,171,0.06987246830524452,62.45385071243754,147,-0.3478304953341713,102.37506426714673,123.0
DRD,conditional_options_daily_priority_q,3,2011-07-29,2026-09-30,3813,0.3094360131296129,0.3146346363230613,0.03097606430811418,1.6775090188416275,0.029236632157825904,0.15934295022012335,0.37227161933478825,0.5918089125613668,1.5484449753150606,9.425369857736234,-0.0018509619750600725,0.06612598693198252,0.18766904979003168,0,0,61,0,0.28519087246450525,8.11422449170609,182,0.30852356620682264,14.413950790401342,180,0.22049722970368135,30.85006264139043,171,0.2503613520906506,53.23848658531409,147,-0.20399902945305115,82.75075210496242,123.0
DRD,volatility_gold_m,1,2011-07-29,2026-09-30,3813,0.2595680952801144,0.31436638365423386,0.03207501264188383,1.7395240901087585,0.09205492597442211,0.15934295022012335,0.4701433339050801,0.5918089125613668,3.804433471012211,9.425369857736234,0.089752324591172,0.0,0.0,0,0,182,138,0.3573570524182924,8.369260614623524,182,0.40104232759127645,14.337492150135239,180,0.2780917287866156,31.765188110092,171,-0.24337619112787556,65.05892758356217,147,-0.15682769753131853,82.63776941264538,123.0
DRD,volatility_gold_q,3,2011-07-29,2026-09-30,3813,0.24362277295400625,0.3049524748284843,0.03241854332106603,1.7341671898020088,0.06772754499266465,0.15934295022012335,0.47309822890237896,0.5918089125613668,2.7029323076349683,9.425369857736234,0.06615773019928106,0.0,0.0,0,0,61,46,0.33397318105514795,8.334301673297018,182,0.3852714837459251,15.294294011098486,180,0.29570458449356496,33.36758441465355,171,-0.03712266223746319,61.96894232965677,147,-0.09419216532102159,89.23783075493077,123.0
SSRM,gold_daily_m,1,2011-07-29,2026-09-30,3813,0.37236813963951254,0.37244374000646574,0.028091641424927153,1.4189572858448747,0.0730065669362947,0.016258625113032332,0.33980108177432733,0.5629655927827596,2.912963776588774,1.2772519852682547,0.0717619077754108,0.0,0.0,0,0,182,0,0.3712463069993672,7.149474796239352,182,0.2964938975572915,13.516758776646753,180,0.39166437307213653,26.88111256701955,171,-0.96594394170028,37.34531970582356,147,-0.8431245649375603,71.67287248131092,123.0
SSRM,gold_daily_q,3,2011-07-29,2026-09-30,3813,0.3696295018508913,0.36970772586235234,0.028152862894978647,1.428464873155941,0.07290410940526892,0.016258625113032332,0.33845580378484535,0.5629655927827596,2.908746238280995,1.2772519852682547,0.0721240989642773,0.0,0.0,0,0,61,0,0.366600826058593,7.289635486942703,182,0.29675901807031435,13.536623341419373,180,0.39507548604291,26.23670853659895,171,-0.9143132667580418,39.859548507063835,147,-0.8253330748426071,72.51036481641333,123.0
SSRM,metals_daily_m,1,2011-07-29,2026-09-30,3813,0.3989616235866592,0.39906509725732997,0.027490062474525484,1.3976277732072047,0.05386576725846082,0.016258625113032332,0.35152185907932143,0.5629655927827596,2.2167931551022133,1.2772519852682547,0.05250620959808239,0.0,0.0,0,0,182,0,0.3924300100741033,7.566521162515272,182,0.32393983933779746,12.78347502165822,180,0.4382459179404977,26.709348939556733,171,-0.8923491893116382,43.23797247991161,147,-0.8241627668055651,80.65641412166305,123.0
SSRM,metals_daily_q,3,2011-07-29,2026-09-30,3813,0.39707457595334184,0.39716977433905154,0.02753318318514348,1.3996314551499953,0.05455174640347371,0.016258625113032332,0.35097829337141745,0.5629655927827596,2.2387885362697237,1.2772519852682547,0.05367234615996086,0.0,0.0,0,0,61,0,0.3868216239862372,7.800378552642356,182,0.32326123046133626,12.75571806912309,180,0.4378534836291561,26.2831534230726,171,-0.8398460845721301,43.617238441132656,147,-0.7938412058614182,78.46229990747653,123.0
SSRM,rates_daily_m,1,2011-07-29,2026-09-30,3813,0.3983054631032712,0.39838422831358344,0.02750506398942971,1.392970889322768,0.04801281241936817,0.016258625113032332,0.3527824546155986,0.5629655927827596,2.037162839542237,1.2772519852682547,0.0462865013136573,0.0,0.15429841266327413,0,0,182,0,0.3935245104520726,7.532313193514323,182,0.32468387348793837,12.113820431211453,180,0.43133996141186903,26.001786769106328,171,-0.9588295639357138,46.991563921999145,147,-1.0508380437914298,81.14146738923776,123.0
SSRM,rates_daily_q,3,2011-07-29,2026-09-30,3813,0.3959879817790791,0.3960756748373031,0.027557982213414895,1.403751149917427,0.05278833935080707,0.016258625113032332,0.35092681770568573,0.5629655927827596,2.182653380649155,1.2772519852682547,0.05168704795433521,0.0,0.15980577842118504,0,0,61,0,0.38830980164895834,7.521484437670983,182,0.32232768749486573,13.067386446979922,180,0.42955694201426553,25.302534902994122,171,-0.9572353787780232,48.01843294044345,147,-1.0718835098114852,80.57650465557788,123.0
SSRM,conditional_rates_daily_m,1,2011-07-29,2026-09-30,3813,0.40236063179709014,0.4025491573309267,0.02741222099950452,1.390404602407556,0.04536645578094656,0.016258625113032332,0.35090050277617496,0.5629655927827596,1.9604922080085765,1.2772519852682547,0.04289690945283997,0.0,0.15709479979721228,0,0,182,0,0.392221273347899,7.39295726736594,182,0.3231722746471557,12.556854131248162,180,0.4311905274721929,25.700189078042357,171,-0.8774084650727485,47.0465226032996,147,-0.9807754712979222,84.44495760710512,123.0
SSRM,conditional_rates_daily_q,3,2011-07-29,2026-09-30,3813,0.3956475100401039,0.39577845246386767,0.027565748112101992,1.4053271609994484,0.05696916979989708,0.016258625113032332,0.34899565164035695,0.5629655927827596,2.3179370962680976,1.2772519852682547,0.055659748742320936,0.0,0.16930036736746887,0,0,61,0,0.38634785792735993,7.75932148783215,182,0.3184556423984296,13.332107153653483,180,0.41913154982160983,25.93350276551918,171,-0.9938906636951932,46.83515507434907,147,-1.1138981352165298,78.74490052905723,123.0
SSRM,rates_balanced_m,1,2011-07-29,2026-09-30,3813,0.3584345432413589,0.35868243441683684,0.028401750749157427,1.4507575812810531,0.02414632367914682,0.016258625113032332,0.34375024117493125,0.5629655927827596,1.4362317898823267,1.2772519852682547,0.021797787880500907,0.0,0.3731306676067389,0,0,182,0,0.34959113899852745,7.586084682721289,182,0.23851219769034482,14.40009262311867,180,0.2613188765654969,27.367025849285078,171,-0.42669958553316567,63.320748879537724,147,-1.1552815933110239,88.50495165871155,123.0
SSRM,rates_balanced_q,3,2011-07-29,2026-09-30,3813,0.355550068339183,0.35571479992553284,0.02846552620663523,1.4565032271465872,0.009997028557024334,0.016258625113032332,0.33779919967973054,0.5629655927827596,1.162919219488212,1.2772519852682547,0.008162357253537866,0.0,0.3710459312571541,0,0,61,0,0.341835974126002,8.137080892406011,182,0.2313477469089692,14.081195910788502,180,0.2230439627108317,26.77988721685519,171,-0.29960927136106386,60.00283405820104,147,-0.9780295161971335,85.3657443259494,123.0
SSRM,conditional_rates_balanced_m,1,2011-07-29,2026-09-30,3813,0.35765489806292305,0.3579652052035385,0.02841900274162605,1.4392542751193997,0.029055710492653652,0.016258625113032332,0.345009954166767,0.5629655927827596,1.5443201411142047,1.2772519852682547,0.02613210499595442,0.0,0.3843313825565654,0,0,182,0,0.3386271112499287,7.649262908738935,182,0.20529864299458356,14.452550686309063,180,0.28004104739926083,25.80247346446728,171,-0.588422224979241,65.07831535134365,147,-1.3290075351734174,94.48116628099183,123.0
SSRM,conditional_rates_balanced_q,3,2011-07-29,2026-09-30,3813,0.34915146977573563,0.34950096552569226,0.028606491075496454,1.45743415897149,0.011929517673977541,0.016258625113032332,0.3409065542269806,0.5629655927827596,1.1971424513486997,1.2772519852682547,0.009955051679192417,0.0,0.38618838742465983,0,0,61,0,0.3347013589880613,8.178570985303423,182,0.22145595229904536,14.803809570688353,180,0.23140099655084856,27.203073733077442,171,-0.28299783392489997,61.455022514859905,147,-0.9436745848877379,86.2087750668234,123.0
SSRM,options_daily_m,1,2011-07-29,2026-09-30,3813,0.3989753894509318,0.3993735775341188,0.027489747663815758,1.3798887399717847,-0.03892765891979855,0.016258625113032332,0.36164602919871514,0.5629655927827596,0.5474633718175981,1.2772519852682547,-0.1053711267337818,0.046491333810034,0.16249079651971765,0,0,182,0,0.36667659806437214,7.29953134100339,182,0.2838467836236338,11.056636489765898,180,0.32132444863642484,27.92780919046527,171,-0.24343208974652852,44.91952499245882,147,-0.44155923776379047,73.24723983486368,123.0
SSRM,options_daily_q,3,2011-07-29,2026-09-30,3813,0.39496369541192133,0.3953564524668414,0.02758133879225004,1.3789743180343768,0.021195156033978257,0.016258625113032332,0.363569450706402,0.5629655927827596,1.3747019363701152,1.2772519852682547,-0.007087895891345064,0.08328647072997845,0.16256785686693526,0,0,61,0,0.36581714849692304,7.383200356156072,182,0.2973901089668747,12.501785963800588,180,0.39606467965807746,28.57807703110592,171,-0.8719695268411731,48.29982760779487,147,-0.8701136494860902,86.10843389846237,123.0
SSRM,conditional_options_daily_m,1,2011-07-29,2026-09-30,3813,0.4022138579465271,0.4025356210331709,0.027415586867323063,1.3706820788681466,-0.042457849391517755,0.016258625113032332,0.3593254667596121,0.5629655927827596,0.5177327515947825,1.2772519852682547,-0.11132896042541718,0.0481571972169791,0.165014828436493,0,0,182,0,0.3611694826191407,7.175983488992083,182,0.2762244221217255,11.243256840532439,180,0.32401904456090225,27.245942418646298,171,-0.21608215550238064,44.472302233108074,147,-0.40877081384572067,71.8142830821803,123.0
SSRM,conditional_options_daily_q,3,2011-07-29,2026-09-30,3813,0.39523180796129,0.39554798658911566,0.02757522699167005,1.3793467249713198,0.02562237926462374,0.016258625113032332,0.36245887915182223,0.5629655927827596,1.4679627083210014,1.2772519852682547,-0.004971806063524431,0.0866658852610943,0.1695913664362587,0,0,61,0,0.3614852381518373,7.401823770099153,182,0.28573841896110586,12.620984870198948,180,0.3800019776037029,28.480989463448992,171,-0.9580208585638965,52.44909628686341,147,-0.992154029979766,87.1421184098858,123.0
SSRM,options_balanced_m,1,2011-07-29,2026-09-30,3813,0.36899228176537857,0.3710517024787571,0.028167088686333802,1.4420097011576938,-0.062194808155766834,0.016258625113032332,0.3659832900663536,0.5629655927827596,0.3774507231740753,1.2772519852682547,-0.16125391948552037,0.03764877837893574,0.30535610839903626,0,0,182,0,0.3387239979677146,7.188689506438689,182,0.19974374676776818,13.372721980614205,180,0.16659728462105294,26.70443852894112,171,0.022469627411698556,46.794043288454134,147,-0.3700975825550299,55.54638969524546,123.0
SSRM,options_balanced_q,3,2011-07-29,2026-09-30,3813,0.35823445996974423,0.36011885596060617,0.028406179192237913,1.4599821343704589,-0.05869105604262803,0.016258625113032332,0.3597043006963546,0.5629655927827596,0.3994238608421868,1.2772519852682547,-0.1327663873836895,0.11553649489402502,0.2757384739099562,0,0,61,0,0.3221828845997867,7.8092153636267705,182,0.2021051964891043,13.795170638041427,180,0.16270614212988477,29.006902930167833,171,-0.12349429111385235,50.145176513905355,147,-0.6278581278738777,61.51415147055064,123.0
SSRM,conditional_options_balanced_m,1,2011-07-29,2026-09-30,3813,0.36856091884462416,0.3708212247387294,0.02817671468733076,1.436924976143392,-0.060083597816363965,0.016258625113032332,0.36729667544829026,0.5629655927827596,0.39055150252982984,1.2772519852682547,-0.16111103778447455,0.038986552691595865,0.3150179423982378,0,0,182,0,0.3268013708729657,7.098013638545253,182,0.16462520125634794,13.523563145889767,180,0.1882594892568492,25.7931236653843,171,0.01109174093237908,48.703340652958275,147,-0.35506031512588265,58.85145253098183,123.0
SSRM,conditional_options_balanced_q,3,2011-07-29,2026-09-30,3813,0.35377358340702036,0.35640189164093716,0.028504733113670553,1.4689885619002654,-0.060537468644074055,0.016258625113032332,0.36279199434732273,0.5629655927827596,0.38769974823680575,1.2772519852682547,-0.13264209829103113,0.11390370808116337,0.2935692364842806,0,0,61,0,0.31292394146497116,7.774378299284335,182,0.1864897811205245,14.472791366978926,180,0.1537668136933621,28.252043487140376,171,-0.13073318729717132,49.45593658485991,147,-0.6199209531678926,60.72160696995576,123.0
SSRM,equity_conditional_options_balanced_m,1,2011-07-29,2026-09-30,3813,0.3867830219151961,0.38857754859169713,0.02776717585821995,1.4012099994108584,-0.025975713662421573,0.016258625113032332,0.37323339454720666,0.5629655927827596,0.6707604173915739,1.2772519852682547,-0.1489208889536643,0.047690308494308366,0.27755576972776047,0,0,182,0,0.3352467623018639,7.999096299742769,182,0.18817916039552374,13.730271807038669,180,0.1871543829639447,28.47415458832644,171,0.2771587181821844,38.174407060469775,147,-0.0008549495094094528,47.88442986185941,123.0
SSRM,equity_conditional_options_balanced_q,3,2011-07-29,2026-09-30,3813,0.36672771816676186,0.3690163551262672,0.028217586513312923,1.4271892433013325,-0.02289954758179813,0.016258625113032332,0.3675832193159276,0.5629655927827596,0.7036326748858291,1.2772519852682547,-0.10625689689867357,0.13166093684511607,0.2526870104836162,0,0,61,0,0.3117008919470068,7.898720402472382,182,0.18691447700301256,13.924102345320133,180,0.13977165462599195,29.452527447865762,171,0.026335872930054904,47.45319375497182,147,-0.38450119405688077,56.48872472054145,123.0
SSRM,conditional_rates_daily_priority_m,1,2011-07-29,2026-09-30,3813,0.38759999071343787,0.38792116144657357,0.027748673046220678,1.4348434471686835,0.031027252014679707,0.016258625113032332,0.3422103563268803,0.5629655927827596,1.5898280256257773,1.2772519852682547,0.028535798376839505,0.0,0.27979188964927093,0,0,182,0,0.37350899655818026,7.707188879885285,182,0.27459648106229295,14.110508942435185,180,0.3064282946167014,26.483358090488995,171,-0.30154770163891564,55.77384917482392,147,-0.8641387200553485,82.97439467062068,123.0
SSRM,conditional_rates_daily_priority_q,3,2011-07-29,2026-09-30,3813,0.37902980256281227,0.3794018315263136,0.02794216186739751,1.4331487378933738,0.0325317990145626,0.016258625113032332,0.3374310941204628,0.5629655927827596,1.625395968610429,1.2772519852682547,0.031005641960961894,0.0,0.3056227519205549,0,0,61,0,0.3669535025726324,7.8741220323073176,182,0.2735523308772999,13.836911813527692,180,0.29652127105560433,26.51614108907594,171,-0.2048285399190335,54.43458016105516,147,-0.7691738304297067,80.80330848300683,123.0
SSRM,conditional_options_daily_priority_m,1,2011-07-29,2026-09-30,3813,0.3942263761561543,0.3945888531889553,0.02759813948684077,1.4177778732074997,-0.053377831138940346,0.016258625113032332,0.3545023156487403,0.5629655927827596,0.43503540267970353,1.2772519852682547,-0.1408126723982427,0.040494167529729265,0.20725306624304893,0,0,182,0,0.35599991454659385,7.1904684289549605,182,0.23870822799301405,13.18978082869499,180,0.22814643373833132,25.643594652417224,171,0.2024058749769515,38.98757303771782,147,-0.08314160339468901,51.613190700064,123.0
SSRM,conditional_options_daily_priority_q,3,2011-07-29,2026-09-30,3813,0.3803831425131078,0.3807111584056937,0.027911696741865808,1.407417933701211,-0.025445330302799718,0.016258625113032332,0.35236376840363065,0.5629655927827596,0.6763238198052615,1.2772519852682547,-0.07845277960499686,0.09903979650695455,0.228749152478122,0,0,61,0,0.3452477664646262,7.600986151526811,182,0.2412701714596489,13.657803215742243,180,0.22111351925681133,27.47649151878472,171,0.024901127087771258,46.8767772006001,147,-0.3509290781993044,55.42920970871681,123.0
SSRM,volatility_gold_m,1,2011-07-29,2026-09-30,3813,0.29683068246735356,0.3651968281227561,0.029734085206557008,1.4915068354001777,0.06610303714675991,0.016258625113032332,0.4874063665812303,0.5629655927827596,2.6412022999592746,1.2772519852682547,0.06364442211122001,0.0,0.0,0,0,182,129,0.3314237867335794,7.383878874774247,182,0.2456360878439473,14.401251121095049,180,0.43158658407327133,23.494590052732413,171,-8.34605740393144,48.10058821806989,147,-4.968142973720343,76.6409782020756,123.0
SSRM,volatility_gold_q,3,2011-07-29,2026-09-30,3813,0.2891408562190566,0.3595602163076123,0.02989622838598064,1.4821900804493378,0.05518776839410089,0.016258625113032332,0.48696490491135813,0.5629655927827596,2.2593640534059816,1.2772519852682547,0.053531847971419966,0.0,0.0,0,0,61,44,0.31883599511419924,7.50434161776607,182,0.2314547265702197,14.746875252344438,180,0.43397179475915715,26.535774558176072,171,-7.010013822581744,50.91370326922446,147,-4.42532003621423,81.47739897176301,123.0
CDE,gold_daily_m,1,2011-07-29,2026-09-30,3813,0.3312483759370757,0.3312726790809054,0.03465533860920249,1.857032483727191,0.12818152222709522,-0.028447623854193083,0.39056066001135487,0.6728138900705316,6.233832882327916,0.6453908603418541,0.1265025846455854,0.0,0.0,0,0,182,0,0.36976805174505567,9.686717991064153,182,0.30948326631260203,15.874613211363908,180,0.3824670639576895,32.397752506455845,171,0.7110546057174589,65.93155005371747,147,-3.1751639942223813,108.67925134637572,123.0
CDE,gold_daily_q,3,2011-07-29,2026-09-30,3813,0.32988407281840015,0.32990426161839836,0.03469067033441347,1.8462425391254214,0.1254043250794057,-0.028447623854193083,0.38946881866684036,0.6728138900705316,6.005010301413678,0.6453908603418541,0.12430020684287113,0.0,0.0,0,0,61,0,0.36446749714827187,9.710342282111961,182,0.3028597663960577,15.907279995557289,180,0.37697171628498805,32.288555826088164,171,0.697847943913191,68.62741327940267,147,-3.3052665850404637,113.90662402733147,123.0
CDE,metals_daily_m,1,2011-07-29,2026-09-30,3813,0.38929144537491256,0.38934710428991104,0.03311728484514417,1.7587613602623533,0.10974987024888616,-0.028447623854193083,0.42483964168073074,0.6728138900705316,4.85521126876383,0.6453908603418541,0.10792863497564875,0.0,0.0,0,0,182,0,0.4351924484974027,9.00899200104544,182,0.36481051997154557,14.711947698426547,180,0.4502396570929835,29.547728539298788,171,0.7731085267986435,51.96919749791231,147,-1.838402019863158,78.49227536596666,123.0
CDE,metals_daily_q,3,2011-07-29,2026-09-30,3813,0.3853479932426248,0.3855802569505714,0.033224034851728305,1.7524960270225185,0.10403059200119413,-0.028447623854193083,0.4280364563842583,0.6728138900705316,4.4891034318872896,0.6453908603418541,0.1028404529649174,0.0,0.0,0,0,61,0,0.43012169810036416,9.190843081540667,182,0.3548954250573296,15.1709174951843,180,0.4568609819773195,29.37256187960825,171,0.7590668287778056,52.306931140327784,147,-1.6639178350003507,80.51122130495443,123.0
CDE,rates_daily_m,1,2011-07-29,2026-09-30,3813,0.39378487953564234,0.39385951984751727,0.03299522574144034,1.7429181402793859,0.10206548350735822,-0.028447623854193083,0.4280515083285523,0.6728138900705316,4.369382094740991,0.6453908603418541,0.09957224308404866,0.0,0.3253395947031849,0,0,182,0,0.44179081741273574,9.091571668355053,182,0.3521145284143129,15.033827490595158,180,0.4393135226086329,31.23275172778367,171,0.7205507462444907,63.52634842999797,147,-3.87992543133276,103.21863550171938,123.0
CDE,rates_daily_q,3,2011-07-29,2026-09-30,3813,0.3901426105903447,0.39032693392192314,0.0330941984569912,1.7522001007714303,0.09844364381943671,-0.028447623854193083,0.4294711430073668,0.6728138900705316,4.156503514522211,0.6453908603418541,0.09690085231867651,0.0,0.3319793303245628,0,0,61,0,0.4399088725257114,9.44587130589673,182,0.34609493299403227,15.78775118882308,180,0.452021381309167,30.085595465651394,171,0.7172258198286763,64.66809150768708,147,-3.5974090986899103,108.50500597493627,123.0
CDE,conditional_rates_daily_m,1,2011-07-29,2026-09-30,3813,0.4013905610015258,0.40139140346483126,0.03278759047756182,1.7335218834260202,0.10039269054945099,-0.028447623854193083,0.42586017837007306,0.6728138900705316,4.269826507692978,0.6453908603418541,0.09684354151345653,0.0,0.32097488894668325,0,0,182,0,0.4441869853019248,9.06617535295604,182,0.36415437235188275,14.78496487196423,180,0.4449882995073353,30.137722304458347,171,0.7287234695060726,64.47741090586912,147,-3.7232554119247236,104.69167692603965,123.0
CDE,conditional_rates_daily_q,3,2011-07-29,2026-09-30,3813,0.39006225767128544,0.39029014379081917,0.03309637857968004,1.7546231603058766,0.10147079004586668,-0.028447623854193083,0.43048186029792224,0.6728138900705316,4.3337433758456845,0.6453908603418541,0.09962791783145453,0.0,0.32492101356355046,0,0,61,0,0.44315845164150836,9.307755326219292,182,0.35525311047862596,16.14159293391269,180,0.460294799271309,30.164105241362506,171,0.7100505597895623,63.699736730784906,147,-3.5212525059796826,99.1523289030082,123.0
CDE,rates_balanced_m,1,2011-07-29,2026-09-30,3813,0.38601572816648444,0.39391108914791634,0.03320598327407932,1.753104351967658,0.06740595483470102,-0.028447623854193083,0.4820527940780683,0.6728138900705316,2.6906061692354695,0.6453908603418541,0.06415979748789158,0.0,0.3816776661925545,0,0,182,0,0.4452752187857848,8.964400999757105,182,0.3119775068020908,16.318399764880304,180,0.22884398501866132,25.543094903621565,171,0.5340758198643603,50.74269137705547,147,-4.641321049623265,68.7482444998073,123.0
CDE,rates_balanced_q,3,2011-07-29,2026-09-30,3813,0.371032080504902,0.3825503125793772,0.03360871973861702,1.7518486546156433,0.0421967267050658,-0.028447623854193083,0.48832002077245945,0.6728138900705316,1.8722071771643325,0.6453908603418541,0.039790417506586184,0.0,0.4056746930902727,0,0,61,0,0.4447845310736067,9.155729107362914,182,0.31523237852898955,16.042649838519946,180,0.33427934972324624,26.725776458410856,171,0.7180810507891824,46.22110892842174,147,-2.877211857301237,56.588377299950295,123.0
CDE,conditional_rates_balanced_m,1,2011-07-29,2026-09-30,3813,0.3878239539378261,0.3955784766491188,0.03315705027118728,1.754538947095207,0.06392069184435267,-0.028447623854193083,0.48240714862301676,0.6728138900705316,2.5603461351103047,0.6453908603418541,0.060090105532582205,0.0,0.39763402272198756,0,0,182,0,0.44992078342479724,8.899360865962059,182,0.3315968671156553,15.225870651604312,180,0.2624284972957247,25.578226127877613,171,0.555044375997753,50.82928117833929,147,-4.386563060191323,67.5568638125544,123.0
CDE,conditional_rates_balanced_q,3,2011-07-29,2026-09-30,3813,0.36822869499096667,0.3802229087304178,0.033683535514590815,1.7418607502381347,0.038776407395195056,-0.028447623854193083,0.4885242105367545,0.6728138900705316,1.7811162821270217,0.6453908603418541,0.036236259393592984,0.0,0.40733399194674075,0,0,61,0,0.4454836593176469,9.012441309667674,182,0.32256728845408766,15.801070603828848,180,0.3462109319936041,26.320625842434374,171,0.7202711002542219,43.51895839404513,147,-2.6708437545529042,53.90659982865542,123.0
CDE,options_daily_m,1,2011-07-29,2026-09-30,3813,0.3966353493932705,0.3975400496797957,0.03291756130043411,1.7390655211712576,-0.0355105987851716,-0.028447623854193083,0.4426498289344806,0.6728138900705316,0.5777536513733106,0.6453908603418541,-0.14199536080337816,0.08437109004854668,0.3300342730974234,0,0,182,0,0.4407105816981385,9.064697019401097,182,0.3376429838231201,14.690393557780613,180,0.41207539217490463,26.002335828462975,171,0.7297467224215164,37.591992773016436,147,0.4770093558821964,27.435045344784335,123.0
CDE,options_daily_q,3,2011-07-29,2026-09-30,3813,0.39591958217565204,0.39768458520651734,0.032937080448371035,1.7397881731353315,0.025662403114872667,-0.028447623854193083,0.45224555683320666,0.6728138900705316,1.468832154699391,0.6453908603418541,-0.029350959062187654,0.1379370950850856,0.3373452253315316,0,0,61,0,0.44850666490097,9.102993481634991,182,0.3366409348016184,14.673151684463125,180,0.43835077979674864,26.596005907699283,171,0.727487865952954,45.4689552982807,147,-0.3721570171326596,61.77773039091478,123.0
CDE,conditional_options_daily_m,1,2011-07-29,2026-09-30,3813,0.40351878082312964,0.4039577722480771,0.032729254167669905,1.732694261538743,-0.037480319745426205,-0.028447623854193083,0.4387946791729357,0.6728138900705316,0.5601074262835561,0.6453908603418541,-0.14489140454494165,0.0833381137042446,0.32454035644296725,0,0,182,0,0.4424854722224345,8.699098456030535,182,0.35355093624519907,14.928243477090275,180,0.4055588965298137,25.808392133226654,171,0.6931191228178814,39.25707026515043,147,0.5679199566194855,25.808266259223657,123.0
CDE,conditional_options_daily_q,3,2011-07-29,2026-09-30,3813,0.3956514441195417,0.39731903102271354,0.032944389661378484,1.7457725471722214,0.03285326542715161,-0.028447623854193083,0.45131103059322375,0.6728138900705316,1.6330912780848243,0.6453908603418541,-0.018261089337750724,0.1299490707575536,0.3292489046229744,0,0,61,0,0.4475515384697406,9.064153459347112,182,0.3359607900205368,14.968228477411817,180,0.4368559274584024,27.885026726247318,171,0.7156068586669899,46.64849978391052,147,-0.505744690587629,58.610645580527056,123.0
CDE,options_balanced_m,1,2011-07-29,2026-09-30,3813,0.37775646513153216,0.3871517974569314,0.03342857918930791,1.7498309998303916,-0.0052397772125990505,-0.028447623854193083,0.48364585279651406,0.6728138900705316,0.9233812747925364,0.6453908603418541,-0.07975399915642234,0.05718637712543702,0.3248639661594201,0,0,182,0,0.4058537443227287,8.922663926352692,182,0.2306150948232053,15.969939378908771,180,0.12122144768801757,24.021667251332634,171,0.7944012391017244,36.76096815221454,147,-0.5471801671974654,28.80361347228597,123.0
CDE,options_balanced_q,3,2011-07-29,2026-09-30,3813,0.3791362454381998,0.3928796369353665,0.033391495884891015,1.7677946395480815,-0.005460724244607529,-0.028447623854193083,0.5004575101992671,0.6728138900705316,0.9202742575220949,0.6453908603418541,-0.07002718996742952,0.1618993495951766,0.34626218587785396,0,0,61,0,0.427632405828998,8.226399305452025,182,0.2636713935180379,15.94856600505255,180,0.1864088568265465,25.963293453711668,171,0.7442020255465114,42.862921717569115,147,-0.4250278295995198,40.98006805057306,123.0
CDE,conditional_options_balanced_m,1,2011-07-29,2026-09-30,3813,0.38128933709801593,0.38988259869412845,0.03333354646349369,1.7580089138204107,-0.008800877528590156,-0.028447623854193083,0.48224111163539546,0.6728138900705316,0.874477865772344,0.6453908603418541,-0.08294149889320801,0.056565938981872836,0.33648773991856695,0,0,182,0,0.41181719401571415,8.884582100577266,182,0.24462266559074275,15.834819592003146,180,0.13241369364526112,24.67824275872015,171,0.7998928207144997,36.61791396231331,147,-0.39142102970183523,28.89579772856543,123.0
CDE,conditional_options_balanced_q,3,2011-07-29,2026-09-30,3813,0.37639400916811017,0.39035139632424626,0.03346515655862698,1.770429767959794,-0.003738589025894412,-0.028447623854193083,0.49971690028472826,0.6728138900705316,0.944752258258526,0.6453908603418541,-0.06796857862403871,0.1641101978331874,0.3500894637164681,0,0,61,0,0.42617079700560745,8.702195530420248,182,0.26601672710368773,15.774190512767678,180,0.18543515404078725,26.721774152913515,171,0.7289046064778029,42.93515112063081,147,-0.4911273174469739,43.535307828768175,123.0
CDE,equity_conditional_options_balanced_m,1,2011-07-29,2026-09-30,3813,0.4205359969650426,0.4298177735038814,0.03225900388833763,1.6925226095715444,0.016769214859742254,-0.028447623854193083,0.5058443070501609,0.6728138900705316,1.2870236300201743,0.6453908603418541,-0.11451616942171938,0.09699863784139207,0.22802548930922398,0,0,182,0,0.44731172471403624,8.86439496894157,182,0.30632813955578475,14.79592431673405,180,0.24346908695776726,23.530925505763058,171,0.8285751173883966,33.20912335179413,147,0.24392195204354317,25.36450363987155,123.0
CDE,equity_conditional_options_balanced_q,3,2011-07-29,2026-09-30,3813,0.4172900392172729,0.4265501140122549,0.03234922962547597,1.7023662783022562,0.07993171509427954,-0.028447623854193083,0.5041616986308008,0.6728138900705316,3.211645773084097,0.6453908603418541,-0.011808808663974601,0.1906411843826058,0.2271476731791091,0,0,61,0,0.4532216613387017,8.101399018404331,182,0.280164499259113,15.819663998568013,180,0.16828756583470128,26.97584463628615,171,0.6477259695867772,51.99196129174548,147,-0.8074630132226224,55.01191351902002,123.0
CDE,conditional_rates_daily_priority_m,1,2011-07-29,2026-09-30,3813,0.4018856590369234,0.40302165192993233,0.03277402868879353,1.7272008827615752,0.0842582586810563,-0.028447623854193083,0.44979449079253936,0.6728138900705316,3.412518272970886,0.6453908603418541,0.08058715305860797,0.0,0.3762594230953555,0,0,182,0,0.4562417842391957,9.17223115926593,182,0.35891613597760164,14.281090776345911,180,0.3950274181998392,28.922412197510127,171,0.706872938502229,57.79420492417246,147,-3.596534489560998,86.6665499089428,123.0
CDE,conditional_rates_daily_priority_q,3,2011-07-29,2026-09-30,3813,0.389493258268387,0.39159672330790535,0.03311181247434543,1.7293176613709988,0.07389437616964578,-0.028447623854193083,0.45186375936883993,0.6728138900705316,2.9497492977135407,0.6453908603418541,0.07181706398404208,0.0,0.3832194991824386,0,0,61,0,0.44945975475741295,9.184594973551185,182,0.3425034273994775,15.201066126477148,180,0.4225979034028099,28.386383669405724,171,0.7448946243105143,56.78274873286855,147,-2.6617206118429544,78.39814157887453,123.0
CDE,conditional_options_daily_priority_m,1,2011-07-29,2026-09-30,3813,0.40088609029583233,0.4025769911662419,0.03280140323634618,1.7218458954495612,-0.0054294813240904904,-0.028447623854193083,0.4538824396522559,0.6728138900705316,0.9207130103631918,0.6453908603418541,-0.0833580870848405,0.060272940837180884,0.3296201262383292,0,0,182,0,0.4405775747393521,9.280336621732388,182,0.31286239980261976,15.365773657775817,180,0.3405019778981184,27.076281147557513,171,0.7990124127870728,41.263589346138666,147,0.08026408712130217,32.64176097355387,123.0
CDE,conditional_options_daily_priority_q,3,2011-07-29,2026-09-30,3813,0.3927929656031025,0.39776121506808076,0.03302220877606089,1.7349311772206653,0.015979695073913947,-0.028447623854193083,0.4715690622536734,0.6728138900705316,1.2719431481123242,0.6453908603418541,-0.04338574519588567,0.14959824842065708,0.34207195019287845,0,0,61,0,0.4489300331058296,8.581250502010034,182,0.32741966024034963,15.560018417013522,180,0.3786125012458015,27.4466537374491,171,0.729239580059637,45.7575635874711,147,-0.2290399805118979,53.187050281222085,123.0
CDE,volatility_gold_m,1,2011-07-29,2026-09-30,3813,0.2869147248059237,0.31659506635371065,0.035785612592358094,1.8827736354308318,0.06303838079422586,-0.028447623854193083,0.4944810895022728,0.6728138900705316,2.52831761104841,0.6453908603418541,0.0605396382775365,0.0,0.0,0,0,182,143,0.3693002127620649,10.265496031233395,182,0.32753117013434585,16.27272344180511,180,0.4098034233425074,28.837861778654972,171,0.5483180153073226,67.12645056522726,147,-4.745434166598321,103.19564654360809,123.0
CDE,volatility_gold_q,3,2011-07-29,2026-09-30,3813,0.2848644834058831,0.31339001733774857,0.035837020527355726,1.8859223390088249,0.05210033528845259,-0.028447623854193083,0.490275635054501,0.6728138900705316,2.1611106452598476,0.6453908603418541,0.05046480259960395,0.0,0.0,0,0,61,49,0.35032311943790173,9.971650488798295,182,0.3214170305038031,17.018670503201154,180,0.41374461974029597,28.61029961269149,171,0.590533370551232,64.18786318671064,147,-4.505071209271277,113.80460237511105,123.0
EQX,gold_daily_m,1,2023-01-31,2026-09-30,919,0.44072163440496626,0.44959958238742265,0.025993848383696845,1.4186617742584091,0.4757333468782545,0.27726476775131537,0.42193204467372974,0.5520688675687601,4.160228669863263,2.450941957685208,0.4726535719921827,0.0,0.0,0,0,44,0,0.5220137454888509,7.531747631288443,44,0.5290153291820057,11.853805111406368,42,0.1367466794594776,27.55963633687035,33,-5.899645987815208,244.65334467134278,9,,,
EQX,gold_daily_q,3,2023-01-31,2026-09-30,919,0.4396216054522303,0.4508717735714944,0.02601939911228398,1.4248691297058795,0.4914283349656152,0.27726476775131537,0.42894032670144266,0.5520688675687601,4.3246202156694515,2.450941957685208,0.4891421596790162,0.0,0.0,0,0,15,0,0.5409724929321881,7.191573684003238,44,0.5554192315540343,11.942118266888357,42,0.1289928294483672,28.714556801554302,33,-6.687580177333978,248.63232950939906,9,,,
EQX,metals_daily_m,1,2023-01-31,2026-09-30,919,0.4617121189015887,0.4732313706349353,0.025501391147574028,1.3519655532782962,0.4944656222405932,0.27726476775131537,0.43867176670837055,0.5520688675687601,4.356970255122762,2.450941957685208,0.49125633914369216,0.0,0.0,0,0,44,0,0.5466818507123622,7.010222853722037,44,0.5538947774881214,11.072574221171172,42,0.28607342630662114,33.069441570671124,33,-7.546543913283912,263.05682040124697,9,,,
EQX,metals_daily_q,3,2023-01-31,2026-09-30,919,0.4624379958296486,0.4774188582601354,0.025484191135489824,1.3585515553298455,0.5006924505181822,0.27726476775131537,0.4486561390371568,0.5520688675687601,4.423841580404893,2.450941957685208,0.49852815955730523,0.0,0.0,0,0,15,0,0.5643853119630814,7.046255106042182,44,0.570818608231622,10.875615747216067,42,0.2814472645253383,33.9456356985953,33,-7.832235560766204,257.70860457472054,9,,,
EQX,rates_daily_m,1,2023-01-31,2026-09-30,919,0.4641946628865121,0.4749139235925044,0.02544251792233168,1.341615774968137,0.46091266639492523,0.27726476775131537,0.4373883307364608,0.5520688675687601,4.00921060755334,2.450941957685208,0.4572954526914048,0.0,0.16010182530018977,0,0,44,0,0.5571242568021488,7.079277501428727,44,0.5605211236862633,10.873419154248543,42,0.37654115664626,29.6797148114865,33,-5.72989303968046,233.66731605534832,9,,,
EQX,rates_daily_q,3,2023-01-31,2026-09-30,919,0.4650305526115702,0.4788992791059237,0.02542266421910287,1.3461335722177687,0.46988988699669787,0.27726476775131537,0.4468107683364859,0.5520688675687601,4.100200610821237,2.450941957685208,0.46747632418149454,0.0,0.13967608214105495,0,0,15,0,0.5756692896699549,6.933121398027731,44,0.5808780608279971,10.528452769144048,42,0.3794107174255291,31.717185756656363,33,-5.997072973149744,229.385743029821,9,,,
EQX,conditional_rates_daily_m,1,2023-01-31,2026-09-30,919,0.47322289913848214,0.47961978957806944,0.025227256061059786,1.3348859131564643,0.4301169476998761,0.27726476775131537,0.42636002501489856,0.5520688675687601,3.7082069652671685,2.450941957685208,0.4252746610451812,0.0,0.15291146585140505,0,0,44,0,0.5639866667263813,7.212833881932712,44,0.5744031130049383,10.922874730239062,42,0.5231777057564868,29.038477707286205,33,-3.7621725639471073,201.89462742495664,9,,,
EQX,conditional_rates_daily_q,3,2023-01-31,2026-09-30,919,0.4687161373696609,0.4806358689903524,0.025334940218484883,1.347623927381898,0.4649646010527668,0.27726476775131537,0.4427727243357951,0.5520688675687601,4.050095836956493,2.450941957685208,0.46224295480718913,0.0,0.144127696371823,0,0,15,0,0.5861638269703071,7.118667434223452,44,0.600289758757249,11.125534448078621,42,0.44437973627170113,29.820379015969635,33,-5.377644759232791,220.37294525877758,9,,,
EQX,rates_balanced_m,1,2023-01-31,2026-09-30,919,0.41320309910677344,0.43674015909471914,0.02662566584321003,1.406486238712782,0.3351048163639081,0.27726476775131537,0.44953887907452256,0.5520688675687601,2.882660142682181,2.450941957685208,0.33045420676256465,0.0,0.4391159051079541,0,0,44,0,0.5415030369235502,6.508246000634604,44,0.3664079593310321,12.49405195344676,42,0.5573179137411619,28.194983330461177,33,-0.595821225165104,105.99044311079773,9,,,
EQX,rates_balanced_q,3,2023-01-31,2026-09-30,919,0.4251662455450347,0.4495220022930144,0.026352856827786042,1.4369694245739022,0.31228222523865434,0.27726476775131537,0.4562924614145517,0.5520688675687601,2.7062171617316273,2.450941957685208,0.30899695545942074,0.0,0.47712492079191304,0,0,15,0,0.5804749468234276,6.129132668219506,44,0.4826949734746393,11.612683191764084,42,0.5859710088779123,21.33859443190136,33,0.1352205815791211,81.06333564520494,9,,,
EQX,conditional_rates_balanced_m,1,2023-01-31,2026-09-30,919,0.41428127347174903,0.43437871491197744,0.026601193739674938,1.4255197884665944,0.3169348860480188,0.27726476775131537,0.4421067601766235,0.5520688675687601,2.7415315974989105,2.450941957685208,0.31158530782876115,0.0,0.41349400099731265,0,0,44,0,0.5258962500674331,6.438585363225114,44,0.32414166202545625,12.823432602413865,42,0.5702146695170445,29.088744421683632,33,-0.20119013217112514,89.87590538572334,9,,,
EQX,conditional_rates_balanced_q,3,2023-01-31,2026-09-30,919,0.41020365362910793,0.44149566490187986,0.026693628402149776,1.4426484113095606,0.307162274074819,0.27726476775131537,0.4644749934842941,0.5520688675687601,2.667739401029493,2.450941957685208,0.30330663959786497,0.0,0.45672579455145773,0,0,15,0,0.5751151468670108,6.076417791826428,44,0.46448502590708673,12.787169937321718,42,0.539302559746798,22.719453138098867,33,0.20806696967631755,76.35208955917739,9,,,
EQX,options_daily_m,1,2023-01-31,2026-09-30,919,0.4644301132863041,0.4755170951851819,0.025436927170573314,1.343790750436039,0.3745288054368596,0.27726476775131537,0.4388117067603578,0.5520688675687601,3.20694339810905,2.450941957685208,0.3032421192365671,0.02888301401668579,0.15783614746033117,0,0,44,0,0.558417121865057,6.979149884104224,44,0.5728768131391782,11.312198253923889,42,0.5673169559328151,20.495060470548676,33,-1.998796584813197,155.16512816387308,9,,,
EQX,options_daily_q,3,2023-01-31,2026-09-30,919,0.46990083260196935,0.4831752179416424,0.02530667761196628,1.3862719969841364,0.3961772654048421,0.27726476775131537,0.4473072688585731,0.5520688675687601,3.3958828131029004,2.450941957685208,0.35706994324297625,0.06004855062158102,0.13395662679302653,0,0,15,0,0.5863032537020658,6.681923474989404,44,0.587161555439068,10.210071340692933,42,0.447964603677966,29.15988892312018,33,-3.6583028440844814,172.04354080579486,9,,,
EQX,conditional_options_daily_m,1,2023-01-31,2026-09-30,919,0.47254212585979316,0.47948399997379565,0.025243551849843227,1.3364337744809487,0.34118224371802275,0.27726476775131537,0.4282713007315904,0.5520688675687601,2.931021102999545,2.450941957685208,0.26609399206034445,0.02949193955172796,0.1498962720112873,0,0,44,0,0.5625304498880432,6.766106918377202,44,0.5854772294682725,11.069323286903094,42,0.6815496281431221,19.267246831621353,33,-0.7329715106192396,118.61422615098896,9,,,
EQX,conditional_options_daily_q,3,2023-01-31,2026-09-30,919,0.4715760452708231,0.48393870909296366,0.025266659049518844,1.372019186836159,0.3986997900841327,0.27726476775131537,0.4453833779570968,0.5520688675687601,3.418412652729284,2.450941957685208,0.3586134951948896,0.06035056112481469,0.13760206332885153,0,0,15,0,0.591171024819179,6.540103254117685,44,0.5939255987606434,10.707782668050097,42,0.47837416759414075,27.947043760859856,33,-3.570203957375405,167.51791411554083,9,,,
EQX,options_balanced_m,1,2023-01-31,2026-09-30,919,0.41319140683197086,0.44929480634231733,0.02662593110794694,1.4058994590300198,0.27321052191888673,0.27726476775131537,0.4749163492598743,0.5520688675687601,2.4225633068778025,2.450941957685208,0.1300518784809599,0.0541134913811696,0.18843061860294752,0,0,44,0,0.5433166402766118,6.623042296802967,44,0.41945608148242897,10.595723767251798,42,0.627338771190554,22.454457717474163,33,0.247093018104807,79.43856445959487,9,,,
EQX,options_balanced_q,3,2023-01-31,2026-09-30,919,0.4221289683799945,0.4556898680211456,0.026422386042988216,1.4480174260139589,0.2603239667124082,0.27726476775131537,0.47375965493197575,0.5520688675687601,2.3339461603397265,2.450941957685208,0.16052573505185164,0.09782352935418617,0.30792597333458305,0,0,15,0,0.5875936405174103,5.14615325135569,44,0.4575784160148314,11.909612722446994,42,0.5776356196509503,27.58356737802803,33,0.4236153496922269,65.13171909050124,9,,,
EQX,conditional_options_balanced_m,1,2023-01-31,2026-09-30,919,0.4163118124093341,0.4493722600183832,0.026555043896386916,1.4391079585697333,0.2666319900470877,0.27726476775131537,0.4704153713350311,0.5520688675687601,2.3770246749347956,2.450941957685208,0.12399299730819813,0.04988704345703339,0.1748894010139885,0,0,44,0,0.5342693883484012,6.708311854576215,44,0.39458343107044,10.841451263964197,42,0.6344545690136333,22.474397976524507,33,0.3381603511329663,74.07205201913025,9,,,
EQX,conditional_options_balanced_q,3,2023-01-31,2026-09-30,919,0.40746298511458867,0.4501720587059212,0.026755576561080657,1.4567875553101726,0.2598871918978245,0.27726476775131537,0.48446559926984073,0.5520688675687601,2.3309845242902587,2.450941957685208,0.15912381397864395,0.09485097069479141,0.28883375981639325,0,0,15,0,0.5798047880623207,5.986195056622634,44,0.43385664030625337,12.05183733734958,42,0.5214661398998472,26.074063944842905,33,0.4044055457242377,61.94273446147922,9,,,
EQX,equity_conditional_options_balanced_m,1,2023-01-31,2026-09-30,919,0.417775081580567,0.45082560463874555,0.026521737105541437,1.3875753125941719,0.2915337802403084,0.27726476775131537,0.4710279948631538,0.5520688675687601,2.5527458769556755,2.450941957685208,0.1079092212441366,0.06670185297562235,0.11577851949749746,0,0,44,0,0.5466266674948139,6.561049473247527,44,0.40922737486971295,12.282201583363639,42,0.564080694082612,25.729311508843566,33,0.0005389368362518354,84.88111266499901,9,,,
EQX,equity_conditional_options_balanced_q,3,2023-01-31,2026-09-30,919,0.41143079979542085,0.4502802101471685,0.026665844201319445,1.4469843077729836,0.2866611749365182,0.27726476775131537,0.47925529504270137,0.5520688675687601,2.517642718740481,2.450941957685208,0.17348763539750567,0.10590087734952237,0.24901769715103944,0,0,15,0,0.5804851342141656,5.983216029150151,44,0.42586612484890407,12.86557693228204,42,0.42386245930589284,27.372491554106638,33,0.007563861177017239,82.58855524461887,9,,,
EQX,conditional_rates_daily_priority_m,1,2023-01-31,2026-09-30,919,0.45356541307471177,0.4612587617939985,0.025693641591965237,1.3867551618521237,0.33348112682363307,0.27726476775131537,0.4233527975154502,0.5520688675687601,2.8698385036115512,2.450941957685208,0.32860285947962575,0.0,0.30313425842181396,0,0,44,0,0.550716789434752,6.94861170892303,44,0.46377002297258474,11.479614690400208,42,0.6421065379913069,25.11366008083522,33,-0.30937898411427645,97.96400148994624,9,,,
EQX,conditional_rates_daily_priority_q,3,2023-01-31,2026-09-30,919,0.45011212498454145,0.4643702292734222,0.025774701436598095,1.396771116077207,0.3614738610783941,0.27726476775131537,0.4421227482805171,0.5520688675687601,3.0967692067848365,2.450941957685208,0.358303510421921,0.0,0.3215814790200127,0,0,15,0,0.5791335194837055,6.503148940675308,44,0.5287192572621877,11.171767319366937,42,0.5889870161624464,27.257930225309245,33,-0.8134276912225822,123.90373500182079,9,,,
EQX,conditional_options_daily_priority_m,1,2023-01-31,2026-09-30,919,0.4570076020878008,0.47044382039084004,0.025612586973570634,1.3450605257213981,0.27235988162041114,0.27726476775131537,0.44255021645608633,0.5520688675687601,2.4166395073546285,2.450941957685208,0.15313672706937353,0.04432193935112354,0.1811546949797995,0,0,44,0,0.5620373318727652,6.689271856509787,44,0.5166169329092534,10.92688309194818,42,0.695958142073466,24.900775036934952,33,0.5069187797987882,65.67782399131761,9,,,
EQX,conditional_options_daily_priority_q,3,2023-01-31,2026-09-30,919,0.4513715146729138,0.4703774333819264,0.025745169052146695,1.4056068410496558,0.3218584150289361,0.27726476775131537,0.4547365115462158,0.5520688675687601,2.7792655716243218,2.450941957685208,0.2485561031068415,0.07925549861277169,0.2421879495847832,0,0,15,0,0.584864617906822,5.374642312871108,44,0.5036724017290473,10.11295552911835,42,0.589831732543167,23.860423998065517,33,-0.521378374752776,104.3661129901396,9,,,
EQX,volatility_gold_m,1,2023-01-31,2026-09-30,919,0.35630584502165685,0.4448137855691383,0.027886650533024544,1.5357735509112833,0.6069042258218094,0.27726476775131537,0.5318492060433878,0.5520688675687601,5.68318349046606,2.450941957685208,0.6021724956028605,0.0,0.0,0,0,44,30,0.5242858969737103,7.2895778002178275,44,0.46993417634041323,12.70970949848233,42,-1.2786155282322702,67.95220005493101,33,-29.62303430158216,464.7690645388115,9,,,
EQX,volatility_gold_q,3,2023-01-31,2026-09-30,919,0.37734731511218633,0.44744931503523183,0.02742707562732479,1.561092511310204,0.5986279723932553,0.27726476775131537,0.5148751942741069,0.5520688675687601,5.576690488074116,2.450941957685208,0.5953956537146152,0.0,0.0,0,0,15,11,0.545504253216788,6.849433856835691,44,0.514608715609265,13.714820630323688,42,-0.9130634377118843,66.72797237682092,33,-25.18754772701181,429.93487830811097,9,,,
SA,gold_daily_m,1,2011-07-29,2026-09-30,3813,0.3688125707115467,0.36881353850983273,0.02779737109640541,1.5082281255850138,0.10221204058715827,0.0015993937484564125,0.33680712981177624,0.5554970815093714,4.378206898369463,1.0245448707761198,0.1010816010179647,0.0,0.0,0,0,182,0,0.42981122066304733,7.011048692322719,182,0.36249256557271514,11.812791599495798,180,0.3546080849786798,20.261528198251998,171,-1.2967053740184529,42.60749152109591,147,-2.886333158760101,60.339559158312525,123.0
SA,gold_daily_q,3,2011-07-29,2026-09-30,3813,0.37012059098575245,0.37012254330611577,0.027768553680268565,1.501322671205527,0.0992064473697789,0.0015993937484564125,0.3371905847773558,0.5554970815093714,4.200516201798817,1.0245448707761198,0.09847910065027343,0.0,0.0,0,0,61,0,0.42609662945934657,7.068727697053484,182,0.35776996171066056,11.617884470975776,180,0.34647075635924984,20.00298359391479,171,-1.418090422214676,43.18803150798507,147,-3.120251477987054,60.28859495670233,123.0
SA,metals_daily_m,1,2011-07-29,2026-09-30,3813,0.38324367336458653,0.38326250915153304,0.02747776222446447,1.46485650858664,0.08977119244569187,0.0015993937484564125,0.3462611223409526,0.5554970815093714,3.6854894589097333,1.0245448707761198,0.08841800578326064,0.0,0.0,0,0,182,0,0.4549268066536818,6.513395646518455,182,0.39146199153961847,11.020031009446473,180,0.5054630460918332,17.436310264240117,171,-1.2263713517201262,36.172900850290326,147,-2.5569960716934967,50.661555691316785,123.0
SA,metals_daily_q,3,2011-07-29,2026-09-30,3813,0.3847743388494034,0.3848183292133869,0.02744364389562462,1.4675964296574295,0.08625615595520997,0.0015993937484564125,0.34822432509342804,0.5554970815093714,3.5091837868447207,1.0245448707761198,0.08542339938271315,0.0,0.0,0,0,61,0,0.4480977370243544,6.316634769816826,182,0.38616263248945437,11.293290306187531,180,0.4935102098105403,17.262837564680524,171,-1.2427652064100538,39.65905685384102,147,-2.678843809743048,53.45819497592409,123.0
SA,rates_daily_m,1,2011-07-29,2026-09-30,3813,0.38094463281661173,0.38101200692739684,0.027528928078237758,1.4778910684372866,0.09196141817735115,0.0015993937484564125,0.3474353520476607,0.5554970815093714,3.7994937078550866,1.0245448707761198,0.09019839582195455,0.0,0.16057887887089684,0,0,182,0,0.4543179423250683,6.700768230905879,182,0.39088437315372615,11.450431838547914,180,0.49171483291005746,17.996330925108772,171,-1.3912753275286076,41.85283051885165,147,-3.5935796194948173,64.01319598600914,123.0
SA,rates_daily_q,3,2011-07-29,2026-09-30,3813,0.3808835075088667,0.3809598467376817,0.02753028714299535,1.4776853400733667,0.0921644919416178,0.0015993937484564125,0.347707740046583,0.5554970815093714,3.810229176307419,1.0245448707761198,0.09109706180234123,0.0,0.17312226053266253,0,0,61,0,0.4482701993059304,6.930145594307602,182,0.38253849376514504,11.428990520640724,180,0.47898296144063424,18.674403302566624,171,-1.4456414779398887,45.683608039736235,147,-4.131327751543745,71.37441295845562,123.0
SA,conditional_rates_daily_m,1,2011-07-29,2026-09-30,3813,0.38518029035378976,0.3851821727233398,0.02743458817215233,1.477857742476905,0.08726831352537356,0.0015993937484564125,0.3451566882986019,0.5554970815093714,3.5591260563018485,1.0245448707761198,0.08463359392172864,0.0,0.15425139680885863,0,0,182,0,0.4613893767633628,6.454698388993624,182,0.3995968062545211,11.111373231465594,180,0.5061601936886181,16.706740186284954,171,-1.22045174323011,42.15260103962654,147,-2.892878385743665,64.90564906257235,123.0
SA,conditional_rates_daily_q,3,2011-07-29,2026-09-30,3813,0.3818899935646346,0.3819221138387004,0.027507900305413644,1.4770171037344575,0.09369939658820203,0.0015993937484564125,0.34643538117993977,0.5554970815093714,3.8922928909794368,1.0245448707761198,0.09235783881779258,0.0,0.16618479378025117,0,0,61,0,0.4506619270492557,6.577448893369342,182,0.3832041134495119,11.514883465071302,180,0.4778090804367051,18.45157594196316,171,-1.625935824202298,44.95287460726776,147,-3.918397954864507,66.76474966998317,123.0
SA,rates_balanced_m,1,2011-07-29,2026-09-30,3813,0.34931314396510926,0.349966640227918,0.028223480624679536,1.5057000352067114,0.03951345579973253,0.0015993937484564125,0.3150161052170635,0.5554970815093714,1.8003883149803213,1.0245448707761198,0.03722601590352603,0.0,0.4739744248360388,0,0,182,0,0.40375517935321714,7.02937086918603,182,0.34479445264526076,11.703212605876173,180,0.5341678508759122,19.39133436297409,171,0.0793018322913599,44.3441713052587,147,-1.0018208800028954,72.76003729948435,123.0
SA,rates_balanced_q,3,2011-07-29,2026-09-30,3813,0.34804879525340937,0.34887989099502775,0.028250887820106194,1.498191035038008,0.03929301295371923,0.0015993937484564125,0.31263607191675286,0.5554970815093714,1.7946039480642608,1.0245448707761198,0.03750234291631749,0.0,0.44246043947408303,0,0,61,0,0.4030462360399968,6.399871087290698,182,0.3389730695424772,12.077612633780376,180,0.5184423324395326,19.70118873801283,171,0.0898952659235932,43.749039574006744,147,-1.073328841986093,77.32048779896303,123.0
SA,conditional_rates_balanced_m,1,2011-07-29,2026-09-30,3813,0.34858471632174615,0.34958940801471816,0.028239273945807372,1.4998786009957161,0.028284972218208138,0.0015993937484564125,0.3115104111397428,0.5554970815093714,1.5268628023706783,1.0245448707761198,0.025584660981837537,0.0,0.4714795976196728,0,0,182,0,0.40174125747075007,6.785722631490359,182,0.34026943675021204,11.417034522888736,180,0.5298700993230656,18.76818954075008,171,0.11671638995270939,40.140787562129276,147,-0.7860377955807514,75.08718573736505,123.0
SA,conditional_rates_balanced_q,3,2011-07-29,2026-09-30,3813,0.3413788388037361,0.3421993084433889,0.028395034106381594,1.5053652334991876,0.03230059461778789,0.0015993937484564125,0.3097210804389131,0.5554970815093714,1.6198823196932706,1.0245448707761198,0.030320763197150713,0.0,0.4493077211453847,0,0,61,0,0.3993963957540134,6.3180905709605,182,0.34394463292742194,11.662242455723826,180,0.517560442910728,19.122815611666255,171,0.13656758751945408,37.177000310202445,147,-0.797961618028393,74.28772211581548,123.0
SA,options_daily_m,1,2011-07-29,2026-09-30,3813,0.38100794560566975,0.3813474583292124,0.027527520306110307,1.4760203837123735,0.024777756195551115,0.0015993937484564125,0.3523573206787639,0.5554970815093714,1.4497265222169975,1.0245448707761198,-0.02759358990776084,0.03729776468050678,0.16757872684239564,0,0,182,0,0.44768449107990793,6.622401432702308,182,0.3879541840130072,11.287630884841954,180,0.5248386280815062,14.960235380682118,171,-0.3896340350211136,33.086444760550826,147,-1.0248988809387374,53.73022631612625,123.0
SA,options_daily_q,3,2011-07-29,2026-09-30,3813,0.3753280836430344,0.3758891050405345,0.027653527965270455,1.477204247529376,0.06568195446925418,0.0015993937484564125,0.3536174668326171,0.5554970815093714,2.6254177948710646,1.0245448707761198,0.039020051537611344,0.07025309259980742,0.17445209321228472,0,0,61,0,0.43470750700939464,6.6226441428509535,182,0.3753038679804255,11.370219873626214,180,0.4680149643821617,18.325394948397566,171,-1.2516594894929076,45.391548225364055,147,-2.846748464499522,67.81444801219048,123.0
SA,conditional_options_daily_m,1,2011-07-29,2026-09-30,3813,0.3851708824938729,0.3853210842492646,0.0274347980709007,1.4737689811633752,0.01709059251686007,0.0015993937484564125,0.34967301911512016,0.5554970815093714,1.2932099039950222,1.0245448707761198,-0.03951893386780092,0.039828479942605376,0.16153924947339143,0,0,182,0,0.45574598192712756,6.392953841462878,182,0.4004502837444215,10.89310809355909,180,0.5379331846141904,15.12018632102251,171,-0.24394512024403125,34.68680240095301,147,-0.6946639020482568,57.4723741150744,123.0
SA,conditional_options_daily_q,3,2011-07-29,2026-09-30,3813,0.37613203057288047,0.3765984226768366,0.027635727319831146,1.4799373093664703,0.07069417456564264,0.0015993937484564125,0.3528030390450561,0.5554970815093714,2.819153562067312,1.0245448707761198,0.042148175146092814,0.07337940382015512,0.16714298174101241,0,0,61,0,0.4322900005062895,6.608499441469739,182,0.35965770538555497,11.296698984315961,180,0.4623948808556021,18.740664038623787,171,-1.6496646097203915,46.37530324806525,147,-3.125427818758225,69.24262977962539,123.0
SA,options_balanced_m,1,2011-07-29,2026-09-30,3813,0.34918854388583065,0.34943292694540573,0.028226182753634546,1.492503150712063,-0.0026927269801994003,0.0015993937484564125,0.3343205193625054,0.5554970815093714,0.9599133017241399,1.0245448707761198,-0.08242529239010965,0.03282984161554768,0.3823941231405159,0,0,182,0,0.3717319490497659,6.634067604031357,182,0.2356934691164575,11.244316416794447,180,0.518394736328043,15.4279271620822,171,-0.21760141949017586,47.55142058106324,147,-1.2494776510089745,71.32945518114191,123.0
SA,options_balanced_q,3,2011-07-29,2026-09-30,3813,0.33862715307987035,0.3397316015454157,0.028454288784507974,1.510975465565152,0.005168904779297323,0.0015993937484564125,0.34134496154696786,0.5554970815093714,1.0813677409586724,1.0245448707761198,-0.06317670683044085,0.10926695092270844,0.35200020862305453,0,0,61,0,0.3405215117259368,6.642738083067584,182,0.18898235021939458,11.50809809930512,180,0.49691862123273767,15.664674861266569,171,-0.372557865814106,41.753487644231534,147,-1.6405407398048704,68.13836182799615,123.0
SA,conditional_options_balanced_m,1,2011-07-29,2026-09-30,3813,0.35025836222938755,0.3504557181072239,0.02820297379842662,1.4875599654186131,-0.01252072852203523,0.0015993937484564125,0.3323104000717309,0.5554970815093714,0.8259851441057938,1.0245448707761198,-0.09394539167803784,0.03405254839446027,0.37187524010217843,0,0,182,0,0.3764543213886382,6.5544614317792735,182,0.24200333160072784,10.467741382180161,180,0.5182522062408634,15.82089811634324,171,-0.15588606867824817,43.82569804120992,147,-0.9846846867371604,66.95529872789216,123.0
SA,conditional_options_balanced_q,3,2011-07-29,2026-09-30,3813,0.33015813646045167,0.33207809918734454,0.028635890808689297,1.4957991120885523,-0.0005448522994337957,0.0015993937484564125,0.3437071109670517,0.5554970815093714,0.9917647082891405,1.0245448707761198,-0.06971651934317324,0.11036216358967221,0.35153795820534356,0,0,61,0,0.33002577534406463,6.593507460203346,182,0.16184167571783525,11.180295085990949,180,0.4764400682510891,15.067988395713162,171,-0.45884147238697004,38.81746633039459,147,-1.5309844256622496,65.41195605636483,123.0
SA,equity_conditional_options_balanced_m,1,2011-07-29,2026-09-30,3813,0.3611042523523894,0.36140138995784493,0.027966592431675968,1.5079907001726207,0.01177412638558284,0.0015993937484564125,0.3419434269531374,0.5554970815093714,1.194356163450297,1.0245448707761198,-0.10341131645500024,0.05641464456162898,0.31751469550537303,0,0,182,0,0.3923600655577444,7.13984860124281,182,0.30541032356427655,10.917896653929837,180,0.5383522015893487,13.61849168017175,171,-0.13385325519814084,45.76761237164997,147,-0.7309526768072185,70.3190309033414,123.0
SA,equity_conditional_options_balanced_q,3,2011-07-29,2026-09-30,3813,0.3392584158545485,0.34178265530351326,0.028440706112105807,1.5087083224905067,0.026832420988534444,0.0015993937484564125,0.3523640876367058,0.5554970815093714,1.4944622809243449,1.0245448707761198,-0.058859368264989276,0.14044607967338796,0.31715011067921967,0,0,61,0,0.3364726196462233,6.982169962582486,182,0.21074134358994,10.975935489579951,180,0.47969723874340375,15.152483655969995,171,-0.7056570897991024,42.33758091976825,147,-1.4406467793349256,65.86471841430708,123.0
SA,conditional_rates_daily_priority_m,1,2011-07-29,2026-09-30,3813,0.3731381102311696,0.3748770105867125,0.027701959393058875,1.4804457203683927,0.055292176254448044,0.0015993937484564125,0.31715970959712475,0.5554970815093714,2.2627585119645945,1.0245448707761198,0.05284272738745743,0.0,0.349236018225284,0,0,182,0,0.43074933027904494,6.590039923472202,182,0.3709701194340369,11.985909513527165,180,0.5719765030937826,17.763817836691675,171,-0.09142440850428057,46.39233936416366,147,-1.2896794444073043,62.908048709986716,123.0
SA,conditional_rates_daily_priority_q,3,2011-07-29,2026-09-30,3813,0.3671603014139716,0.3685650339985073,0.02783373012611952,1.4813742440255906,0.059459439759455,0.0015993937484564125,0.3166157451579768,0.5554970815093714,2.402198292415121,1.0245448707761198,0.05781906103246892,0.0,0.35486176497567845,0,0,61,0,0.4198926651779942,6.516497155817596,182,0.36356432721904053,11.473936452019268,180,0.5558944728289457,18.91319728058839,171,-0.158827612907942,45.35317464213886,147,-1.4957464032133538,62.83983605835856,123.0
SA,conditional_options_daily_priority_m,1,2011-07-29,2026-09-30,3813,0.37241742298448466,0.37280161068545903,0.027717878939540554,1.473714724016508,-0.004838200102129653,0.0015993937484564125,0.330480418005912,0.5554970815093714,0.9290534645893886,1.0245448707761198,-0.08640223983502349,0.037266602167991374,0.24416138047230712,0,0,182,0,0.4173101233551678,6.573894259688745,182,0.34033160800874707,10.684378148132435,180,0.5762850876981261,14.553222545225687,171,0.09174166908606185,41.60506358033904,147,-0.6530554253833123,62.56305565983074,123.0
SA,conditional_options_daily_priority_q,3,2011-07-29,2026-09-30,3813,0.3537147056095056,0.35386189366348797,0.0281278599848944,1.4845462950579702,0.029230843218314817,0.0015993937484564125,0.3356212366442997,0.5554970815093714,1.548312834025635,1.0245448707761198,-0.02998024898305307,0.10333957428710398,0.26146811699737255,0,0,61,0,0.3707530200272524,6.458857543279023,182,0.23257520559494305,11.141058709537743,180,0.5051942348633172,17.14456323396285,171,-0.6667846693892874,41.38108896584078,147,-1.8828390169013085,69.3653427765047,123.0
SA,volatility_gold_m,1,2011-07-29,2026-09-30,3813,0.2966750852224833,0.36487874835307366,0.029342867710383136,1.5820664233512631,0.0713525923147198,0.0015993937484564125,0.48060848503173237,0.5554970815093714,2.8455730684639815,1.0245448707761198,0.0689950603030951,0.0,0.0,0,0,182,130,0.4123601127344644,7.584387881389754,182,0.2773708517755219,12.571240605238549,180,-0.10146967809132756,21.916903598939076,171,-7.93070825128539,50.211310186044045,147,-9.198258286900689,60.878097918607125,123.0
SA,volatility_gold_q,3,2011-07-29,2026-09-30,3813,0.29357167967361597,0.363321407780114,0.02940753383013077,1.5605326291008077,0.057598351164809936,0.0015993937484564125,0.481535062208369,0.5554970815093714,2.3389615363001073,1.0245448707761198,0.05602948590790957,0.0,0.0,0,0,61,41,0.3964441218411393,7.749844999713995,182,0.25518280120456105,11.98467649064851,180,-0.044170021991631225,23.404691133469058,171,-7.056270745931998,53.92566933509214,147,-8.771649613381108,68.71237018625777,123.0
NG,gold_daily_m,1,2011-07-29,2026-09-30,3813,0.3219763851827834,0.3219799299386104,0.029933645289264982,1.5481145897873596,0.09153770936616779,-0.02167088117768401,0.3285755349455761,0.5771576082029535,3.7771853085805467,0.7171780560125596,0.09040795492539133,0.0,0.0,0,0,182,0,0.35510346860189246,9.203021823827557,182,0.3027270403131741,12.524608353726457,180,0.476787329323757,27.579461966434206,171,-1.344413768888316,47.352517180565854,147,-3.5493985671691135,69.31043078666261,123.0
NG,gold_daily_q,3,2011-07-29,2026-09-30,3813,0.3207543013315801,0.32075529377138323,0.029960609656563785,1.554053229049149,0.09023240205572325,-0.02167088117768401,0.3273962853152357,0.5771576082029535,3.7092270957651325,0.7171780560125596,0.08948302200714053,0.0,0.0,0,0,61,0,0.3510181663964391,9.172236190583632,182,0.2955948674497124,12.863914459664166,180,0.47614463144267793,28.77702080932556,171,-1.3816657865577824,47.87067453604115,147,-3.7280849527922237,67.97058084016253,123.0
NG,metals_daily_m,1,2011-07-29,2026-09-30,3813,0.33454746226054044,0.33457374124771866,0.029654850622467442,1.5389769554288724,0.07774121514649845,-0.02167088117768401,0.3367029226675604,0.5771576082029535,3.1142098713276325,0.7171780560125596,0.07638273739318557,0.0,0.0,0,0,182,0,0.36943793125556146,8.287685902800385,182,0.3206348141637878,13.124471989768354,180,0.5726518673626657,27.828880057363538,171,-1.4753704051690684,45.22635641885356,147,-3.3503361207568556,69.00416819514825,123.0
NG,metals_daily_q,3,2011-07-29,2026-09-30,3813,0.3355429828710801,0.33555460409072646,0.029632660411398604,1.5406850883169356,0.07833612149863445,-0.02167088117768401,0.3361577619680264,0.5771576082029535,3.1403951942653823,0.7171780560125596,0.0774416062140435,0.0,0.0,0,0,61,0,0.3674547649871708,8.547747340470213,182,0.31464960448944257,12.326351651980827,180,0.5689055429272613,28.675252599344514,171,-1.3615331541362354,46.86220633999465,147,-3.3579426155107415,68.26858291084467,123.0
NG,rates_daily_m,1,2011-07-29,2026-09-30,3813,0.3348980460508193,0.3349595923304489,0.029647037984439756,1.5390122749398902,0.0735495432720239,-0.02167088117768401,0.33846058702363085,0.5771576082029535,2.9354102423276314,0.7171780560125596,0.07174138441630817,0.0,0.17946803687676907,0,0,182,0,0.37771619051291816,8.307587698948865,182,0.31094521779890594,12.959236127868252,180,0.5481298779603856,29.59040539617124,171,-1.6817690579135434,52.86318939164596,147,-4.712338807598307,75.33531335381092,123.0
NG,rates_daily_q,3,2011-07-29,2026-09-30,3813,0.33494839165232226,0.33496581071308384,0.029645915881130438,1.5500015712718203,0.07772236540359101,-0.02167088117768401,0.336324919499467,0.5771576082029535,3.1133835265518046,0.7171780560125596,0.07656485047680506,0.0,0.18279879377426872,0,0,61,0,0.3761754948006737,8.402300636757925,182,0.3123197785185564,12.797979242218988,180,0.5492012196038938,30.447787683108984,171,-1.515217604092813,53.07006463970784,147,-4.754084603556529,74.47080637485996,123.0
NG,conditional_rates_daily_m,1,2011-07-29,2026-09-30,3813,0.3373576406466575,0.3373651032071256,0.029592168776433565,1.55063836647665,0.06750212759127172,-0.02167088117768401,0.334506181080381,0.5771576082029535,2.694286833381819,0.7171780560125596,0.06467885936555473,0.0,0.16919254532445294,0,0,182,0,0.37558315113515883,8.547918105943092,182,0.3086285008570806,12.88348045948003,180,0.5262302328083552,30.16027656331587,171,-1.5127468643333337,52.23250321592128,147,-3.911810547126178,76.05443995722942,123.0
NG,conditional_rates_daily_q,3,2011-07-29,2026-09-30,3813,0.33691832996469273,0.3369267119955383,0.02960197648167956,1.5402386518528481,0.08084946456230568,-0.02167088117768401,0.3334658767926683,0.5771576082029535,3.2533086379768545,0.7171780560125596,0.07938404377030195,0.0,0.1837935976111414,0,0,61,0,0.37594931337512494,8.389016033388197,182,0.31275889831861936,12.673504646624767,180,0.5442385342046238,30.61608203866988,171,-1.4814155305763652,51.58798606417459,147,-4.565204353089871,73.2343157914235,123.0
NG,rates_balanced_m,1,2011-07-29,2026-09-30,3813,0.2908439805356092,0.2968170910668347,0.030613155306352956,1.5735099579406344,0.012582044692500238,-0.02167088117768401,0.35885331731124237,0.5771576082029535,1.208909187923766,0.7171780560125596,0.010251656224133932,0.0,0.4592017069304892,0,0,182,0,0.34402119331363434,8.179229267997911,182,0.1389684178824908,12.60566192866962,180,0.5081531263112389,27.039250756263968,171,-0.004673212501945079,45.26751881443097,147,-1.15727189836196,73.76491202312549,123.0
NG,rates_balanced_q,3,2011-07-29,2026-09-30,3813,0.2962650783206805,0.29960658047912136,0.030495920675548138,1.5821497300421534,0.0014948016832680988,-0.02167088117768401,0.3488901051980452,0.5771576082029535,1.0229227222780994,0.7171780560125596,-0.00023401483375973253,0.0,0.4459255661034748,0,0,61,0,0.35245494383673603,8.545378797518948,182,0.20535819806125544,13.022195730788056,180,0.4705858088025865,27.075158043903503,171,0.16196845547972727,44.239817072238566,147,-0.7371289428279515,73.95629621509711,123.0
NG,conditional_rates_balanced_m,1,2011-07-29,2026-09-30,3813,0.29252200404679285,0.2973272607142473,0.030576915031314912,1.5849763620910056,0.01955789178644962,-0.02167088117768401,0.35453631985825723,0.5771576082029535,1.3416370352978313,0.7171780560125596,0.016590140780300855,0.0,0.46445242333037584,0,0,182,0,0.3435729539702256,8.177855638350534,182,0.12188511182300799,12.45293893662332,180,0.48761861217806124,28.86261876895062,171,-0.1035155851369629,48.161339970368935,147,-1.4623918238810134,77.17195973640871,123.0
NG,conditional_rates_balanced_q,3,2011-07-29,2026-09-30,3813,0.2932627978267387,0.29672507374330553,0.030560902433633783,1.5808461687274802,0.008848464327826377,-0.02167088117768401,0.34803746079956815,0.5771576082029535,1.1430141129035822,0.7171780560125596,0.006801904053528984,0.0,0.4589447221029189,0,0,61,0,0.3489952647255048,8.492825823096378,182,0.18502654609295588,13.163632492182554,180,0.467480297204387,27.470311134187277,171,0.10755616997339157,44.65323456376487,147,-1.008677353172367,77.2092675398313,123.0
NG,options_daily_m,1,2011-07-29,2026-09-30,3813,0.335004992754213,0.3353954341896964,0.029644654304443418,1.5353821058354529,-0.00041552710897418965,-0.02167088117768401,0.3443270938190573,0.5771576082029535,0.9937136688217179,0.7171780560125596,-0.04439839391076028,0.03404264681635154,0.1951912016441038,0,0,182,0,0.37388362993291935,7.990712252530624,182,0.3181792721360699,12.056752422645388,180,0.5532364156570584,25.89966986210247,171,-1.0659356113338192,48.10388866742128,147,-1.7551718071773865,63.10415087359051,123.0
NG,options_daily_q,3,2011-07-29,2026-09-30,3813,0.3353677832712666,0.3357254918429464,0.02963656682515687,1.5429110484717732,0.039673733123378074,-0.02167088117768401,0.3449547115231153,0.5771576082029535,1.8046048823196326,0.7171780560125596,0.020470400864133653,0.0603239870018564,0.19635092962903447,0,0,61,0,0.36458814869746503,8.281945251617124,182,0.29571292160650986,12.576875758915651,180,0.5603935471254777,27.678919038622894,171,-1.3327272957376852,46.61515533972083,147,-2.9913085957396266,81.73627832454686,123.0
NG,conditional_options_daily_m,1,2011-07-29,2026-09-30,3813,0.33735865837928913,0.3375422387950652,0.029592146051560228,1.533803346021634,-0.010415404508309911,-0.02167088117768401,0.3402464556700713,0.5771576082029535,0.8531128430034125,0.7171780560125596,-0.05985295077934083,0.036594769733760406,0.1816852319137427,0,0,182,0,0.37124986515999714,8.240541122122574,182,0.3139171888520763,11.442729634000177,180,0.5130310421513053,26.288355510856764,171,-1.0258061009296986,51.3408318879531,147,-1.6254844637434895,67.0039431240647,123.0
NG,conditional_options_daily_q,3,2011-07-29,2026-09-30,3813,0.337726041291309,0.337886366635654,0.029583941646405834,1.538004436375812,0.048100439332646516,-0.02167088117768401,0.34239662787403596,0.5771576082029535,2.0397488502161676,0.7171780560125596,0.026777267653120607,0.0634995909904862,0.19184490274029006,0,0,61,0,0.3663063724843568,8.258999827061897,182,0.2929148120831152,12.676697017461336,180,0.5470057928854111,27.875915003301643,171,-1.3032223107741725,47.59203150328556,147,-3.170486494727113,79.740485422664,123.0
NG,options_balanced_m,1,2011-07-29,2026-09-30,3813,0.28307383644556783,0.29550506904555274,0.030780410883099157,1.5943749925451494,-0.06394311366857552,-0.02167088117768401,0.3775061144278733,0.5771576082029535,0.3669138246489991,0.7171780560125596,-0.1589214538488074,0.06854001045090734,0.3140112911807693,0,0,182,0,0.3244658160552987,8.446286101560474,182,0.13455910287879014,11.980856309894483,180,0.5264310989364722,25.179108955824823,171,0.1756338289473699,36.76199284363895,147,-0.06263439264234694,49.063413522497626,123.0
NG,options_balanced_q,3,2011-07-29,2026-09-30,3813,0.28457511880498354,0.29553539839828324,0.03074816606682922,1.6045999682092953,-0.0336577541238644,-0.02167088117768401,0.37380343842069913,0.5771576082029535,0.5948255781820025,0.7171780560125596,-0.09751478939830249,0.13031173700114512,0.32202345173728714,0,0,61,0,0.30819267388341065,8.154472167722304,182,0.09892361427573271,12.321024863328011,180,0.5469976097592648,24.507358426612814,171,0.11890216606062864,38.968676246066714,147,-0.35956618338691126,55.60006574999685,123.0
NG,conditional_options_balanced_m,1,2011-07-29,2026-09-30,3813,0.28620505769809756,0.29701212108518,0.030713119613205813,1.6116967603368764,-0.06445089191218434,-0.02167088117768401,0.3738922414453014,0.5771576082029535,0.3639053700542161,0.7171780560125596,-0.16236875873412016,0.07013098390729075,0.311508033882394,0,0,182,0,0.3243196400079317,8.0830023963691,182,0.11908445634922793,11.733836187384533,180,0.5161307012852066,24.75534227519278,171,0.15065546787412798,38.18886782331155,147,-0.12737071611870898,49.97694732332651,123.0
NG,conditional_options_balanced_q,3,2011-07-29,2026-09-30,3813,0.27828502972773184,0.2913142514261066,0.03088304077550003,1.6029172420835232,-0.030107647132882054,-0.02167088117768401,0.37707574769809254,0.5771576082029535,0.6288599750929948,0.7171780560125596,-0.09407893237345,0.13363626076800109,0.33388213338853445,0,0,61,0,0.30947265987159434,8.139851010419418,182,0.06997219420939127,11.835585846453561,180,0.532316264648045,25.640834036799752,171,0.06453527486728561,39.72786669288014,147,-0.5352574229084062,59.99815364138181,123.0
NG,equity_conditional_options_balanced_m,1,2011-07-29,2026-09-30,3813,0.30117231206862094,0.3131600879062574,0.030389408689795474,1.6107128652596152,-0.033968870209650115,-0.02167088117768401,0.3858362915878151,0.5771576082029535,0.5919264538443256,0.7171780560125596,-0.1512458960569273,0.08059089155487076,0.2676649596201535,0,0,182,0,0.3411680388011714,7.8449795934867,182,0.1357863980984949,12.967604167491121,180,0.48682740951022996,24.627418778959655,171,0.27242637909797096,29.801376558984604,147,0.2810243515812427,38.821461240799046,123.0
NG,equity_conditional_options_balanced_q,3,2011-07-29,2026-09-30,3813,0.2939495846560184,0.3050394028497791,0.030546049722625646,1.6005986487069106,0.013457139237482041,-0.02167088117768401,0.3794368417134893,0.5771576082029535,1.2248590326058517,0.7171780560125596,-0.06280126343178716,0.14853730391461598,0.28728517616836524,0,0,61,0,0.31844229302785465,8.36067166644901,182,0.06309408775489922,12.575317423028093,180,0.4893467167388096,29.65233841959679,171,0.1325655067692243,37.588732078233654,147,-0.43089569058170407,63.20505902583662,123.0
NG,conditional_rates_daily_priority_m,1,2011-07-29,2026-09-30,3813,0.3238838290761281,0.324126758090146,0.029891510354007018,1.5626049608046984,0.029631538203394037,-0.02167088117768401,0.3368233916414871,0.5771576082029535,1.557484214307639,0.7171780560125596,0.02701003150953607,0.0,0.30623289266244413,0,0,182,0,0.36558967217005645,7.888057081680028,182,0.24376571264234304,12.684022097184878,180,0.49258104380687073,27.54773113772453,171,-0.12347273654781854,50.18876823470886,147,-1.5800447925735943,80.76064049655946,123.0
NG,conditional_rates_daily_priority_q,3,2011-07-29,2026-09-30,3813,0.3224162084236555,0.32257219721231867,0.02992393497213703,1.557220870144679,0.03464621325172601,-0.02167088117768401,0.33417786010575273,0.5771576082029535,1.6766390759098533,0.7171780560125596,0.03294857974954368,0.0,0.30990464272928075,0,0,61,0,0.3638340937415564,8.312374513089226,182,0.2555773418550511,12.944366625367243,180,0.4925231623580505,27.776524104571585,171,-0.018042646033856746,45.89487051591931,147,-1.5424030840625522,79.75302043485837,123.0
NG,conditional_options_daily_priority_m,1,2011-07-29,2026-09-30,3813,0.3207978874614946,0.3222735937060638,0.02995964837850424,1.5652019175548963,-0.05281155419939121,-0.02167088117768401,0.3480596671797281,0.5771576082029535,0.4390008767957207,0.7171780560125596,-0.13492633785944586,0.06229006291584068,0.22245159267234935,0,0,182,0,0.3598088952837627,7.712994641546494,182,0.2524492117127265,11.870391174564487,180,0.5053785566769957,23.818142616853024,171,0.12383446220077199,40.18296976335547,147,-0.11481426970940833,50.26792212279807,123.0
NG,conditional_options_daily_priority_q,3,2011-07-29,2026-09-30,3813,0.31553713773065717,0.31767565879433163,0.03007545057758242,1.5742577073796806,-0.0006215930244792833,-0.02167088117768401,0.3514842097352873,0.5771576082029535,0.9906098964166902,0.7171780560125596,-0.04836086762524716,0.10665527698482158,0.23869283996128735,0,0,61,0,0.3498727689219866,7.8044548178605675,182,0.21795455545617892,11.617609317812105,180,0.5513739219223213,25.466037442194846,171,0.07961505990717188,44.02736443894444,147,-0.6414637785159023,67.96472750314746,123.0
NG,volatility_gold_m,1,2011-07-29,2026-09-30,3813,0.2155980633027742,0.31501258408860133,0.03219634160101836,1.6687708643369448,0.05453588153052391,-0.02167088117768401,0.5058977328451072,0.5771576082029535,2.238277547007419,0.7171780560125596,0.05196246443173269,0.0,0.0,0,0,182,154,0.3291580919570979,9.253738615503664,182,0.1656619704816208,15.415437247101027,180,0.32326189010457473,28.131602691330528,171,-8.077328732303632,51.360220738578214,147,-11.146129547348794,86.03976305908694,123.0
NG,volatility_gold_q,3,2011-07-29,2026-09-30,3813,0.21864460083646797,0.31221214616102755,0.03213375711194115,1.6584738121652884,0.04826369183454671,-0.02167088117768401,0.4990284840188632,0.5771576082029535,2.0445748731116504,0.7171780560125596,0.046565314762686105,0.0,0.0,0,0,61,50,0.3078020163375549,9.35247062072862,182,0.1535225072432661,15.413126537656618,180,0.35638423472766334,27.93268439263774,171,-7.2434599383399,54.200249915683244,147,-10.729211774325364,93.03921638102128,123.0
