stock,model,period,frequency,n,r2,regression_r2,rmse,improvement_vs_old_metals
NEM,gold_stale,full,daily,3813,0.4491230057241532,0.44939434213385454,0.017356950144275185,0.014873959942139248
NEM,gold_stale,full,monthly,182,0.49812272184480944,0.5024543312404562,0.07633641660680798,0.013274277490879283
NEM,gold_stale,confirmation,daily,1694,0.47176093805184216,0.4717738833135468,0.01788211017913995,0.0027095278822343305
NEM,gold_stale,confirmation,monthly,81,0.5205185343687608,0.5269184712116772,0.0760779261042868,0.006280926636678785
NEM,gold_stale,recent,daily,938,0.49817613576727116,0.49850237915208445,0.017771851183441895,0.004387637085588758
NEM,gold_stale,recent,monthly,45,0.5478196012736591,0.5549597660441014,0.07653670410895562,-0.0013219723600597089
NEM,gold_recent,full,daily,3813,0.4505860502076018,0.4508401223808341,0.01733388612682572,0.01633700442558783
NEM,gold_recent,full,monthly,182,0.5028350504495818,0.5072257646082707,0.07597719466419232,0.017986606095651614
NEM,gold_recent,confirmation,daily,1694,0.47225071781528727,0.47225784846466196,0.017873818169494442,0.003199307645679439
NEM,gold_recent,confirmation,monthly,81,0.5240279053620511,0.5306389133155665,0.07579900397098663,0.00979029762996908
NEM,gold_recent,recent,daily,938,0.4966640804470053,0.4970302435738768,0.017798605401735723,0.0028755817653228766
NEM,gold_recent,recent,monthly,45,0.5492266704363723,0.5567898911284115,0.07641753005268628,8.509680265345043e-05
NEM,metals_504q,full,daily,3813,0.46026590562232783,0.46029607637417863,0.01718050892832953,0.026016859840313877
NEM,metals_504q,full,monthly,182,0.5050902646977458,0.5079773217898141,0.07580467686551727,0.02024182034381561
NEM,metals_504q,confirmation,daily,1694,0.4860662894563058,0.4868181092595891,0.017638313710601466,0.01701487928669798
NEM,metals_504q,confirmation,monthly,81,0.5213928774244314,0.524094875656658,0.07600852972182477,0.007155269692349364
NEM,metals_504q,recent,daily,938,0.5155273808963312,0.5187024397645477,0.017461905408160592,0.021738882214648814
NEM,metals_504q,recent,monthly,45,0.5732786595638113,0.5786564251854728,0.07435087285636774,0.02413708593009245
NEM,metals_504m,full,daily,3813,0.462217025871838,0.46224218416985285,0.017149427337755867,0.02796798008982404
NEM,metals_504m,full,monthly,182,0.5084531908806267,0.5113885140378948,0.07554669035947859,0.02360474652669653
NEM,metals_504m,confirmation,daily,1694,0.4880199188919748,0.48864565848702873,0.017604757302687575,0.018968508722366995
NEM,metals_504m,confirmation,monthly,81,0.5254306436182548,0.5287728953936441,0.07568722786267239,0.011193035886172709
NEM,metals_504m,recent,daily,938,0.5180923311819433,0.5207575382190774,0.017415619656811765,0.024303832500260913
NEM,metals_504m,recent,monthly,45,0.5738680691258999,0.5799766657559641,0.07429950647929107,0.02472649549218109
NEM,metals_252q,full,daily,3813,0.4565504679205914,0.4571102931022838,0.017239541360865782,0.022301422138577442
NEM,metals_252q,full,monthly,182,0.5158995724913202,0.5172645437646776,0.07497228293255025,0.031051128137390083
NEM,metals_252q,confirmation,daily,1694,0.47959241932601193,0.4807312468839062,0.017749058344196315,0.010541009156404102
NEM,metals_252q,confirmation,monthly,81,0.5155556102817247,0.5168263855049546,0.07647063886363949,0.0013180025496426495
NEM,metals_252q,recent,daily,938,0.5050192670789667,0.510068341036128,0.017650262143024308,0.011230768397284319
NEM,metals_252q,recent,monthly,45,0.5682114636389439,0.5714497238559593,0.07479101791678332,0.019069890005225076
NEM,metals_126q,full,daily,3813,0.45520457744694,0.4557396999156209,0.01726087562026669,0.02095553166492603
NEM,metals_126q,full,monthly,182,0.5132658753517416,0.5140288929763004,0.07517594569204047,0.028417430997811466
NEM,metals_126q,confirmation,daily,1694,0.478130497452261,0.4788953738423281,0.017773971066588283,0.009079087282653164
NEM,metals_126q,confirmation,monthly,81,0.5056316640594927,0.5068176913684228,0.07724992676631433,-0.008605943672589378
NEM,metals_126q,recent,daily,938,0.502437473736095,0.5056705923494937,0.017696233691953136,0.008648975054412644
NEM,metals_126q,recent,monthly,45,0.5594475723954729,0.5638047122876808,0.0755462113722853,0.010305998761754087
NEM,metals_ewq,full,daily,3813,0.46221029253715396,0.46225548285942203,0.01714953469748834,0.02796124675514
NEM,metals_ewq,full,monthly,182,0.5152840517508754,0.5177582849153956,0.07501993041758916,0.030435607396945286
NEM,metals_ewq,confirmation,daily,1694,0.48441122687342153,0.48503859427217316,0.017666691930846887,0.0153598167038137
NEM,metals_ewq,confirmation,monthly,81,0.5226497192559851,0.525371506647739,0.07590866336530505,0.008412111523903087
NEM,metals_ewq,recent,daily,938,0.5098282638708931,0.513020943360061,0.017564312105464275,0.016039765189210686
NEM,metals_ewq,recent,monthly,45,0.5718928955136909,0.5776816452096456,0.07447150105512428,0.022751321879972086
NEM,metals_ewm,full,daily,3813,0.46712953049331063,0.4671473762000553,0.017070919908584833,0.032880484711296676
NEM,metals_ewm,full,monthly,182,0.5199953726830067,0.5223000315215907,0.07465445243601918,0.03514692832907651
NEM,metals_ewm,confirmation,daily,1694,0.48815414796185186,0.48853731814678103,0.017602449375884423,0.01910273779224403
NEM,metals_ewm,confirmation,monthly,81,0.5263992592261418,0.5293868827890926,0.07560994803457129,0.012161651494059789
NEM,metals_ewm,recent,daily,938,0.5150315779053745,0.5170437447573455,0.017470838266990047,0.021243079223692063
NEM,metals_ewm,recent,monthly,45,0.5717303984637555,0.5778482459925959,0.07448563332597623,0.022588824830036658
NEM,metals_blend,full,daily,3813,0.46432536766064547,0.4643562669721245,0.017115777739950426,0.030076321878631518
NEM,metals_blend,full,monthly,182,0.5157950973890038,0.5180627008020894,0.07498037248786713,0.0309466530350736
NEM,metals_blend,confirmation,daily,1694,0.48448208087030764,0.4850754063271008,0.017665477980109003,0.015430670700699811
NEM,metals_blend,confirmation,monthly,81,0.5159005679255219,0.518080293518294,0.07644340784438057,0.0016629601934398108
NEM,metals_blend,recent,daily,938,0.510174689522632,0.5132161867614788,0.01755810427738545,0.01638619084094961
NEM,metals_blend,recent,monthly,45,0.5677617340707852,0.5728841070507591,0.07482995709138826,0.01862016043706638
NEM,calls_3atm,full,daily,3813,0.4609823865143672,0.4611034462670205,0.017169101835160742,0.026733340732353228
NEM,calls_3atm,full,monthly,182,0.5154396314591881,0.5177005232771561,0.07500788984450325,0.03059118710525799
NEM,calls_3atm,confirmation,daily,1694,0.482889385624215,0.4838197544376649,0.017692745727645683,0.013837975454607188
NEM,calls_3atm,confirmation,monthly,81,0.5188862320757957,0.520679085822976,0.07620731240288418,0.004648624343713603
NEM,calls_3atm,recent,daily,938,0.5097948245010867,0.5129884062054295,0.017564911211316276,0.01600632581940431
NEM,calls_3atm,recent,monthly,45,0.5720427817408877,0.5778693752245266,0.07445846316180772,0.02290120810716889
NEM,calls_12itm,full,daily,3813,0.46233408950787813,0.4624946720587144,0.0171475607078327,0.02808504372586418
NEM,calls_12itm,full,monthly,182,0.5133069958875207,0.5157931803050405,0.0751727700975008,0.02845855153359056
NEM,calls_12itm,confirmation,daily,1694,0.482452897720125,0.483448250618275,0.017700211287543306,0.013401487550517177
NEM,calls_12itm,confirmation,monthly,81,0.5100236514274963,0.5112527028232047,0.07690601556742134,-0.004213956304585764
NEM,calls_12itm,recent,daily,938,0.5096073877732957,0.5129665828087735,0.01756826898372573,0.01581888909161333
NEM,calls_12itm,recent,monthly,45,0.5671309872621275,0.571297476283644,0.07488453526518354,0.017989413628408668
NEM,calls_24itm,full,daily,3813,0.4621284373725054,0.46231585391767677,0.01715083978436041,0.027879391590491465
NEM,calls_24itm,full,monthly,182,0.5116287075022515,0.5140598813443449,0.0753022696081128,0.02678026314832138
NEM,calls_24itm,confirmation,daily,1694,0.4820736740288787,0.4831699783544594,0.017706694861978695,0.013022263859270855
NEM,calls_24itm,confirmation,monthly,81,0.5053444882786984,0.5062254164981688,0.0772723605324694,-0.008893119453383669
NEM,calls_24itm,recent,daily,938,0.5102112422554879,0.5137071825325062,0.017557449137016845,0.016422743573805465
NEM,calls_24itm,recent,monthly,45,0.5670755734796806,0.5708595300983715,0.07488932828850953,0.01793399984596178
NEM,calls_12atm,full,daily,3813,0.4616900542085477,0.46186009555443064,0.017157827612468802,0.02744100842653374
NEM,calls_12atm,full,monthly,182,0.5126921720699196,0.5146690064174603,0.07522023679814882,0.02784372771598942
NEM,calls_12atm,confirmation,daily,1694,0.48206031990369347,0.48320685746131903,0.01770692313372679,0.013008909734085639
NEM,calls_12atm,confirmation,monthly,81,0.507426183213172,0.5082275734123823,0.077109593645415,-0.006811424518910036
NEM,calls_12atm,recent,daily,938,0.5095212668188539,0.5128304252239656,0.017569811553530185,0.015732768137171504
NEM,calls_12atm,recent,monthly,45,0.5701178819847903,0.5755020067629224,0.07462572786513971,0.02097630835107145
NEM,market_q,full,daily,3813,0.489402177336549,0.4894370879158253,0.016710351195172373,0.05515313155453505
NEM,market_q,full,monthly,182,0.5158547902042687,0.5174328617398332,0.07497575055255452,0.031006345850338568
NEM,market_q,confirmation,daily,1694,0.502157714405282,0.5024266602490477,0.017359987207668577,0.03310630423567418
NEM,market_q,confirmation,monthly,81,0.5349567762560644,0.539301785052438,0.07492373400380636,0.020719168523982368
NEM,market_q,recent,daily,938,0.5278976589592257,0.5298735085874747,0.017237532172042918,0.03410916027754329
NEM,market_q,recent,monthly,45,0.5715580937932212,0.5808987364225281,0.07450061563131959,0.02241652015950235
NEM,market_m,full,daily,3813,0.4955420706689766,0.4955631543396716,0.01660957708673465,0.061293024886962644
NEM,market_m,full,monthly,182,0.5163914300171351,0.5175071028439402,0.07493418644378957,0.0315429856632049
NEM,market_m,confirmation,daily,1694,0.5094151854177641,0.5097413790521854,0.017232987001318215,0.040363775248156264
NEM,market_m,confirmation,monthly,81,0.5388298921904779,0.5427675756319369,0.07461108022098592,0.024592284458395897
NEM,market_m,recent,daily,938,0.5348886553957966,0.536334905478578,0.01710942754822541,0.041100156714114155
NEM,market_m,recent,monthly,45,0.5747920365836222,0.5839032399985544,0.0742189122142536,0.025650462949903363
NEM,market_rates,full,daily,3813,0.48824072601345236,0.48827479654620104,0.01672934582679806,0.05399168023143841
NEM,market_rates,full,monthly,182,0.5139788103146385,0.5158798435168985,0.0751208692165021,0.029130365960708393
NEM,market_rates,confirmation,daily,1694,0.5028290829091451,0.5030921068399226,0.017348277795905802,0.033777672739537246
NEM,market_rates,confirmation,monthly,81,0.5388617806548326,0.5437933114601079,0.07460850061547557,0.024624172922750542
NEM,market_rates,recent,daily,938,0.5274530725991816,0.5293021721680153,0.017245646692603766,0.03366457391749922
NEM,market_rates,recent,monthly,45,0.5691901599601034,0.5780803567304672,0.07470620878840468,0.02004858632638451
NEM,cost_fx,full,daily,3813,0.4825235245426559,0.48253567150572824,0.0168225335800084,0.04827447876064195
NEM,cost_fx,full,monthly,182,0.4995181350830087,0.5011574511073522,0.07623022033498478,0.014669690729078533
NEM,cost_fx,confirmation,daily,1694,0.49615206660882805,0.49685963734135713,0.017464383146964708,0.027100656439220216
NEM,cost_fx,confirmation,monthly,81,0.532023072698834,0.5380113928606667,0.07515968890760212,0.01778546496675193
NEM,cost_fx,recent,daily,938,0.5320912500469933,0.534156332262127,0.01716080261569334,0.038302751365310916
NEM,cost_fx,recent,monthly,45,0.6006371075529476,0.6132181965059796,0.07192796024925592,0.051495533919228786
NEM,market_calls,full,daily,3813,0.48843277717607914,0.48843322206099804,0.016726206468151934,0.05418373139406518
NEM,market_calls,full,monthly,182,0.5169371831089145,0.518248851663314,0.07489189283004512,0.0320887387549843
NEM,market_calls,confirmation,daily,1694,0.5017488224674533,0.5020932262760698,0.017367114868468946,0.03269741229784551
NEM,market_calls,confirmation,monthly,81,0.5323126103371983,0.5354931543065549,0.0751364346352532,0.018075002605116297
NEM,market_calls,recent,daily,938,0.5277127328893767,0.5294733282819394,0.01724090787758806,0.033924234207694304
NEM,market_calls,recent,monthly,45,0.5675920095953331,0.574135443360658,0.07484464717057121,0.01845043596161422
NEM,v4_gold_quarterly,full,daily,3813,0.43640279658744496,0.4393943966895085,0.017556199724598372,0.0021537508054310095
NEM,v4_gold_quarterly,full,monthly,182,0.4861063715267252,0.48678604692901445,0.07724486507761337,0.001257927172795048
NEM,v4_gold_quarterly,confirmation,daily,1694,0.46570091956167403,0.4725318455933036,0.01798439047195538,-0.003350490607933798
NEM,v4_gold_quarterly,confirmation,monthly,81,0.5098229793628319,0.5101839689761336,0.07692176256127609,-0.0044146283692501065
NEM,v4_gold_quarterly,recent,daily,938,0.4879686463249838,0.4991968826700967,0.017951687950646847,-0.005819852356698574
NEM,v4_gold_quarterly,recent,monthly,45,0.5417372673523305,0.5420401519781303,0.07704973694508045,-0.007404306281388329
NEM,v4_gold_silver_quarterly,full,daily,3813,0.43424904578201395,0.44028087337520505,0.017589712687575684,0.0
NEM,v4_gold_silver_quarterly,full,monthly,182,0.48484844435393015,0.486088920243764,0.07733934866229657,0.0
NEM,v4_gold_silver_quarterly,confirmation,daily,1694,0.46905141016960783,0.48129059008591596,0.017927913401983263,0.0
NEM,v4_gold_silver_quarterly,confirmation,monthly,81,0.514237607732082,0.5157089864873183,0.07657459304262072,0.0
NEM,v4_gold_silver_quarterly,recent,daily,938,0.4937884986816824,0.5162464875599432,0.017849375127150385,0.0
NEM,v4_gold_silver_quarterly,recent,monthly,45,0.5491415736337188,0.5513535953371695,0.07642474274715327,0.0
NEM,v4_gold_silver_options_quarterly,full,daily,3813,0.4207121208581944,0.43038026147059355,0.017798906387188382,-0.013536924923819527
NEM,v4_gold_silver_options_quarterly,full,monthly,182,0.4754678254041582,0.4788341798273337,0.07804032489803993,-0.009380618949771935
NEM,v4_gold_silver_options_quarterly,confirmation,daily,1694,0.45416186962129157,0.4725163195935575,0.0181775540746755,-0.01488954054831626
NEM,v4_gold_silver_options_quarterly,confirmation,monthly,81,0.5133776361294031,0.5169140662616607,0.07664234515454543,-0.0008599716026789217
NEM,v4_gold_silver_options_quarterly,recent,daily,938,0.47402987191743706,0.5072292347307283,0.018194392215182573,-0.019758626764245335
NEM,v4_gold_silver_options_quarterly,recent,monthly,45,0.5438037290402237,0.5491489879043779,0.07687581899525558,-0.005337844593495178
NEM,calls_3atm_raw,full,daily,3813,0.4593815622031209,0.45960925859308593,0.01719457812621093,0.02513251642110692
NEM,calls_3atm_raw,full,monthly,182,0.5149106942746962,0.5169415417253034,0.07504881729500387,0.030062249920766004
NEM,calls_3atm_raw,confirmation,daily,1694,0.4816552864881093,0.48286050215838194,0.017713845266031387,0.012603876318501461
NEM,calls_3atm_raw,confirmation,monthly,81,0.5170304115516237,0.5184504778831073,0.07635414978636174,0.0027928038195416116
NEM,calls_3atm_raw,recent,daily,938,0.5087615997110317,0.5122934723531648,0.017583412595626315,0.014973101029349345
NEM,calls_3atm_raw,recent,monthly,45,0.5715587814648364,0.5770477813557109,0.07450055584260785,0.022417207831117558
NEM,calls_12itm_raw,full,daily,3813,0.46122780835281396,0.461512815405717,0.0171651927307309,0.026978762570800008
NEM,calls_12itm_raw,full,monthly,182,0.5096206795964948,0.5120016134678995,0.0754569203306845,0.024772235242564666
NEM,calls_12itm_raw,confirmation,daily,1694,0.48167333686595293,0.48280710868920707,0.017713536837706153,0.012621926696345098
NEM,calls_12itm_raw,confirmation,monthly,81,0.5061024992959522,0.5070049314890859,0.07721313167936618,-0.008135108436129856
NEM,calls_12itm_raw,recent,daily,938,0.5102676414066696,0.5135613818225506,0.017556438238215757,0.016479142724987184
NEM,calls_12itm_raw,recent,monthly,45,0.5663768904887094,0.5695558993418884,0.07494973468131637,0.01723531685499058
NEM,calls_24itm_raw,full,daily,3813,0.4607830546896723,0.4611020223500041,0.01717227615819676,0.026534008907658335
NEM,calls_24itm_raw,full,monthly,182,0.5094824449994906,0.5118430376989929,0.07546755497773512,0.024634000645560428
NEM,calls_24itm_raw,confirmation,daily,1694,0.4800281882222721,0.48156154597027145,0.017741625605253816,0.010976778052664282
NEM,calls_24itm_raw,confirmation,monthly,81,0.5005096011272917,0.5011679532207705,0.07764908195377773,-0.013728006604790344
NEM,calls_24itm_raw,recent,daily,938,0.5088140784931487,0.5129955480506302,0.017582473356426306,0.01502557981146635
NEM,calls_24itm_raw,recent,monthly,45,0.5675490642518253,0.5709963594512016,0.07484836374074462,0.018407490618106426
NEM,calls_12atm_raw,full,daily,3813,0.4603647240189038,0.460658597935254,0.017178936090817002,0.026115678236889872
NEM,calls_12atm_raw,full,monthly,182,0.5101606947950826,0.5118737906912355,0.07541536157566373,0.025312250441152484
NEM,calls_12atm_raw,confirmation,daily,1694,0.48014933633878876,0.48171212410416037,0.01773955867615602,0.011097926169180927
NEM,calls_12atm_raw,confirmation,monthly,81,0.4996315558632278,0.4999305205914727,0.07771730095487091,-0.01460605186885422
NEM,calls_12atm_raw,recent,daily,938,0.5087449074699165,0.5123834987717729,0.017583711334557568,0.014956408788234121
NEM,calls_12atm_raw,recent,monthly,45,0.5695599689521432,0.5746484767282577,0.07467413784139004,0.020418395318424376
NEM,market_calls_raw,full,daily,3813,0.48334356773471654,0.4834671824871903,0.016809198989521785,0.049094521952702586
NEM,market_calls_raw,full,monthly,182,0.514063347718194,0.5149877930698841,0.0751143357571139,0.0292149033642638
NEM,market_calls_raw,confirmation,daily,1694,0.49431068163480496,0.4951882714538197,0.01749626709650308,0.02525927146519713
NEM,market_calls_raw,confirmation,monthly,81,0.5259307434966676,0.528355055729779,0.07564733785495745,0.011693135764585527
NEM,market_calls_raw,recent,daily,938,0.516809415667884,0.5200651822844261,0.01743878583556469,0.023020916986201567
NEM,market_calls_raw,recent,monthly,45,0.5572088791609421,0.5617932891906059,0.07573791441540745,0.008067305527223234
NEM,adaptive_metals,full,daily,3813,0.46118467826404086,0.46139807620068296,0.017165879775721253,0.026935632482026906
NEM,adaptive_metals,full,monthly,182,0.5104060170577316,0.5118966038792441,0.07539647437739394,0.025557572703801434
NEM,adaptive_metals,confirmation,daily,1694,0.4866857826322384,0.48761725295822483,0.017627679936709238,0.017634372462630554
NEM,adaptive_metals,confirmation,monthly,81,0.5221136139592317,0.5242979439035795,0.07595127737282592,0.007876006227149679
NEM,adaptive_metals,recent,daily,938,0.5134550523056904,0.5169587840814617,0.017499212151341918,0.019666553624008043
NEM,adaptive_metals,recent,monthly,45,0.5747026267253273,0.5797167007426023,0.07422671492985781,0.0255610530916085
NEM,metals_ewq_cap1,full,daily,3813,0.46221029253715396,0.46225548285942203,0.01714953469748834,0.02796124675514
NEM,metals_ewq_cap1,full,monthly,182,0.5152840517508754,0.5177582849153956,0.07501993041758916,0.030435607396945286
NEM,metals_ewq_cap1,confirmation,daily,1694,0.48441122687342153,0.48503859427217316,0.017666691930846887,0.0153598167038137
NEM,metals_ewq_cap1,confirmation,monthly,81,0.5226497192559851,0.525371506647739,0.07590866336530505,0.008412111523903087
NEM,metals_ewq_cap1,recent,daily,938,0.5098282638708931,0.513020943360061,0.017564312105464275,0.016039765189210686
NEM,metals_ewq_cap1,recent,monthly,45,0.5718928955136909,0.5776816452096456,0.07447150105512428,0.022751321879972086
NEM,metals_stale_cap1,full,daily,3813,0.4576105966383197,0.457649404258465,0.01722271822136752,0.023361550856305757
NEM,metals_stale_cap1,full,monthly,182,0.4993450663856892,0.5020845453929718,0.07624339955834686,0.014496622031759054
NEM,metals_stale_cap1,confirmation,daily,1694,0.4835790601018044,0.48448745782852765,0.01768094331429634,0.014527649932196574
NEM,metals_stale_cap1,confirmation,monthly,81,0.5151180688133481,0.5176021499164623,0.07650516452316501,0.0008804610812660485
NEM,metals_stale_cap1,recent,daily,938,0.5139487603980069,0.5176921105210504,0.01749033147600423,0.020160261716324457
NEM,metals_stale_cap1,recent,monthly,45,0.5706017905262921,0.5753987620897738,0.07458371379434893,0.02146021689257327
AEM,gold_stale,full,daily,3813,0.5008715304537013,0.5010857974021106,0.018526956612765356,0.0724722997988192
AEM,gold_stale,full,monthly,182,0.5627943885883684,0.5698467599637523,0.08177443010956813,0.030630938481282843
AEM,gold_stale,confirmation,daily,1694,0.5273168671013262,0.527822799472156,0.01738220340850711,0.11794936155381563
AEM,gold_stale,confirmation,monthly,81,0.5832540080476757,0.6083696175096118,0.08274391656795474,0.0402982213019758
AEM,gold_stale,recent,daily,938,0.6007849869216308,0.6052825082339127,0.014722314086272656,0.04077402905971306
AEM,gold_stale,recent,monthly,45,0.6327169565315754,0.6511285365078231,0.07321510352532137,0.0044931812686651584
AEM,gold_recent,full,daily,3813,0.5025933150991759,0.5028034962472246,0.018494973878010672,0.07419408444429387
AEM,gold_recent,full,monthly,182,0.5646448543831604,0.571761695494411,0.08160119212119407,0.03248140427607482
AEM,gold_recent,confirmation,daily,1694,0.5272056706940155,0.5277169151661159,0.01738424782767114,0.11783816514650491
AEM,gold_recent,confirmation,monthly,81,0.5842653849624859,0.6098344412717762,0.08264345234858435,0.041309598216786036
AEM,gold_recent,recent,daily,938,0.6003536839642332,0.6044942388228476,0.014730264768591246,0.040342726102315374
AEM,gold_recent,recent,monthly,45,0.63221815727636,0.6514885300302967,0.0732648025912531,0.003994382013449704
AEM,metals_504q,full,daily,3813,0.5093837740851646,0.5094722257200547,0.01836829590585167,0.0809845434302825
AEM,metals_504q,full,monthly,182,0.5734308861014952,0.5798417993835528,0.08077358633139167,0.04126743599440963
AEM,metals_504q,confirmation,daily,1694,0.5333944892071198,0.5356302992295708,0.017270094220416515,0.12402698365960929
AEM,metals_504q,confirmation,monthly,81,0.6002628467846746,0.6223161890877148,0.08103779499622928,0.05730706003897468
AEM,metals_504q,recent,daily,938,0.6113102238277686,0.6195875443477596,0.014526942075564223,0.05129926596585077
AEM,metals_504q,recent,monthly,45,0.6317608763469581,0.6470979752596236,0.07331033527632677,0.003537101084047811
AEM,metals_504m,full,daily,3813,0.5095900839956089,0.5096704101691873,0.018364433457204673,0.08119085334072684
AEM,metals_504m,full,monthly,182,0.5718974713987093,0.5778977243697216,0.08091863702678462,0.03973402129162373
AEM,metals_504m,confirmation,daily,1694,0.5338291310460799,0.5358054410733784,0.01726204882213251,0.12446162549856932
AEM,metals_504m,confirmation,monthly,81,0.6021011947097802,0.6258753749729038,0.08085123823410192,0.0591454079640803
AEM,metals_504m,recent,daily,938,0.6125155651341334,0.6198241129326894,0.014504400295163665,0.05250460727221562
AEM,metals_504m,recent,monthly,45,0.6283506358260919,0.6436456895847437,0.07364901427914393,0.00012686056318156336
AEM,metals_252q,full,daily,3813,0.5012804718125261,0.5026914305111988,0.018519365389488066,0.07288124115764405
AEM,metals_252q,full,monthly,182,0.5651205137434246,0.5681731990330049,0.08155660211352153,0.0329570636363391
AEM,metals_252q,confirmation,daily,1694,0.5351545786665932,0.5364409641991915,0.017237491058379868,0.12578707311908266
AEM,metals_252q,confirmation,monthly,81,0.5831950418486601,0.6022832295637766,0.08274977015955487,0.040239255102960225
AEM,metals_252q,recent,daily,938,0.601565098418374,0.6086624356841969,0.014707922514862352,0.04155414055645623
AEM,metals_252q,recent,monthly,45,0.6123614899004097,0.6256822067147351,0.0752166002019826,-0.01586228536250056
AEM,metals_126q,full,daily,3813,0.4947368320570211,0.4979706855376299,0.018640464649724374,0.06633760140213907
AEM,metals_126q,full,monthly,182,0.5560297039927118,0.5586033313250099,0.08240463114046406,0.023866253885626243
AEM,metals_126q,confirmation,daily,1694,0.5366308770938513,0.5374572142760304,0.01721009709397345,0.1272633715463407
AEM,metals_126q,confirmation,monthly,81,0.5836502770572776,0.6041970431577217,0.08270456808152735,0.04069449031157768
AEM,metals_126q,recent,daily,938,0.6028226398734768,0.6062475656692128,0.014684693576550613,0.04281168201155905
AEM,metals_126q,recent,monthly,45,0.610724319637544,0.6295947393575687,0.07537526946531785,-0.017499455625366256
AEM,metals_ewq,full,daily,3813,0.5120690646761514,0.5121659814583661,0.018317959322522986,0.08366983402126937
AEM,metals_ewq,full,monthly,182,0.5734779071716294,0.5792246608302698,0.08076913433871835,0.04131445706454384
AEM,metals_ewq,confirmation,daily,1694,0.5380009525365193,0.538967005188353,0.017184635118245962,0.1286334469890087
AEM,metals_ewq,confirmation,monthly,81,0.5916440874392368,0.6151611859757639,0.08190676663051616,0.04868830069353691
AEM,metals_ewq,recent,daily,938,0.6103683064844911,0.6155409743930703,0.014544533095310275,0.05035734862257335
AEM,metals_ewq,recent,monthly,45,0.6233737429289892,0.6409462054777668,0.0741405047952237,-0.004850032333921117
AEM,metals_ewm,full,daily,3813,0.5151547672716413,0.5152411903814602,0.01825994555550882,0.08675553661675928
AEM,metals_ewm,full,monthly,182,0.5722892529788295,0.5774152436658792,0.08088160187064374,0.04012580287174394
AEM,metals_ewm,confirmation,daily,1694,0.5385407343739579,0.5390219784821891,0.0171745932523901,0.12917322882644733
AEM,metals_ewm,confirmation,monthly,81,0.5909567618641511,0.613937114260797,0.08197566846921167,0.04800097511845125
AEM,metals_ewm,recent,daily,938,0.6132366421181714,0.616593438629117,0.014490898256694458,0.053225684256253625
AEM,metals_ewm,recent,monthly,45,0.6120672029304608,0.6269593508845176,0.07524514621227847,-0.016156572332449493
AEM,metals_blend,full,daily,3813,0.5131205510159257,0.5133513167117638,0.01829821116693119,0.08472132036104363
AEM,metals_blend,full,monthly,182,0.5733308896602661,0.5778863196359613,0.08078305325904009,0.041167439553180585
AEM,metals_blend,confirmation,daily,1694,0.5382120688922267,0.53937376899686,0.017180708300522703,0.12884456334471617
AEM,metals_blend,confirmation,monthly,81,0.594055375057987,0.616409239045454,0.08166458427910625,0.051099588312287114
AEM,metals_blend,recent,daily,938,0.6091805812634512,0.6144800108831806,0.014566684481097015,0.04916962340153341
AEM,metals_blend,recent,monthly,45,0.6226456590759348,0.6401685458572315,0.07421213341929536,-0.005578116186975457
AEM,calls_3atm,full,daily,3813,0.5115779497731152,0.5117051038754362,0.018327175750066434,0.08317871911823316
AEM,calls_3atm,full,monthly,182,0.5714982894537324,0.5771764264488748,0.08095635431467663,0.03933483934664683
AEM,calls_3atm,confirmation,daily,1694,0.5373056691195994,0.53841858036735,0.017197561226994434,0.12793816357208887
AEM,calls_3atm,confirmation,monthly,81,0.5915563534549708,0.6142473193436894,0.08191556486365364,0.04860056670927093
AEM,calls_3atm,recent,daily,938,0.6103683060464229,0.6155409737629487,0.01454453310348658,0.0503573481845051
AEM,calls_3atm,recent,monthly,45,0.6233737402166388,0.6409462030833816,0.07414050506219264,-0.004850035046271461
AEM,calls_12itm,full,daily,3813,0.5117110346107185,0.5119315116117243,0.018324678693085874,0.08331180395583648
AEM,calls_12itm,full,monthly,182,0.5674419101576789,0.5731556157118523,0.08133863536429921,0.03527846005059332
AEM,calls_12itm,confirmation,daily,1694,0.5355756473954394,0.53686628947722,0.017229682212128807,0.12620814184792883
AEM,calls_12itm,confirmation,monthly,81,0.5878787556767603,0.608626230334804,0.08228351944392022,0.0449229689310604
AEM,calls_12itm,recent,daily,938,0.6109067949308034,0.6161821394637459,0.014534479022327716,0.05089583706888556
AEM,calls_12itm,recent,monthly,45,0.6236943058272032,0.6409390752415483,0.07410894598325188,-0.00452946943570709
AEM,calls_24itm,full,daily,3813,0.511121120321621,0.5113716561224493,0.018335744606494914,0.08272188966673899
AEM,calls_24itm,full,monthly,182,0.5655444862933837,0.5712406470726644,0.08151683685279741,0.033381036186298174
AEM,calls_24itm,confirmation,daily,1694,0.5351066560849418,0.5365154016101714,0.017238379572868116,0.12573915053743123
AEM,calls_24itm,confirmation,monthly,81,0.5863716557337673,0.6063431287202209,0.0824338348212369,0.043415868988067374
AEM,calls_24itm,recent,daily,938,0.6117182415089568,0.6172097868873091,0.014519315420713197,0.051707283647039026
AEM,calls_24itm,recent,monthly,45,0.621761321886612,0.6380921117996651,0.07429904131581828,-0.0064624533762982495
AEM,calls_12atm,full,daily,3813,0.5108477594936317,0.5110353430431582,0.01834087018469793,0.08244852883874965
AEM,calls_12atm,full,monthly,182,0.5691910463425179,0.5746029541469915,0.08117401415852381,0.03702759623543239
AEM,calls_12atm,confirmation,daily,1694,0.5350721546101016,0.5364343730502129,0.0172390192233306,0.12570464906259105
AEM,calls_12atm,confirmation,monthly,81,0.5909389761480295,0.6126209087861934,0.08197745065258964,0.047983189402329596
AEM,calls_12atm,recent,daily,938,0.6103664373005833,0.6156283505917126,0.014544567982583379,0.050355479438665474
AEM,calls_12atm,recent,monthly,45,0.6208417509820723,0.6378659110036677,0.0743893041105222,-0.0073820242808380065
AEM,market_q,full,daily,3813,0.523596153960135,0.5236101035739805,0.01810029040663996,0.09519692330525298
AEM,market_q,full,monthly,182,0.5535512714506999,0.5559705808013723,0.08263432002190348,0.021387821343614388
AEM,market_q,confirmation,daily,1694,0.5434265426467911,0.5442066642940416,0.017083431292272428,0.13405903709928058
AEM,market_q,confirmation,monthly,81,0.6065154398148924,0.6351196524862568,0.08040151012326754,0.06355965306919253
AEM,market_q,recent,daily,938,0.6159250829498791,0.620483397036929,0.014440446399703247,0.05591412508796134
AEM,market_q,recent,monthly,45,0.6252595736262647,0.6445196635163689,0.07395465490045378,-0.0029642016366455692
AEM,market_m,full,daily,3813,0.5268188071052176,0.5268299049052407,0.018038966449153676,0.0984195764503355
AEM,market_m,full,monthly,182,0.5526035056711922,0.5541851053370229,0.08272198569825631,0.020440055564106663
AEM,market_m,confirmation,daily,1694,0.545109162104528,0.5456392073618144,0.01705192327762451,0.13574165655701742
AEM,market_m,confirmation,monthly,81,0.6075623204256638,0.6346343662909507,0.08029448325355446,0.06460653367996394
AEM,market_m,recent,daily,938,0.6202901626571062,0.6237109237659315,0.014358152791008582,0.060279204795188446
AEM,market_m,recent,monthly,45,0.6174214527608304,0.6329968447135426,0.07472407512257713,-0.010802322502079909
AEM,market_rates,full,daily,3813,0.5229784685387948,0.5229909407570884,0.018112020647666777,0.09457923788391276
AEM,market_rates,full,monthly,182,0.5536172937400001,0.5559385453447263,0.08262820968005394,0.021453843632914582
AEM,market_rates,confirmation,daily,1694,0.5428475732330931,0.5434963403696044,0.01709425939721622,0.13348006768558252
AEM,market_rates,confirmation,monthly,81,0.608156845302123,0.6386392119908659,0.08023363899242589,0.06520105855642311
AEM,market_rates,recent,daily,938,0.6165866392290245,0.6209192122050836,0.014428004445197214,0.05657568136710667
AEM,market_rates,recent,monthly,45,0.6255223777875093,0.644899585444058,0.07392871828085436,-0.0027013974754009906
AEM,cost_fx,full,daily,3813,0.5209379717815183,0.5210879635673156,0.018150717099610438,0.09253874112663629
AEM,cost_fx,full,monthly,182,0.5130441681908459,0.5149257042708619,0.08630171937367258,-0.019119281916239683
AEM,cost_fx,confirmation,daily,1694,0.5397520947994229,0.5412669812438249,0.017152036230069657,0.13038458925191232
AEM,cost_fx,confirmation,monthly,81,0.5336108480629175,0.550529478332569,0.0875335572679644,-0.009344938682782411
AEM,cost_fx,recent,daily,938,0.6239852202189891,0.6295638576217459,0.014288120494220872,0.06397426235707127
AEM,cost_fx,recent,monthly,45,0.6191155487902509,0.6397146883537881,0.07455844873155137,-0.009108226472659409
AEM,market_calls,full,daily,3813,0.5225071127603733,0.5225769357805395,0.01812096688711092,0.09410788210549126
AEM,market_calls,full,monthly,182,0.5510508837197887,0.5531465964894042,0.08286539846076967,0.018887433612703175
AEM,market_calls,confirmation,daily,1694,0.540491687443228,0.5414144072150456,0.017138249507731913,0.1311241818957174
AEM,market_calls,confirmation,monthly,81,0.6046362225849142,0.6316507976366591,0.0805932736006857,0.06168043583921434
AEM,market_calls,recent,daily,938,0.6167641708419429,0.6212084630840552,0.014424663764178981,0.056753212980025114
AEM,market_calls,recent,monthly,45,0.6269344814101954,0.6457328559329311,0.07378919911401022,-0.0012892938527149234
AEM,v4_gold_quarterly,full,daily,3813,0.45194111486264876,0.46304944374171386,0.019413843524400582,0.023541884207766706
AEM,v4_gold_quarterly,full,monthly,182,0.5485202844548991,0.5497367984309433,0.08309861469295253,0.016356834347813543
AEM,v4_gold_quarterly,confirmation,daily,1694,0.4647826247941186,0.5219336554091945,0.018496300690871728,0.055415119246608024
AEM,v4_gold_quarterly,confirmation,monthly,81,0.5889364408248975,0.5909267593546487,0.08217786368264506,0.0459806540791976
AEM,v4_gold_quarterly,recent,daily,938,0.5569545189979843,0.607013370459876,0.015509464452522041,-0.003056438863933475
AEM,v4_gold_quarterly,recent,monthly,45,0.6476382225927233,0.6483278309776471,0.07171246279004569,0.01941444732981301
AEM,v4_gold_silver_quarterly,full,daily,3813,0.42839923065488206,0.4528444618308036,0.019826420629121867,0.0
AEM,v4_gold_silver_quarterly,full,monthly,182,0.5321634501070855,0.5420490577159848,0.08459052816476553,0.0
AEM,v4_gold_silver_quarterly,confirmation,daily,1694,0.40936750554751056,0.5102080267184571,0.019430252456649307,0.0
AEM,v4_gold_silver_quarterly,confirmation,monthly,81,0.5429557867456999,0.5678635396987121,0.0866521744199571,0.0
AEM,v4_gold_silver_quarterly,recent,daily,938,0.5600109578619178,0.6231306282171627,0.015455874278116026,0.0
AEM,v4_gold_silver_quarterly,recent,monthly,45,0.6282237752629103,0.6299454814975416,0.07366158305923151,0.0
AEM,v4_gold_silver_options_quarterly,full,daily,3813,0.38430023522198553,0.4179113078916171,0.020577016568031927,-0.044098995432896526
AEM,v4_gold_silver_options_quarterly,full,monthly,182,0.5086925922643948,0.521440101160652,0.08668647009015872,-0.023470857842690762
AEM,v4_gold_silver_options_quarterly,confirmation,daily,1694,0.40652519754285477,0.5082630436623767,0.01947694856623746,-0.0028423080046557914
AEM,v4_gold_silver_options_quarterly,confirmation,monthly,81,0.540795930555237,0.566526768928241,0.08685667941043301,-0.0021598561904628832
AEM,v4_gold_silver_options_quarterly,recent,daily,938,0.5573795095597373,0.6221799968587299,0.015502023955165912,-0.002631448302180539
AEM,v4_gold_silver_options_quarterly,recent,monthly,45,0.6237422778801673,0.6258760859588408,0.07410422206909323,-0.004481497382742949
AEM,calls_3atm_raw,full,daily,3813,0.510425586250697,0.5105974542360672,0.018348783216703222,0.08202635559581495
AEM,calls_3atm_raw,full,monthly,182,0.5714479388487832,0.5770301944010803,0.08096111051701911,0.039284488741697654
AEM,calls_3atm_raw,confirmation,daily,1694,0.5366979339506279,0.5379661929898137,0.01720885176199682,0.12733042840311737
AEM,calls_3atm_raw,confirmation,monthly,81,0.5918940894527494,0.6140394534835991,0.08188169047639131,0.048938302707049464
AEM,calls_3atm_raw,recent,daily,938,0.6096905093592515,0.6151103204891502,0.014557178318091465,0.04967955149733372
AEM,calls_3atm_raw,recent,monthly,45,0.6227819236671983,0.6399700481716225,0.0741987330181168,-0.005441851595711977
AEM,calls_12itm_raw,full,daily,3813,0.5090229749130352,0.5095264473736258,0.018375048686977966,0.08062374425815311
AEM,calls_12itm_raw,full,monthly,182,0.5623569066391454,0.5678376145582824,0.08181533293796274,0.030193456532059848
AEM,calls_12itm_raw,confirmation,daily,1694,0.5331521486384829,0.534837932803894,0.017274578416462443,0.12378464309097237
AEM,calls_12itm_raw,confirmation,monthly,81,0.58870522607002,0.6079038844781561,0.08220097210840399,0.045749439324320074
AEM,calls_12itm_raw,recent,daily,938,0.6101746297046025,0.6155907477740193,0.014548147519406458,0.050163671842684665
AEM,calls_12itm_raw,recent,monthly,45,0.624444007623115,0.6415201632289323,0.07403508673694534,-0.0037797676397952618
AEM,calls_24itm_raw,full,daily,3813,0.5092330893292956,0.5096669753828021,0.018371116450248606,0.0808338586744135
AEM,calls_24itm_raw,full,monthly,182,0.5620409831803556,0.5674988548181275,0.0818448578183916,0.029877533073270013
AEM,calls_24itm_raw,confirmation,daily,1694,0.532969811911022,0.534779191847108,0.017277951552479104,0.12360230636351144
AEM,calls_24itm_raw,confirmation,monthly,81,0.5871756061923046,0.6051731139052056,0.08235368442249347,0.04421981944660469
AEM,calls_24itm_raw,recent,daily,938,0.6123691329596144,0.6179543165703093,0.014507140676535373,0.05235817509769658
AEM,calls_24itm_raw,recent,monthly,45,0.6218058836525747,0.6372147460176006,0.07429466445775869,-0.006417891610335569
AEM,calls_12atm_raw,full,daily,3813,0.5087567926803872,0.509089365022329,0.018380029010381757,0.08035756202550515
AEM,calls_12atm_raw,full,monthly,182,0.567210807438812,0.5722692121361256,0.08136036085059656,0.03504735733172648
AEM,calls_12atm_raw,confirmation,daily,1694,0.5323006533611712,0.5341085736493225,0.017290325003790696,0.1229331478136606
AEM,calls_12atm_raw,confirmation,monthly,81,0.5910027816930854,0.6113496707873488,0.08197105696118345,0.04804699494738551
AEM,calls_12atm_raw,recent,daily,938,0.6099734418154765,0.6154324016195315,0.014551901166254105,0.049962483953558734
AEM,calls_12atm_raw,recent,monthly,45,0.6209650115286178,0.6378981125659348,0.07437721151905695,-0.007258763734292462
AEM,market_calls_raw,full,daily,3813,0.5177186229529243,0.5182318980085172,0.018211602376490176,0.0893193922980422
AEM,market_calls_raw,full,monthly,182,0.5454554479411684,0.5470882232970258,0.08338019202120797,0.013291997834082858
AEM,market_calls_raw,confirmation,daily,1694,0.538261399393392,0.5394247885082,0.017179790611330997,0.12889389384588146
AEM,market_calls_raw,confirmation,monthly,81,0.6069921281062514,0.6331757272019809,0.0803527940145804,0.06403634136055147
AEM,market_calls_raw,recent,daily,938,0.6153193170075004,0.6198335355683057,0.01445182970512434,0.05530835914558263
AEM,market_calls_raw,recent,monthly,45,0.62946115885293,0.6484470236232518,0.07353889688914676,0.0012373835900196806
AEM,adaptive_metals,full,daily,3813,0.5073583698955023,0.5082583523403678,0.018406171646792237,0.07895913924062026
AEM,adaptive_metals,full,monthly,182,0.5659519897555693,0.569176253042531,0.08147859797072327,0.03378853964848372
AEM,adaptive_metals,confirmation,daily,1694,0.5360571947126433,0.5380838362666124,0.017220747431882413,0.1266896891651328
AEM,adaptive_metals,confirmation,monthly,81,0.5938524495837536,0.6132034806257718,0.08168499316370806,0.05089666283805372
AEM,adaptive_metals,recent,daily,938,0.6066538215450159,0.6121973659149635,0.014613697513447672,0.04664286368309811
AEM,adaptive_metals,recent,monthly,45,0.6186271830022854,0.6346152205171215,0.07460623242451384,-0.009596592260624925
AEM,metals_ewq_cap1,full,daily,3813,0.5120690646761514,0.5121659814583661,0.018317959322522986,0.08366983402126937
AEM,metals_ewq_cap1,full,monthly,182,0.5734779071716294,0.5792246608302698,0.08076913433871835,0.04131445706454384
AEM,metals_ewq_cap1,confirmation,daily,1694,0.5380009525365193,0.538967005188353,0.017184635118245962,0.1286334469890087
AEM,metals_ewq_cap1,confirmation,monthly,81,0.5916440874392368,0.6151611859757639,0.08190676663051616,0.04868830069353691
AEM,metals_ewq_cap1,recent,daily,938,0.6103683064844911,0.6155409743930703,0.014544533095310275,0.05035734862257335
AEM,metals_ewq_cap1,recent,monthly,45,0.6233737429289892,0.6409462054777668,0.0741405047952237,-0.004850032333921117
AEM,metals_stale_cap1,full,daily,3813,0.5059590716306159,0.5060400376496966,0.018432293536699285,0.07755984097573387
AEM,metals_stale_cap1,full,monthly,182,0.5721000628882802,0.578279556732443,0.08089948814766872,0.03993661278119465
AEM,metals_stale_cap1,confirmation,daily,1694,0.5303848766874679,0.5333328909935846,0.017325700881531486,0.12101737113995736
AEM,metals_stale_cap1,confirmation,monthly,81,0.6007466733297335,0.6218755406898095,0.08098873762530555,0.05779088658403364
AEM,metals_stale_cap1,recent,daily,938,0.6056200639942602,0.6169024688706614,0.014632888125006602,0.04560910613234237
AEM,metals_stale_cap1,recent,monthly,45,0.6344356177825845,0.6485715789551441,0.07304360158241534,0.0062118425196742155
B,gold_stale,full,daily,3813,0.5181828337404063,0.5183748436607366,0.017519552347855752,0.03332599446841855
B,gold_stale,full,monthly,182,0.5263950049661331,0.5303811361888651,0.08443732135038454,0.03108767566341608
B,gold_stale,confirmation,daily,1694,0.5403569338790554,0.5417930043945154,0.01642403343652286,0.04022932999708928
B,gold_stale,confirmation,monthly,81,0.5462799461493231,0.5472519157473689,0.07334446687810137,0.027337115370852372
B,gold_stale,recent,daily,938,0.5267600429300624,0.5308557246075475,0.01617115453014031,0.061066801986569
B,gold_stale,recent,monthly,45,0.5843543786342109,0.5880730796019892,0.0701597723917147,-0.0028146887165204637
B,gold_recent,full,daily,3813,0.5200932649472884,0.5202907281714526,0.017484784862061616,0.03523642567530061
B,gold_recent,full,monthly,182,0.5311847820636746,0.5353673561618976,0.08400926029114396,0.03587745276095755
B,gold_recent,confirmation,daily,1694,0.541449616053996,0.5427429118754257,0.016404499880776694,0.04132201217202991
B,gold_recent,confirmation,monthly,81,0.5504763662963621,0.5517421919115385,0.0730045004451754,0.0315335355178914
B,gold_recent,recent,daily,938,0.5267913453390776,0.5307130023598704,0.016170619701607093,0.06109810439558416
B,gold_recent,recent,monthly,45,0.5885380059109415,0.59278572816571,0.06980578733103623,0.0013689385602101423
B,metals_504q,full,daily,3813,0.5286047865546604,0.5286347921004854,0.01732903802649845,0.04374794728267262
B,metals_504q,full,monthly,182,0.5489719337028248,0.5532782406560194,0.08240016745533375,0.053664604400107785
B,metals_504q,confirmation,daily,1694,0.5561546994553379,0.5596906883492259,0.016139321648974872,0.05602709557337182
B,metals_504q,confirmation,monthly,81,0.5754518743722261,0.5766883768104929,0.0709474568547011,0.056509043593755415
B,metals_504q,recent,daily,938,0.552385909265216,0.56191309014039,0.015727228577908942,0.08669266832172262
B,metals_504q,recent,monthly,45,0.6473643088755985,0.6530072701823616,0.06462338453230243,0.060195241524867105
B,metals_504m,full,daily,3813,0.5301297860336982,0.5301609444225197,0.017300984939611155,0.04527294676171045
B,metals_504m,full,monthly,182,0.5556035585895189,0.559768953416575,0.08179214480995181,0.060296229286801895
B,metals_504m,confirmation,daily,1694,0.5574312470092184,0.5609292735449116,0.016116095711098927,0.057303643127252335
B,metals_504m,confirmation,monthly,81,0.5793744170074698,0.5808984772070573,0.07061894259650212,0.060431586228999135
B,metals_504m,recent,daily,938,0.5553697521140236,0.5632430151428857,0.015674721242569637,0.08967651117053022
B,metals_504m,recent,monthly,45,0.6424003087199226,0.648826993721805,0.06507664188200543,0.05523124136919122
B,metals_252q,full,daily,3813,0.5371439783714944,0.5372390478494117,0.01717136538732577,0.05228713909950666
B,metals_252q,full,monthly,182,0.5777366654593492,0.5799338755796428,0.07972930839875818,0.08242933615663217
B,metals_252q,confirmation,daily,1694,0.5556251832516107,0.5575370793544672,0.01614894604394178,0.05549757936964461
B,metals_252q,confirmation,monthly,81,0.5807403213325394,0.5819679330669865,0.07050418833710219,0.06179749055406869
B,metals_252q,recent,daily,938,0.5448574955617385,0.5521768838048264,0.015858935088356306,0.07916425461824506
B,metals_252q,recent,monthly,45,0.6472799083607809,0.6538086491043701,0.06463111761313142,0.06011084101004949
B,metals_126q,full,daily,3813,0.5385333206640055,0.5386221617422075,0.01714557460940435,0.05367648139201775
B,metals_126q,full,monthly,182,0.5691009760416601,0.5713126912443321,0.08054045255963188,0.07379364673894306
B,metals_126q,confirmation,daily,1694,0.5523558827958823,0.5534512389841783,0.01620824171576506,0.05222827891391624
B,metals_126q,confirmation,monthly,81,0.5731242248306144,0.5758032735766825,0.07114168110333388,0.05418139405214373
B,metals_126q,recent,daily,938,0.5398715873254007,0.5455364360108735,0.015945562709202273,0.07417834638190735
B,metals_126q,recent,monthly,45,0.647901611486275,0.6592233655101603,0.06457413320781828,0.06073254413554363
B,metals_ewq,full,daily,3813,0.5368165150027868,0.5368632365247387,0.017177438549064138,0.05195967573079907
B,metals_ewq,full,monthly,182,0.5643968354590552,0.5685539151110933,0.08097889074612205,0.06908950615633813
B,metals_ewq,confirmation,daily,1694,0.5572794806762675,0.5591065374103991,0.016118858751960615,0.05715187679430145
B,metals_ewq,confirmation,monthly,81,0.5829215330414261,0.5849836771425243,0.07032054904597128,0.06397870226295543
B,metals_ewq,recent,daily,938,0.5486122592201722,0.5554946550900158,0.0157933843309444,0.0829190182766788
B,metals_ewq,recent,monthly,45,0.6509364370559155,0.6591885055204412,0.06429524050592991,0.06376736970518415
B,metals_ewm,full,daily,3813,0.5397351771309871,0.5397685982128458,0.01712323285083943,0.054878337858999315
B,metals_ewm,full,monthly,182,0.5688545378729718,0.5720636234278519,0.08056348046577552,0.07354720857025476
B,metals_ewm,confirmation,daily,1694,0.5579514813919297,0.5597828636471104,0.016106620785041496,0.05782387750996365
B,metals_ewm,confirmation,monthly,81,0.5809301074528315,0.5830702697703112,0.07048822897867409,0.06198727667436077
B,metals_ewm,recent,daily,938,0.5528804076367104,0.5574561509468463,0.01571853890728795,0.08718716669321702
B,metals_ewm,recent,monthly,45,0.634316083511401,0.6422596342167187,0.06580812186010536,0.04714701616066963
B,metals_blend,full,daily,3813,0.5392177502122311,0.5392687605833569,0.01713285506448266,0.05436091094024331
B,metals_blend,full,monthly,182,0.5643210479297445,0.5683337758673407,0.08098593491342515,0.06901371862702743
B,metals_blend,confirmation,daily,1694,0.5569901921630795,0.5588570251264584,0.01612412419481616,0.05686258828111346
B,metals_blend,confirmation,monthly,81,0.5768981412121861,0.578856248350069,0.07082650885825344,0.05795531043371538
B,metals_blend,recent,daily,938,0.5480603920328433,0.5552006463728788,0.01580303588705336,0.08236715108934989
B,metals_blend,recent,monthly,45,0.6494154733422584,0.6580190891655228,0.06443516406781359,0.062246405991526976
B,calls_3atm,full,daily,3813,0.5359007750810774,0.5359277323578168,0.01719441054786163,0.05104393580908961
B,calls_3atm,full,monthly,182,0.5641533256320268,0.5678851269591941,0.08100152189554294,0.06884599632930977
B,calls_3atm,confirmation,daily,1694,0.5570097907322552,0.5590677442133483,0.016123767528605896,0.05688218685028912
B,calls_3atm,confirmation,monthly,81,0.5806054654808863,0.582316579847839,0.07051552634360539,0.06166263470241562
B,calls_3atm,recent,daily,938,0.5477052691713781,0.5549338901986727,0.015809243483391335,0.08201202822788467
B,calls_3atm,recent,monthly,45,0.6507693922061721,0.6588497674248235,0.06431062295386185,0.06360032485544076
B,calls_12itm,full,daily,3813,0.5354596932577913,0.5354736272486609,0.017202579426846443,0.05060285398580355
B,calls_12itm,full,monthly,182,0.5561085987652526,0.5588887601253908,0.08174565471872092,0.06080126946253561
B,calls_12itm,confirmation,daily,1694,0.5550683609044573,0.557378866680281,0.016159060567297642,0.05494075702249124
B,calls_12itm,confirmation,monthly,81,0.5633689321162474,0.5642842268256434,0.07194998135344466,0.04442610133777669
B,calls_12itm,recent,daily,938,0.5480033851995395,0.5552650927578536,0.01580403253860763,0.0823101442560461
B,calls_12itm,recent,monthly,45,0.6459687835262808,0.6524008301202877,0.0647511290094291,0.058799716175549466
B,calls_24itm,full,daily,3813,0.5348697141308085,0.534882953621186,0.017213499838121482,0.05001287485882078
B,calls_24itm,full,monthly,182,0.553208476663867,0.5557317720171397,0.0820122586860886,0.05790114736114993
B,calls_24itm,confirmation,daily,1694,0.5539012692507106,0.5564128459037888,0.016180239948599184,0.053773665368744505
B,calls_24itm,confirmation,monthly,81,0.5559761533454011,0.5566677218696421,0.07255653193731872,0.03703332256693037
B,calls_24itm,recent,daily,938,0.5482974821689552,0.5556147480012429,0.015798890161182903,0.08260424122546184
B,calls_24itm,recent,monthly,45,0.6445048739147878,0.6503515065245508,0.06488486299876557,0.05733580656405646
B,calls_12atm,full,daily,3813,0.5347569084024758,0.5347799094547996,0.017215587063708612,0.049900069130488056
B,calls_12atm,full,monthly,182,0.557815207268351,0.5608330510342354,0.08158836154156364,0.06250787796563395
B,calls_12atm,confirmation,daily,1694,0.5542530458112329,0.5567983464364866,0.016173859128280735,0.054125441929266827
B,calls_12atm,confirmation,monthly,81,0.5656314821730288,0.5669081398493048,0.07176332277273391,0.046688651394558134
B,calls_12atm,recent,daily,938,0.5468322551777185,0.554224919846527,0.015824493536403403,0.0811390142342251
B,calls_12atm,recent,monthly,45,0.6498085168590944,0.6576539732662727,0.06439903451302488,0.06263944950836298
B,market_q,full,daily,3813,0.5526223431491926,0.5528659227019765,0.016881810300102492,0.06776550387720481
B,market_q,full,monthly,182,0.5598993135093677,0.5650993276306371,0.08139586323920671,0.06459198420665069
B,market_q,confirmation,daily,1694,0.5707901702409011,0.5722989923858,0.0158710000792354,0.07066256635893498
B,market_q,confirmation,monthly,81,0.593344879349827,0.5983787085000565,0.06943628728763764,0.07440204857135635
B,market_q,recent,daily,938,0.5695627203513278,0.5744699510522646,0.015422517193131122,0.10386947940783442
B,market_q,recent,monthly,45,0.655240446869463,0.6707303908260736,0.06389762571801433,0.06807137951873166
B,market_m,full,daily,3813,0.5567834830501264,0.5569333786013836,0.016803116512216,0.07192664377813862
B,market_m,full,monthly,182,0.560685314164382,0.564336580892649,0.08132314602420723,0.06537798486166502
B,market_m,confirmation,daily,1694,0.5759420269891324,0.5779079595302268,0.01577546177143341,0.07581442310716635
B,market_m,confirmation,monthly,81,0.59336508223477,0.5976704623083906,0.06943456244676474,0.07442225145629933
B,market_m,recent,daily,938,0.5769410058545771,0.5803789215339484,0.015289764290738592,0.11124776491108368
B,market_m,recent,monthly,45,0.6447740317646091,0.6587689092679121,0.06486029504285824,0.057604964413877746
B,market_rates,full,daily,3813,0.551183232543931,0.5514467859427079,0.016908940941903917,0.06632639327194323
B,market_rates,full,monthly,182,0.5574859010522009,0.562880834045344,0.08161873634717358,0.062178571749483824
B,market_rates,confirmation,daily,1694,0.5693527860875381,0.5707728590853683,0.015897553124993465,0.06922518220557206
B,market_rates,confirmation,monthly,81,0.5989940288135844,0.6046155783422572,0.06895230495186033,0.08005119803511374
B,market_rates,recent,daily,938,0.5693133126841166,0.5739707736937028,0.015426984669795803,0.10362007174062315
B,market_rates,recent,monthly,45,0.6567156499316933,0.6731827408350675,0.06376077233171525,0.06954658258096191
B,cost_fx,full,daily,3813,0.5506135239335812,0.5506957444858066,0.016919669277943535,0.06575668466159346
B,cost_fx,full,monthly,182,0.539437826064996,0.5423400454652814,0.08326652561145376,0.04413049676227898
B,cost_fx,confirmation,daily,1694,0.56755127133772,0.5694287176231384,0.015930770322396766,0.0674236674557539
B,cost_fx,confirmation,monthly,81,0.5734822470926546,0.5760223399581244,0.07111184145228548,0.05453941631418391
B,cost_fx,recent,daily,938,0.5724259332241246,0.5777373676445916,0.01537113731696752,0.1067326922806312
B,cost_fx,recent,monthly,45,0.6740417107591172,0.6892259701852834,0.06213089095909985,0.08687264340838585
B,market_calls,full,daily,3813,0.5501216417776138,0.5502986013737134,0.016928926573967246,0.06526480250562605
B,market_calls,full,monthly,182,0.5540542851079198,0.5582288413119739,0.08193459436456921,0.05874695580520273
B,market_calls,confirmation,daily,1694,0.5679267643949955,0.5694656953749541,0.01592385251650135,0.06779916051302937
B,market_calls,confirmation,monthly,81,0.5886054816716171,0.5926160006106449,0.0698397408140464,0.06966265089314638
B,market_calls,recent,daily,938,0.5690729910817204,0.573931990833429,0.015431288170165355,0.10337975013822698
B,market_calls,recent,monthly,45,0.6557979516748783,0.6693488539648306,0.06384594093342193,0.06862888432414693
B,v4_gold_quarterly,full,daily,3813,0.49937515484548123,0.5008946450344433,0.01785821593910186,0.014518315573493479
B,v4_gold_quarterly,full,monthly,182,0.5006123867231023,0.5012662200182535,0.0867052097951213,0.0053050574203852285
B,v4_gold_quarterly,confirmation,daily,1694,0.5198049176168267,0.5348132668354052,0.01678720206896543,0.01967731373486059
B,v4_gold_quarterly,confirmation,monthly,81,0.49619647096824293,0.5071805857957105,0.07728655891544457,-0.022746359810227768
B,v4_gold_quarterly,recent,daily,938,0.5018747511264343,0.524960276492911,0.016590886868684616,0.03618151018294091
B,v4_gold_quarterly,recent,monthly,45,0.5457534210329422,0.5489234495375992,0.07334531855852727,-0.041415646317789157
B,v4_gold_silver_quarterly,full,daily,3813,0.48485683927198775,0.49406897937477795,0.018115312892953934,0.0
B,v4_gold_silver_quarterly,full,monthly,182,0.49530732930271704,0.4962515861707995,0.08716453332878583,0.0
B,v4_gold_silver_quarterly,confirmation,daily,1694,0.5001276038819661,0.5391678111772606,0.017127699761977724,0.0
B,v4_gold_silver_quarterly,confirmation,monthly,81,0.5189428307784707,0.5347010178240731,0.07552169251174642,0.0
B,v4_gold_silver_quarterly,recent,daily,938,0.4656932409434934,0.5423426804074709,0.017182868169907304,0.0
B,v4_gold_silver_quarterly,recent,monthly,45,0.5871690673507314,0.5965238969954163,0.06992181321576688,0.0
B,v4_gold_silver_options_quarterly,full,daily,3813,0.4707978599239826,0.4829271780605884,0.018360845087795702,-0.014058979348005152
B,v4_gold_silver_options_quarterly,full,monthly,182,0.4933308451216971,0.49460966721405625,0.08733504400794476,-0.001976484181019922
B,v4_gold_silver_options_quarterly,confirmation,daily,1694,0.4913208073797841,0.536524823882333,0.017277919675624295,-0.008806796502181968
B,v4_gold_silver_options_quarterly,confirmation,monthly,81,0.5143835892922222,0.5338677581428232,0.0758787287101872,-0.004559241486248533
B,v4_gold_silver_options_quarterly,recent,daily,938,0.4526944702256378,0.5397942332319977,0.01739062707331425,-0.012998770717855601
B,v4_gold_silver_options_quarterly,recent,monthly,45,0.5878294529272681,0.5998532854326223,0.06986586556966934,0.0006603855765366928
B,calls_3atm_raw,full,daily,3813,0.5346334399571189,0.5346550009905665,0.017217871289743867,0.04977660068513112
B,calls_3atm_raw,full,monthly,182,0.5655514339275728,0.5688664856103268,0.08087149926115107,0.07024410462485575
B,calls_3atm_raw,confirmation,daily,1694,0.5570932160616437,0.5592196503019402,0.01612224921745059,0.05696561217967766
B,calls_3atm_raw,confirmation,monthly,81,0.5800921403792937,0.5815589451548862,0.07055866748805972,0.06114930960082299
B,calls_3atm_raw,recent,daily,938,0.5474909765151312,0.5548862184455967,0.01581298816950701,0.08179773557163783
B,calls_3atm_raw,recent,monthly,45,0.651473730890787,0.6594291534958026,0.06424573843280508,0.0643046635400556
B,calls_12itm_raw,full,daily,3813,0.5341104073666287,0.5341290122011919,0.01722754428696841,0.04925356809464099
B,calls_12itm_raw,full,monthly,182,0.551448196288827,0.5534029712476104,0.08217365684225608,0.05614086698610998
B,calls_12itm_raw,confirmation,daily,1694,0.5545999931492144,0.5568672929333659,0.01616756343779331,0.05447238926724829
B,calls_12itm_raw,confirmation,monthly,81,0.5557758388181481,0.5565429727614709,0.07257289647343687,0.03683300803967737
B,calls_12itm_raw,recent,daily,938,0.5488454834161915,0.5557959285265421,0.015789303720262885,0.08315224247269815
B,calls_12itm_raw,recent,monthly,45,0.6424003957157589,0.647572506302639,0.06507663396617472,0.05523132836502753
B,calls_24itm_raw,full,daily,3813,0.5330010688348261,0.5330369192400142,0.017248042508022043,0.04814422956283837
B,calls_24itm_raw,full,monthly,182,0.5507044434156361,0.5527219006154893,0.0822417555312623,0.05539711411291903
B,calls_24itm_raw,confirmation,daily,1694,0.55158501397847,0.5545744244669105,0.016222191473217493,0.05145741009650395
B,calls_24itm_raw,confirmation,monthly,81,0.5493162057964496,0.5499117598035859,0.07309864717509029,0.030373375017978876
B,calls_24itm_raw,recent,daily,938,0.5470174406617254,0.5549564095506853,0.015821259892823614,0.08132419971823202
B,calls_24itm_raw,recent,monthly,45,0.6455362730423717,0.6507730646422846,0.06479066929945687,0.058367205691640334
B,calls_12atm_raw,full,daily,3813,0.5324232755608895,0.5324832778217421,0.017258709258681452,0.04756643628890178
B,calls_12atm_raw,full,monthly,182,0.5554838548340935,0.5578692340028216,0.08180315993828549,0.060176525531376424
B,calls_12atm_raw,confirmation,daily,1694,0.5520651314977593,0.5551110130955632,0.016213504604482232,0.05193752761579318
B,calls_12atm_raw,confirmation,monthly,81,0.5575718945193874,0.558686865104134,0.07242603707983587,0.03862906374091668
B,calls_12atm_raw,recent,daily,938,0.5457231711260639,0.5536003162795996,0.01584384615838853,0.08002993018257054
B,calls_12atm_raw,recent,monthly,45,0.6502040929923296,0.657744336315751,0.06436265167619448,0.06303502564159824
B,market_calls_raw,full,daily,3813,0.5448926415762494,0.5449729594024699,0.017027026003359196,0.06003580230426164
B,market_calls_raw,full,monthly,182,0.5532356390131166,0.5561383666513116,0.08200976571189944,0.05792830971039953
B,market_calls_raw,confirmation,daily,1694,0.561123214288276,0.5637196565874154,0.016048733626273577,0.060995610406309964
B,market_calls_raw,confirmation,monthly,81,0.5940493360080209,0.5962597984584447,0.06937611829575135,0.0751065052295502
B,market_calls_raw,recent,daily,938,0.5584245685209572,0.5665455117885507,0.015620782126979602,0.09273132757746383
B,market_calls_raw,recent,monthly,45,0.6700423967236648,0.6813613258595173,0.06251088345249527,0.08287332937293346
B,adaptive_metals,full,daily,3813,0.537375009416371,0.537447726789136,0.017167079374543398,0.0525181701443832
B,adaptive_metals,full,monthly,182,0.5648359896779858,0.5673985462993069,0.08093806093591463,0.06952866037526872
B,adaptive_metals,confirmation,daily,1694,0.5569600844974598,0.559782658111388,0.016124672096333465,0.05683248061549373
B,adaptive_metals,confirmation,monthly,81,0.5768187915366669,0.5782377021149052,0.07083315004512566,0.05787596075819623
B,adaptive_metals,recent,daily,938,0.5486145495477093,0.5574300463145391,0.01579334426331999,0.08292130860421587
B,adaptive_metals,recent,monthly,45,0.6505162883393781,0.6571923792978359,0.06433392320135599,0.06334722098864676
B,metals_ewq_cap1,full,daily,3813,0.5368165150027868,0.5368632365247387,0.017177438549064138,0.05195967573079907
B,metals_ewq_cap1,full,monthly,182,0.5643968354590552,0.5685539151110933,0.08097889074612205,0.06908950615633813
B,metals_ewq_cap1,confirmation,daily,1694,0.5572794806762675,0.5591065374103991,0.016118858751960615,0.05715187679430145
B,metals_ewq_cap1,confirmation,monthly,81,0.5829215330414261,0.5849836771425243,0.07032054904597128,0.06397870226295543
B,metals_ewq_cap1,recent,daily,938,0.5486122592201722,0.5554946550900158,0.0157933843309444,0.0829190182766788
B,metals_ewq_cap1,recent,monthly,45,0.6509364370559155,0.6591885055204412,0.06429524050592991,0.06376736970518415
B,metals_stale_cap1,full,daily,3813,0.5243968194884668,0.52442744902948,0.017406211074880686,0.03953998021647909
B,metals_stale_cap1,full,monthly,182,0.5418643923937045,0.545673174547444,0.08304688253175777,0.046557063090987505
B,metals_stale_cap1,confirmation,daily,1694,0.5505855771195143,0.555291673915841,0.016240259593874713,0.05045797323754819
B,metals_stale_cap1,confirmation,monthly,81,0.5630788086305317,0.5640945547978844,0.07197388129384207,0.044135977852061026
B,metals_stale_cap1,recent,daily,938,0.5458731217593353,0.5583171166487918,0.01584123102296815,0.08017988081584193
B,metals_stale_cap1,recent,monthly,45,0.6417856483995372,0.6465284524033581,0.06513254637069055,0.054616581048805846
AU,gold_stale,full,daily,3813,0.4613821400314615,0.4615198776659268,0.02350932747581206,0.06404827733937168
AU,gold_stale,full,monthly,182,0.5676341986286905,0.5921717675245047,0.10485785622765953,0.03487371763518288
AU,gold_stale,confirmation,daily,1694,0.4802309236432225,0.4821125941327476,0.02417745823493247,0.12038070004368073
AU,gold_stale,confirmation,monthly,81,0.5465703955246634,0.555044661039872,0.10796982086169536,0.09602516084176627
AU,gold_stale,recent,daily,938,0.5294919833518433,0.5319490639649783,0.021747488990796808,0.11624124881052822
AU,gold_stale,recent,monthly,45,0.6048086236416437,0.6393218506661886,0.10286435705145078,0.0072624037287695176
AU,gold_recent,full,daily,3813,0.46352501106298405,0.46368525392428955,0.023462515378873578,0.06619114837089424
AU,gold_recent,full,monthly,182,0.5701320737012634,0.5954607466252818,0.10455452370630061,0.03737159270775581
AU,gold_recent,confirmation,daily,1694,0.4805440894803239,0.4821971324380658,0.024170173562643654,0.12069386588078213
AU,gold_recent,confirmation,monthly,81,0.5452154570866867,0.5545205310619229,0.10813101824953306,0.09467022240378964
AU,gold_recent,recent,daily,938,0.530941050652805,0.5330951152835915,0.02171397428401535,0.11769031611148983
AU,gold_recent,recent,monthly,45,0.6075533695459203,0.644031981942947,0.10250651970783568,0.010007149633046164
AU,metals_504q,full,daily,3813,0.46802037528617246,0.46805457867929073,0.023364007120858635,0.07068651259408265
AU,metals_504q,full,monthly,182,0.571619493452538,0.5958054109508771,0.10437347830135757,0.03885901245903045
AU,metals_504q,confirmation,daily,1694,0.4849785800698818,0.4878204900419938,0.024066784482522603,0.12512835647034004
AU,metals_504q,confirmation,monthly,81,0.5537509163499841,0.5632922023509926,0.10711150303062798,0.10320568166708699
AU,metals_504q,recent,daily,938,0.5424251578772277,0.5462907626201495,0.021446512264945865,0.12917442333591256
AU,metals_504q,recent,monthly,45,0.6105443291854726,0.6446314133875526,0.10211515533324282,0.01299810927259848
AU,metals_504m,full,daily,3813,0.4666125000412794,0.4666949077294888,0.023394902921537626,0.0692786373491896
AU,metals_504m,full,monthly,182,0.5805089692128811,0.604544276977294,0.1032848555701709,0.0477484882193735
AU,metals_504m,confirmation,daily,1694,0.47739196635623793,0.48276042331611785,0.024243396460109288,0.11754174275669615
AU,metals_504m,confirmation,monthly,81,0.5635925708456967,0.5735832440848493,0.10592379020589404,0.1130473361627996
AU,metals_504m,recent,daily,938,0.5377539611161192,0.5431765153399974,0.021555703690784203,0.12450322657480406
AU,metals_504m,recent,monthly,45,0.6159987165220188,0.6484069464505714,0.10139756465319384,0.01845249660914461
AU,metals_252q,full,daily,3813,0.4747550561210059,0.47489394693954257,0.02321564588891811,0.07742119342891607
AU,metals_252q,full,monthly,182,0.5972916161907085,0.6196387524875594,0.10119770006115221,0.06453113519720088
AU,metals_252q,confirmation,daily,1694,0.4817721140097456,0.484923643669077,0.024141586796736406,0.12192189041020385
AU,metals_252q,confirmation,monthly,81,0.5610339965917039,0.5727921469613105,0.10623384200476192,0.11048876190880685
AU,metals_252q,recent,daily,938,0.5314179891318526,0.5354464498417887,0.02170293210714959,0.11816725459053745
AU,metals_252q,recent,monthly,45,0.6120346994987095,0.6486649353242437,0.1019195807320208,0.014488479585835323
AU,metals_126q,full,daily,3813,0.47224319941711834,0.4725292832756015,0.023271091280687786,0.07490933672502853
AU,metals_126q,full,monthly,182,0.6049724279533041,0.6280828693227354,0.10022798781569518,0.07221194695979649
AU,metals_126q,confirmation,daily,1694,0.4829413094373105,0.48541781670980844,0.024114338001139903,0.12309108583776873
AU,metals_126q,confirmation,monthly,81,0.5614044775296638,0.5771102346132182,0.10618900263116213,0.11085924284676674
AU,metals_126q,recent,daily,938,0.5317260919835098,0.5343816897788873,0.021695795859228886,0.11847535744219473
AU,metals_126q,recent,monthly,45,0.5946643041875133,0.632748545357172,0.10417622406446114,-0.002881915725360895
AU,metals_ewq,full,daily,3813,0.4737985724560777,0.47382242974431404,0.023236774398940698,0.07646470976398789
AU,metals_ewq,full,monthly,182,0.5885108957444947,0.6156855436965795,0.10229501652336358,0.055750414750987076
AU,metals_ewq,confirmation,daily,1694,0.485628482629774,0.48760278330700835,0.02405159482079568,0.1257782590302322
AU,metals_ewq,confirmation,monthly,81,0.5606533972849626,0.5753204509359419,0.10627988630658647,0.11010816260206546
AU,metals_ewq,recent,daily,938,0.5396864983049203,0.5419459238372255,0.021510596944172785,0.1264357637636052
AU,metals_ewq,recent,monthly,45,0.6120415452671067,0.6539442703732783,0.10191868152670293,0.014495325354232591
AU,metals_ewm,full,daily,3813,0.47147692510925543,0.4716142493972634,0.023287979335233425,0.07414306241716562
AU,metals_ewm,full,monthly,182,0.5939909483704782,0.6186432507035923,0.10161157071116585,0.061230467376970577
AU,metals_ewm,confirmation,daily,1694,0.4754106701621694,0.479927996430169,0.024289308411789497,0.11556044656262765
AU,metals_ewm,confirmation,monthly,81,0.5623047494771576,0.5748102940275573,0.1060799635702078,0.1117595147942605
AU,metals_ewm,recent,daily,938,0.5391623774472463,0.5418077765997309,0.02152283962776537,0.12591164290593115
AU,metals_ewm,recent,monthly,45,0.6051191977501102,0.6395013293116626,0.10282392944217833,0.0075729778372360945
AU,metals_blend,full,daily,3813,0.47482160550363806,0.474826628712128,0.023214175112416115,0.07748774281154824
AU,metals_blend,full,monthly,182,0.5922748526440031,0.6180175745179735,0.10182608724742595,0.05951437165049556
AU,metals_blend,confirmation,daily,1694,0.4876577132116052,0.4898405176152197,0.024004105349409728,0.12780748961206345
AU,metals_blend,confirmation,monthly,81,0.5605907902796763,0.5739215987466464,0.10628745849257265,0.1100455555967792
AU,metals_blend,recent,daily,938,0.5392375354016927,0.5421930555356146,0.021521084477490546,0.1259868008603776
AU,metals_blend,recent,monthly,45,0.604178636827011,0.6409456573190948,0.10294631403088574,0.006632416914136852
AU,calls_3atm,full,daily,3813,0.47157199128711447,0.47160241961487986,0.023285884820486692,0.07423812859502465
AU,calls_3atm,full,monthly,182,0.5801950999917227,0.6015214229495377,0.10332348795223907,0.047434618998215106
AU,calls_3atm,confirmation,daily,1694,0.4814702625384818,0.4847527208379919,0.024148616631353283,0.12162003893894002
AU,calls_3atm,confirmation,monthly,81,0.5428125791669893,0.5503101997450927,0.10841629986620305,0.09226734448409224
AU,calls_3atm,recent,daily,938,0.5396864982690369,0.5419459239102365,0.021510596945011208,0.1264357637277218
AU,calls_3atm,recent,monthly,45,0.6120415457670675,0.653944271191011,0.1019186814610318,0.01449532585419333
AU,calls_12itm,full,daily,3813,0.47159769290987996,0.4716456485505063,0.023285318525461646,0.07426383021779015
AU,calls_12itm,full,monthly,182,0.5742898823788981,0.5941229196407726,0.10404765406892749,0.04152940138539052
AU,calls_12itm,confirmation,daily,1694,0.48043616208264817,0.48364784086408885,0.02417268435171808,0.12058593848310639
AU,calls_12itm,confirmation,monthly,81,0.5303841307153703,0.5363676125566499,0.10988004458779979,0.07983889603247318
AU,calls_12itm,recent,daily,938,0.5386845166757397,0.5412720728788726,0.02153399567863604,0.12543378213442458
AU,calls_12itm,recent,monthly,45,0.606796151058993,0.6451548070323915,0.10260536426440045,0.009249931146118828
AU,calls_24itm,full,daily,3813,0.4706170044758179,0.47068458450391454,0.023306916706072774,0.07328314178372808
AU,calls_24itm,full,monthly,182,0.5689302423602625,0.5869278851102745,0.10470057926190143,0.03616976136675487
AU,calls_24itm,confirmation,daily,1694,0.4789550059164711,0.4825206089439444,0.024207115192829528,0.11910478231692934
AU,calls_24itm,confirmation,monthly,81,0.5172372599269894,0.5212409917215337,0.11140747126282255,0.06669202524409235
AU,calls_24itm,recent,daily,938,0.5390044387318529,0.5417991068784849,0.02152652747601606,0.12575370419053777
AU,calls_24itm,recent,monthly,45,0.6039473478464013,0.6401091928374715,0.10297638677708541,0.006401127933527095
AU,calls_12atm,full,daily,3813,0.47114885787032124,0.47118981912941793,0.023295205924027892,0.07381499517823142
AU,calls_12atm,full,monthly,182,0.572984647897691,0.5920866043575047,0.10420703793497953,0.0402241669041834
AU,calls_12atm,confirmation,daily,1694,0.48012707156632106,0.4835164931776617,0.02417987349389798,0.12027684796677929
AU,calls_12atm,confirmation,monthly,81,0.5251417546926738,0.5299090012722248,0.11049164428029061,0.07459652000977668
AU,calls_12atm,recent,daily,938,0.5395605926699372,0.5419191465771739,0.021513538548305126,0.12630985812862205
AU,calls_12atm,recent,monthly,45,0.6104651626088526,0.651198911195747,0.10212553353170313,0.012918942695978486
AU,market_q,full,daily,3813,0.4837147564089984,0.48376966554958756,0.023016786362205922,0.0863808937169086
AU,market_q,full,monthly,182,0.572604214812499,0.5953389657301978,0.10425344724894361,0.03984373381899142
AU,market_q,confirmation,daily,1694,0.4907578327336619,0.492465251136101,0.02393137222814244,0.13090760913412014
AU,market_q,confirmation,monthly,81,0.5589459337484189,0.5738812659684591,0.1064862075313775,0.10840069906552185
AU,market_q,recent,daily,938,0.5472863130007946,0.5488725267085438,0.02133228701915571,0.13403557845947944
AU,market_q,recent,monthly,45,0.6057306004834098,0.6485504630724696,0.10274429631676826,0.00818438057053561
AU,market_m,full,daily,3813,0.4817245656637349,0.4818867443601302,0.02306110656635884,0.08439070297164508
AU,market_m,full,monthly,182,0.5801472524998765,0.5995770338749856,0.10332937595984454,0.04738677150636894
AU,market_m,confirmation,daily,1694,0.4814238359588857,0.4861770906072615,0.024149697680806208,0.12157361235934394
AU,market_m,confirmation,monthly,81,0.5647567800940614,0.5770902934812672,0.10578240877918275,0.1142115454111643
AU,market_m,recent,daily,938,0.5486466011264826,0.5509318076374763,0.02130021389179252,0.13539586658516745
AU,market_m,recent,monthly,45,0.6036876837002412,0.6377101376697748,0.10301013846902288,0.006141463787367019
AU,market_rates,full,daily,3813,0.4839200153029266,0.4839886380971559,0.023012210529532992,0.0865861526108368
AU,market_rates,full,monthly,182,0.5725347859423262,0.5940148610792154,0.10426191469922523,0.03977430494881862
AU,market_rates,confirmation,daily,1694,0.49234345769762156,0.4937234092049843,0.023894085679663227,0.13249323409807978
AU,market_rates,confirmation,monthly,81,0.5590907419551281,0.5728925417415525,0.10646872515922488,0.108545507272231
AU,market_rates,recent,daily,938,0.5510800024229172,0.5525280827844534,0.021242717905082444,0.1378292678816021
AU,market_rates,recent,monthly,45,0.60764317006446,0.6512137758802129,0.1024947911509384,0.010096950151585848
AU,cost_fx,full,daily,3813,0.4824778238845733,0.4825527758762465,0.023044342039954542,0.08514396119248346
AU,cost_fx,full,monthly,182,0.5390264527729215,0.5544510508479671,0.10827128942954345,0.006265971779413904
AU,cost_fx,confirmation,daily,1694,0.4851866687909051,0.4885486741347291,0.02406192203198175,0.12533644519136333
AU,cost_fx,confirmation,monthly,81,0.4913719347574115,0.4995491155004925,0.11435301114854658,0.04082670007451439
AU,cost_fx,recent,daily,938,0.559940525025075,0.5627097495269276,0.021032034915353423,0.14668979048375985
AU,cost_fx,recent,monthly,45,0.5949538829512915,0.641711878326426,0.10413900477633534,-0.0025923369615826752
AU,market_calls,full,daily,3813,0.48233587940550327,0.4823367612227606,0.023047502090882608,0.08500201671341345
AU,market_calls,full,monthly,182,0.5608393658280666,0.5767002558361861,0.10567858961531412,0.028078884834559004
AU,market_calls,confirmation,daily,1694,0.48745135377863846,0.48982372016445214,0.02400893900750436,0.1276011301790967
AU,market_calls,confirmation,monthly,81,0.5329722902537442,0.5395482027181642,0.10957683933218819,0.08242705557084706
AU,market_calls,recent,daily,938,0.5496801860322988,0.5514381753783267,0.021275811507962084,0.13642945149098373
AU,market_calls,recent,monthly,45,0.6041787966406911,0.6453333604006002,0.10294629324849187,0.006632576727816919
AU,v4_gold_quarterly,full,daily,3813,0.436837897588071,0.4447683128649233,0.024039007964317325,0.0395040348959812
AU,v4_gold_quarterly,full,monthly,182,0.5703918799210259,0.5746532812135605,0.10452292327798826,0.03763139892751832
AU,v4_gold_quarterly,confirmation,daily,1694,0.43320323177428655,0.47234348289832506,0.02524754213187939,0.07335300817474477
AU,v4_gold_quarterly,confirmation,monthly,81,0.5348020003848224,0.5381700603620622,0.10936197990628438,0.0842567657019253
AU,v4_gold_quarterly,recent,daily,938,0.45923913853900233,0.5367372243396832,0.02331461410403909,0.04598840399768722
AU,v4_gold_quarterly,recent,monthly,45,0.6229469542217254,0.6241541980922236,0.10047601752414152,0.02540073430885126
AU,v4_gold_silver_quarterly,full,daily,3813,0.3973338626920898,0.4333759723222422,0.024867849223594425,0.0
AU,v4_gold_silver_quarterly,full,monthly,182,0.5327604809935076,0.53426819431417,0.10900466658667163,0.0
AU,v4_gold_silver_quarterly,confirmation,daily,1694,0.3598502235995418,0.4653655530132082,0.02683157844268202,0.0
AU,v4_gold_silver_quarterly,confirmation,monthly,81,0.4505452346828971,0.48896598631871013,0.11885389454160987,0.0
AU,v4_gold_silver_quarterly,recent,daily,938,0.4132507345413151,0.5517130813769824,0.024285770309871908,0.0
AU,v4_gold_silver_quarterly,recent,monthly,45,0.5975462199128742,0.6078990031175946,0.103805219663916,0.0
AU,v4_gold_silver_options_quarterly,full,daily,3813,0.3866937140401323,0.430327682421345,0.025086411307096088,-0.010640148651957504
AU,v4_gold_silver_options_quarterly,full,monthly,182,0.525247430718295,0.5293731961402669,0.1098775503792694,-0.0075130502752125405
AU,v4_gold_silver_options_quarterly,confirmation,daily,1694,0.3553171343486651,0.46814184169274353,0.026926412010516574,-0.0045330892508766985
AU,v4_gold_silver_options_quarterly,confirmation,monthly,81,0.44025536690951206,0.48617708166584317,0.1199616454133579,-0.01028986777338503
AU,v4_gold_silver_options_quarterly,recent,daily,938,0.4015593478464393,0.5497207378183473,0.024526532309635654,-0.011691386694875794
AU,v4_gold_silver_options_quarterly,recent,monthly,45,0.5898468397325913,0.6042277291172828,0.10479346907307913,-0.007699380180282822
AU,calls_3atm_raw,full,daily,3813,0.4687406114906526,0.46893439190487424,0.023348185741126064,0.07140674879856279
AU,calls_3atm_raw,full,monthly,182,0.5759841507093746,0.5932458719811337,0.10384039990116356,0.043223669715867
AU,calls_3atm_raw,confirmation,daily,1694,0.47696924974809185,0.48170995025853136,0.024253199232152082,0.11711902614855008
AU,calls_3atm_raw,confirmation,monthly,81,0.5320895310732923,0.5361391873651432,0.10968034956630467,0.08154429639039518
AU,calls_3atm_raw,recent,daily,938,0.5391460203518661,0.541619114344007,0.02152322159312531,0.12589528581055098
AU,calls_3atm_raw,recent,monthly,45,0.6112931729985063,0.6523580383585434,0.10201693478898052,0.013746953085632119
AU,calls_12itm_raw,full,daily,3813,0.46762190615137156,0.4679225530042032,0.023372755663645467,0.07028804345928175
AU,calls_12itm_raw,full,monthly,182,0.5654832366595064,0.5810855949574301,0.10511835953461837,0.032722755665998804
AU,calls_12itm_raw,confirmation,daily,1694,0.47292759767761705,0.4778307917891675,0.024346725622327307,0.11307737407807528
AU,calls_12itm_raw,confirmation,monthly,81,0.510536968481843,0.5134552940373202,0.11217792249616222,0.059991733798945956
AU,calls_12itm_raw,recent,daily,938,0.5366805720065911,0.5393970400831737,0.02158071660504844,0.12342983746527603
AU,calls_12itm_raw,recent,monthly,45,0.604979519716776,0.6419059450789123,0.10284211337809827,0.007433299803901838
AU,calls_24itm_raw,full,daily,3813,0.4665348320375907,0.46683440407070154,0.02339660615723915,0.0692009693455009
AU,calls_24itm_raw,full,monthly,182,0.5565096534265208,0.5696075067324129,0.10619825783787161,0.02374917243301322
AU,calls_24itm_raw,confirmation,daily,1694,0.4714220841595015,0.47680420502896326,0.02438147244944917,0.11157186055995971
AU,calls_24itm_raw,confirmation,monthly,81,0.48944680832050846,0.49072202631174344,0.11456921637323271,0.038901573637611375
AU,calls_24itm_raw,recent,daily,938,0.5383999366831148,0.5414394090773061,0.021540636686525,0.1251492021417997
AU,calls_24itm_raw,recent,monthly,45,0.6025188828046057,0.6373697399564139,0.10316192494949782,0.004972662891731594
AU,calls_12atm_raw,full,daily,3813,0.46615463409932845,0.46648002795492693,0.023404941993958876,0.06882077140723863
AU,calls_12atm_raw,full,monthly,182,0.557075856987193,0.5696053856490084,0.10613044459642164,0.024315375993685384
AU,calls_12atm_raw,confirmation,daily,1694,0.4711901106853704,0.47688165988537273,0.024386821929912057,0.11133988708582865
AU,calls_12atm_raw,confirmation,monthly,81,0.4900072938429998,0.49056828869223507,0.11450631203586577,0.0394620591601027
AU,calls_12atm_raw,recent,daily,938,0.5392547433533648,0.54177554052651,0.021520682603132474,0.12600400881204965
AU,calls_12atm_raw,recent,monthly,45,0.6101488073131456,0.6503718225490523,0.10216699503053162,0.012602587400271426
AU,market_calls_raw,full,daily,3813,0.47617121817507047,0.4765131976448179,0.023184327826892854,0.07883735548298065
AU,market_calls_raw,full,monthly,182,0.5512248448242292,0.5625208754230758,0.10682913444737174,0.018464363830721586
AU,market_calls_raw,confirmation,daily,1694,0.47541057854047153,0.4799017687172766,0.024289310532903532,0.11556035494092975
AU,market_calls_raw,confirmation,monthly,81,0.5113955960039656,0.5152086085451538,0.11207948673717719,0.06085036132106847
AU,market_calls_raw,recent,daily,938,0.5454713102798014,0.5475477247586212,0.021375006546801138,0.13222057573848633
AU,market_calls_raw,recent,monthly,45,0.6032674508880983,0.6440255513292298,0.10306473779537922,0.005721230975224145
AU,adaptive_metals,full,daily,3813,0.47496767412792407,0.47503523412045573,0.023210946591910208,0.07763381143583425
AU,adaptive_metals,full,monthly,182,0.5926988699991684,0.6159059553814545,0.10177312600669197,0.05993838900566084
AU,adaptive_metals,confirmation,daily,1694,0.48684779835879843,0.4893491810277794,0.0240230707996418,0.12699757475925666
AU,adaptive_metals,confirmation,monthly,81,0.5627454384009896,0.5758415464852855,0.10602654736582934,0.11220020371809247
AU,adaptive_metals,recent,daily,938,0.5398231630130343,0.5429336893314336,0.021507403514398643,0.12657242847171923
AU,adaptive_metals,recent,monthly,45,0.6109310658127374,0.6488261226685875,0.10206444162872443,0.013384845899863218
AU,metals_ewq_cap1,full,daily,3813,0.4737985724560777,0.47382242974431404,0.023236774398940698,0.07646470976398789
AU,metals_ewq_cap1,full,monthly,182,0.5885108957444947,0.6156855436965795,0.10229501652336358,0.055750414750987076
AU,metals_ewq_cap1,confirmation,daily,1694,0.485628482629774,0.48760278330700835,0.02405159482079568,0.1257782590302322
AU,metals_ewq_cap1,confirmation,monthly,81,0.5606533972849626,0.5753204509359419,0.10627988630658647,0.11010816260206546
AU,metals_ewq_cap1,recent,daily,938,0.5396864983049203,0.5419459238372255,0.021510596944172785,0.1264357637636052
AU,metals_ewq_cap1,recent,monthly,45,0.6120415452671067,0.6539442703732783,0.10191868152670293,0.014495325354232591
AU,metals_stale_cap1,full,daily,3813,0.464837322334428,0.4648528628012609,0.02343380110832031,0.06750345964233817
AU,metals_stale_cap1,full,monthly,182,0.5652493763017965,0.5871602933993566,0.10514664349559831,0.03248889530828891
AU,metals_stale_cap1,confirmation,daily,1694,0.48318072030097725,0.4865998809625779,0.02410875458959005,0.12333049670143548
AU,metals_stale_cap1,confirmation,monthly,81,0.5481872657766966,0.5556191019627577,0.10777714586420109,0.09764203109379954
AU,metals_stale_cap1,recent,daily,938,0.5381896733003063,0.5431384621960064,0.02154554211423207,0.1249389387589912
AU,metals_stale_cap1,recent,monthly,45,0.6070199367666156,0.6384891211175873,0.10257616200442907,0.009473716853741432
FNV,gold_stale,full,daily,3813,0.45101435166987025,0.45148735648718236,0.01563246777372626,0.01612373078539775
FNV,gold_stale,full,monthly,182,0.5540565179039576,0.5629899154742479,0.061562215800884355,0.02806156379282987
FNV,gold_stale,confirmation,daily,1694,0.4291830992939196,0.4298096641978579,0.015576325031038247,0.05537558509586382
FNV,gold_stale,confirmation,monthly,81,0.4990678762670657,0.5091286883699294,0.0677633676885401,0.06418277933169358
FNV,gold_stale,recent,daily,938,0.46448638984509527,0.4673004548854716,0.014434411964955141,0.045153745113093335
FNV,gold_stale,recent,monthly,45,0.5639162566750395,0.5857809304437234,0.06256541988516819,0.035734620262603434
FNV,gold_recent,full,daily,3813,0.4521576966672157,0.4526277324580506,0.015616180809265386,0.017267075782743224
FNV,gold_recent,full,monthly,182,0.5573394413833647,0.5662539064691227,0.06133519445507638,0.03134448727223693
FNV,gold_recent,confirmation,daily,1694,0.42946841733533636,0.43003764365555597,0.015572431696736555,0.05566090313728056
FNV,gold_recent,confirmation,monthly,81,0.5004776437900463,0.5109217673661267,0.06766794767263913,0.0655925468546742
FNV,gold_recent,recent,daily,938,0.4640854437941647,0.4666992388037992,0.014439814570501574,0.044752799062162785
FNV,gold_recent,recent,monthly,45,0.5627314433934044,0.5853265534982112,0.06265035547300991,0.03454980698096832
FNV,metals_504q,full,daily,3813,0.45956633250843903,0.45994325437667843,0.015510230240399403,0.024675711623966534
FNV,metals_504q,full,monthly,182,0.5549852129475923,0.5639461181146607,0.06149807951003672,0.028990258836464555
FNV,metals_504q,confirmation,daily,1694,0.43705322052327344,0.4388869918637131,0.015468573274290803,0.06324570632521764
FNV,metals_504q,confirmation,monthly,81,0.5007729703221131,0.5085019542764344,0.06764794146602161,0.06588787338674096
FNV,metals_504q,recent,daily,938,0.47746202447888664,0.4836377313741835,0.014258464832197929,0.0581293797468847
FNV,metals_504q,recent,monthly,45,0.5547582528771049,0.5689329658500569,0.06321896102729344,0.0265766164646688
FNV,metals_504m,full,daily,3813,0.46073260983623376,0.46112285096621536,0.015493485354920495,0.025841988951761263
FNV,metals_504m,full,monthly,182,0.5560678670026308,0.564929905023148,0.06142322616593435,0.030072912891503045
FNV,metals_504m,confirmation,daily,1694,0.436719823666918,0.43813384884866174,0.01547315311251984,0.06291230946886217
FNV,metals_504m,confirmation,monthly,81,0.500126330110329,0.5090443083461677,0.06769173889743967,0.06524123317495689
FNV,metals_504m,recent,daily,938,0.4784183751697092,0.48287385782829395,0.014245410912432569,0.05908573043770726
FNV,metals_504m,recent,monthly,45,0.5513802620475974,0.5678366659672842,0.0634583248689207,0.023198625635161285
FNV,metals_252q,full,daily,3813,0.4636193625690327,0.4640038340811822,0.015451960613890666,0.02872874168456019
FNV,metals_252q,full,monthly,182,0.5548804421050482,0.5631937665044328,0.06150531840029674,0.028885487993920433
FNV,metals_252q,confirmation,daily,1694,0.43985122795060816,0.4405313688155189,0.01543008375934776,0.06604371375255236
FNV,metals_252q,confirmation,monthly,81,0.4908102161944452,0.4971335395592336,0.06831961032658722,0.055925119259073064
FNV,metals_252q,recent,daily,938,0.47333486273558245,0.4777450987754418,0.014314662900239791,0.054002218003580515
FNV,metals_252q,recent,monthly,45,0.5438135447656054,0.5564267478778584,0.06399125213333841,0.0156319083531693
FNV,metals_126q,full,daily,3813,0.4599595285892917,0.4602596532222406,0.015504586928577363,0.025068907704819177
FNV,metals_126q,full,monthly,182,0.5610835871704153,0.5681911261285469,0.06107524857048648,0.035088633059287555
FNV,metals_126q,confirmation,daily,1694,0.43900233259162236,0.43940962930015576,0.015441771339734539,0.06519481839356656
FNV,metals_126q,confirmation,monthly,81,0.4899086967056321,0.49657519187778687,0.06838006344677276,0.055023599770259946
FNV,metals_126q,recent,daily,938,0.47360719299896514,0.47570631171310435,0.014310961478110437,0.05427454826696321
FNV,metals_126q,recent,monthly,45,0.5425315295386115,0.5615018823474692,0.06408110596624703,0.014349893126175406
FNV,metals_ewq,full,daily,3813,0.4647293175097711,0.46523597863961935,0.015435964639359867,0.02983869662529859
FNV,metals_ewq,full,monthly,182,0.558927967354204,0.5679248337355638,0.06122504219968373,0.03293301324307629
FNV,metals_ewq,confirmation,daily,1694,0.4408069677207892,0.4414488249556253,0.015416914543149562,0.0669994535227334
FNV,metals_ewq,confirmation,monthly,81,0.4984796281813072,0.5067615579929935,0.06780314351229526,0.06359453124593506
FNV,metals_ewq,recent,daily,938,0.47782664271261777,0.4813781469772767,0.014253489305299759,0.05849399798061583
FNV,metals_ewq,recent,monthly,45,0.5479625866743786,0.5641113652464731,0.06369958538754342,0.019780950261942487
FNV,metals_ewm,full,daily,3813,0.4657980777651135,0.46627210984919,0.015420546656244104,0.030907456880641004
FNV,metals_ewm,full,monthly,182,0.5563968008220463,0.5647300591172956,0.06140046601988264,0.030401846710918612
FNV,metals_ewm,confirmation,daily,1694,0.4387610807512349,0.43913412608950075,0.015445091278072419,0.06495356655317908
FNV,metals_ewm,confirmation,monthly,81,0.495928581965944,0.5045333186490214,0.06797536937084289,0.06104348503057189
FNV,metals_ewm,recent,daily,938,0.47809684550267606,0.4799636570558927,0.014249801036950484,0.058764200770674124
FNV,metals_ewm,recent,monthly,45,0.5416415227633188,0.5595222886344704,0.0641434107039631,0.013459886350882688
FNV,metals_blend,full,daily,3813,0.46476176349482035,0.46522741322217265,0.015435496798803508,0.029871142610347845
FNV,metals_blend,full,monthly,182,0.5634980214220784,0.5722237463979426,0.06090703257190736,0.037503067310950655
FNV,metals_blend,confirmation,daily,1694,0.4415152883219876,0.4422376919915731,0.01540714727333163,0.06770777412393181
FNV,metals_blend,confirmation,monthly,81,0.4981001170006708,0.5060926751428518,0.06782879270456506,0.06321502006529867
FNV,metals_blend,recent,daily,938,0.47767316735713894,0.48126332931647153,0.014255583819115047,0.058340522625137003
FNV,metals_blend,recent,monthly,45,0.5505588281619347,0.5677149290988377,0.0635163951837246,0.022377191749498593
FNV,calls_3atm,full,daily,3813,0.46344148980330147,0.4638660612751681,0.01545452246545246,0.028550868918828964
FNV,calls_3atm,full,monthly,182,0.5551413804934371,0.5635302546639543,0.061487287905854324,0.029146426382309354
FNV,calls_3atm,confirmation,daily,1694,0.43889548689175295,0.4399758245755049,0.015443241763241971,0.06508797269369715
FNV,calls_3atm,confirmation,monthly,81,0.49175392045429367,0.49750473954959,0.06825627106687211,0.05686882351892153
FNV,calls_3atm,recent,daily,938,0.4778266425676261,0.48137814688587877,0.01425348930727864,0.058493997835624145
FNV,calls_3atm,recent,monthly,45,0.5479625864544551,0.5641113649447798,0.06369958540303886,0.019780950042018963
FNV,calls_12itm,full,daily,3813,0.4642481153772057,0.46473088564671444,0.015442901457230476,0.02935749449273317
FNV,calls_12itm,full,monthly,182,0.5511754220598629,0.5604518483502228,0.06176076236098633,0.025180467948735186
FNV,calls_12itm,confirmation,daily,1694,0.4398838985550758,0.4406969551062529,0.015429633773969489,0.06607638435702001
FNV,calls_12itm,confirmation,monthly,81,0.4819167794819649,0.48755568562448726,0.06891365799005157,0.047031682546592735
FNV,calls_12itm,recent,daily,938,0.4780466847659439,0.48160141102046494,0.014250485803212542,0.05871404003394198
FNV,calls_12itm,recent,monthly,45,0.5473417658802514,0.5630709782344685,0.0637433123638617,0.019160129467815312
FNV,calls_24itm,full,daily,3813,0.46389986854582543,0.46435980222976053,0.015447919701684873,0.029009247661352933
FNV,calls_24itm,full,monthly,182,0.5486641316820926,0.5576601915444467,0.061933305115534194,0.02266917757096487
FNV,calls_24itm,confirmation,daily,1694,0.43945469445330243,0.4403151159648933,0.015435544328864502,0.06564718025524663
FNV,calls_24itm,confirmation,monthly,81,0.47673782912282725,0.48153132943941473,0.06925724460231134,0.04185273218745511
FNV,calls_24itm,recent,daily,938,0.47790407143601743,0.48151353251566886,0.014252432500715104,0.058571426704015495
FNV,calls_24itm,recent,monthly,45,0.5445523248883559,0.5595440153236053,0.06393941519213492,0.016370688475919826
FNV,calls_12atm,full,daily,3813,0.463259777277906,0.46366275180246036,0.015457139181549302,0.028369156393433514
FNV,calls_12atm,full,monthly,182,0.5525047227619571,0.560667552801675,0.061669234949562314,0.026509768650829324
FNV,calls_12atm,confirmation,daily,1694,0.4385226593237943,0.43961473149881175,0.015448371565289972,0.0647151451257385
FNV,calls_12atm,confirmation,monthly,81,0.48536352762623935,0.49034122685624204,0.06868403811946797,0.050478430690867215
FNV,calls_12atm,recent,daily,938,0.47761859014909946,0.4812240100476167,0.014256328572775437,0.05828594541709753
FNV,calls_12atm,recent,monthly,45,0.5463071567820865,0.5620360534863006,0.06381611758971661,0.018125520369650427
FNV,market_q,full,daily,3813,0.4790013143463362,0.47937730870557066,0.015228788680139445,0.04411069346186369
FNV,market_q,full,monthly,182,0.5735917406491755,0.5786962993743618,0.060198703328251314,0.047596786538047775
FNV,market_q,confirmation,daily,1694,0.4604547901136119,0.46086213218393596,0.01514364812995624,0.0866472759155561
FNV,market_q,confirmation,monthly,81,0.5037355757601834,0.5128817496742627,0.06744691831767313,0.06885047882481121
FNV,market_q,recent,daily,938,0.4925358124398417,0.49531027460398525,0.014051301063479548,0.07320316770783974
FNV,market_q,recent,monthly,45,0.5071249592493996,0.526206708646795,0.06651472931139651,-0.021056677163036497
FNV,market_m,full,daily,3813,0.48220522007339683,0.48243722718105525,0.015181891396414765,0.04731459918892433
FNV,market_m,full,monthly,182,0.5729484279768035,0.5769876105677797,0.06024409643730145,0.04695347386567572
FNV,market_m,confirmation,daily,1694,0.46089053299052196,0.4613755847202212,0.015137531803164529,0.08708301879246616
FNV,market_m,confirmation,monthly,81,0.5051279369602016,0.5137632697824238,0.06735223448493784,0.0702428400248295
FNV,market_m,recent,daily,938,0.49418366587524953,0.4959714909388322,0.014028468602718063,0.0748510211432476
FNV,market_m,recent,monthly,45,0.5045989956179195,0.5229921947214362,0.06668495407152761,-0.02358264079451655
FNV,market_rates,full,daily,3813,0.47759410177141015,0.47786409862981233,0.015249341219307997,0.04270348088693765
FNV,market_rates,full,monthly,182,0.5701571005300435,0.5746134788252774,0.06044066181552702,0.044162146418915804
FNV,market_rates,confirmation,daily,1694,0.4589283192878463,0.4594261193307072,0.01516505505717723,0.08512080508979047
FNV,market_rates,confirmation,monthly,81,0.4959885431080394,0.5052270971726167,0.06797132629098016,0.061103446172667275
FNV,market_rates,recent,daily,938,0.4919643043948134,0.4946683785078075,0.014059211150629058,0.07263165966281149
FNV,market_rates,recent,monthly,45,0.5055086422053381,0.5259655776659345,0.0666237030732986,-0.022672994207098007
FNV,cost_fx,full,daily,3813,0.47666185499921154,0.47701995782812057,0.015262941575429257,0.04177123411473904
FNV,cost_fx,full,monthly,182,0.5401924277660677,0.5484648949804832,0.06251185581163105,0.014197473654939952
FNV,cost_fx,confirmation,daily,1694,0.4535400615317201,0.4545293484510429,0.015240378530956783,0.0797325473336643
FNV,cost_fx,confirmation,monthly,81,0.44538124273092317,0.44877168147906826,0.07130218136405289,0.010496145795551026
FNV,cost_fx,recent,daily,938,0.494297558696129,0.4964085898435458,0.014026889144223407,0.07496491396412708
FNV,cost_fx,recent,monthly,45,0.500572345885719,0.5108075174891427,0.06695541529968352,-0.027609290526717123
FNV,market_calls,full,daily,3813,0.4777484562851948,0.4780089504653562,0.015247088202494893,0.0428578354007223
FNV,market_calls,full,monthly,182,0.5648172709996337,0.5694568114522638,0.060814922587367544,0.038822316888506014
FNV,market_calls,confirmation,daily,1694,0.4585448126572861,0.4590474714261241,0.015170428530947556,0.08473729845923028
FNV,market_calls,confirmation,monthly,81,0.4839312344176918,0.49063231688141723,0.06877954954739031,0.049046137482319674
FNV,market_calls,recent,daily,938,0.4920547869532116,0.49482762830649896,0.014057959102739763,0.07272214222120965
FNV,market_calls,recent,monthly,45,0.5038976366331227,0.5234156757366467,0.06673214165230668,-0.024283999779313392
FNV,v4_gold_quarterly,full,daily,3813,0.43875733144507445,0.4421127922962932,0.015806014896647683,0.003866710560601949
FNV,v4_gold_quarterly,full,monthly,182,0.5307164948789241,0.5384395091552993,0.0631527079142998,0.004721540767796406
FNV,v4_gold_quarterly,confirmation,daily,1694,0.3918761417283748,0.41513559426034075,0.016077281299384315,0.018068627530319015
FNV,v4_gold_quarterly,confirmation,monthly,81,0.44770793141159126,0.45293615053506364,0.07115246380380132,0.012822834476219125
FNV,v4_gold_quarterly,recent,daily,938,0.4198564626675446,0.4611635341730837,0.015023861418203234,0.0005238179355426809
FNV,v4_gold_quarterly,recent,monthly,45,0.5269101228312005,0.5311351613115023,0.06516602680762756,-0.0012715135812355616
FNV,v4_gold_silver_quarterly,full,daily,3813,0.4348906208844725,0.44046108709714316,0.015860369618349895,0.0
FNV,v4_gold_silver_quarterly,full,monthly,182,0.5259949541111277,0.5360406377792539,0.06346960785445149,0.0
FNV,v4_gold_silver_quarterly,confirmation,daily,1694,0.3738075141980558,0.41042086973443903,0.016314377803775277,0.0
FNV,v4_gold_silver_quarterly,confirmation,monthly,81,0.43488509693537214,0.44714210237426016,0.0719737150453854,0.0
FNV,v4_gold_silver_quarterly,recent,daily,938,0.41933264473200194,0.4730904259102765,0.0150306424921464,0.0
FNV,v4_gold_silver_quarterly,recent,monthly,45,0.5281816364124361,0.5327906051930903,0.06507839521584478,0.0
FNV,v4_gold_silver_options_quarterly,full,daily,3813,0.42976383657516504,0.4363780268305181,0.01593215138991221,-0.005126784309307464
FNV,v4_gold_silver_options_quarterly,full,monthly,182,0.526090838973513,0.5375124995594343,0.06346318800463518,9.588486238532035e-05
FNV,v4_gold_silver_options_quarterly,confirmation,daily,1694,0.36770065219461967,0.4060461127169977,0.016393736728626394,-0.006106862003436131
FNV,v4_gold_silver_options_quarterly,confirmation,monthly,81,0.42872831030097247,0.4431160103643196,0.07236472083508876,-0.006156786634399669
FNV,v4_gold_silver_options_quarterly,recent,daily,938,0.4172940135151638,0.4725863871185403,0.015057004478123318,-0.002038631216838116
FNV,v4_gold_silver_options_quarterly,recent,monthly,45,0.5248652485944238,0.5302040634023115,0.06530671111519433,-0.0033163878180122452
FNV,calls_3atm_raw,full,daily,3813,0.462185757415016,0.46259211957710367,0.015472596359241912,0.027295136530543496
FNV,calls_3atm_raw,full,monthly,182,0.5516965640330963,0.5599792581456291,0.06172489592717885,0.02570160992196857
FNV,calls_3atm_raw,confirmation,daily,1694,0.437876657675323,0.4390784242496707,0.015457255988510223,0.06406914347726722
FNV,calls_3atm_raw,confirmation,monthly,81,0.48733103549569057,0.49237537589469027,0.06855261934105804,0.05244593856031843
FNV,calls_3atm_raw,recent,daily,938,0.47735967902401355,0.4810563817373969,0.014259861111214472,0.058027034292011614
FNV,calls_3atm_raw,recent,monthly,45,0.5470920858638291,0.5628384690865268,0.06376088990470875,0.018910449451392974
FNV,calls_12itm_raw,full,daily,3813,0.4622101635914001,0.46265418763769156,0.015472245279658788,0.027319542706927602
FNV,calls_12itm_raw,full,monthly,182,0.5413015419661574,0.5508554537776508,0.06243641702863243,0.015306587855029696
FNV,calls_12itm_raw,confirmation,daily,1694,0.43525573408031504,0.4364891898378066,0.0154932491336959,0.061448219882259236
FNV,calls_12itm_raw,confirmation,monthly,81,0.4637781408484496,0.4671722650076664,0.07010964965037972,0.028893043913077454
FNV,calls_12itm_raw,recent,daily,938,0.4775718992026907,0.4812721345708161,0.014256965680631473,0.058239254470688784
FNV,calls_12itm_raw,recent,monthly,45,0.5465100765123043,0.5618621870463779,0.06380184472003854,0.018328440099868226
FNV,calls_24itm_raw,full,daily,3813,0.4628174891644544,0.4632406750394764,0.015463506415504032,0.02792686827998192
FNV,calls_24itm_raw,full,monthly,182,0.5452554111742616,0.5542034402986584,0.06216674126712774,0.01926045706313384
FNV,calls_24itm_raw,confirmation,daily,1694,0.4375069013886722,0.4385526175598813,0.015462338928121426,0.06369938719061641
FNV,calls_24itm_raw,confirmation,monthly,81,0.47076726127716517,0.4746663205282759,0.06965124614721348,0.03588216434179303
FNV,calls_24itm_raw,recent,daily,938,0.47759140107095877,0.4813181429972054,0.014256699576969586,0.05825875633895683
FNV,calls_24itm_raw,recent,monthly,45,0.5447178101025816,0.5594882681536036,0.06392779806275026,0.016536173690145484
FNV,calls_12atm_raw,full,daily,3813,0.4621789133497932,0.46254496958874636,0.015472694808774638,0.027288292465320718
FNV,calls_12atm_raw,full,monthly,182,0.5501379063284786,0.5580426445061227,0.06183210512765008,0.024142952217350855
FNV,calls_12atm_raw,confirmation,daily,1694,0.437408734690763,0.4386911192135676,0.015463688118483388,0.06360122049270722
FNV,calls_12atm_raw,confirmation,monthly,81,0.4818395702547903,0.4859860002481073,0.06891879285240812,0.046954473319418155
FNV,calls_12atm_raw,recent,daily,938,0.4773830692981115,0.4810800247858752,0.014259542014334145,0.05805042456610954
FNV,calls_12atm_raw,recent,monthly,45,0.5469145109769418,0.5625762661045889,0.06377338827675035,0.018732874564505675
FNV,market_calls_raw,full,daily,3813,0.4742990548068947,0.4745069584807628,0.015297357820516824,0.039408433922422215
FNV,market_calls_raw,full,monthly,182,0.5557038422986431,0.560388100552681,0.0614484045527001,0.02970888818751538
FNV,market_calls_raw,confirmation,daily,1694,0.4511588302077889,0.4521398535119462,0.015273547858845141,0.0773513160097331
FNV,market_calls_raw,confirmation,monthly,81,0.4643342820940092,0.4674060644801256,0.0700732831891057,0.029449185158637037
FNV,market_calls_raw,recent,daily,938,0.49065055754930453,0.4937185735306817,0.014077377510950197,0.0713179128173026
FNV,market_calls_raw,recent,monthly,45,0.501450411193899,0.5197813259733067,0.0668965308041272,-0.026731225218537102
FNV,adaptive_metals,full,daily,3813,0.46340578383271813,0.46373498123255913,0.015455036677354777,0.02851516294824563
FNV,adaptive_metals,full,monthly,182,0.5586907998263569,0.5663011855132003,0.061241500555003055,0.03269584571522921
FNV,adaptive_metals,confirmation,daily,1694,0.44015872328664596,0.4413679371692026,0.015425847982749088,0.06635120908859016
FNV,adaptive_metals,confirmation,monthly,81,0.4992999187684022,0.5061440350850788,0.06774767114809523,0.06441482183303004
FNV,adaptive_metals,recent,daily,938,0.4754576546282532,0.4797495994113751,0.014285785222759079,0.05612500989625124
FNV,adaptive_metals,recent,monthly,45,0.5510449610978152,0.5668106842709538,0.06348203499637248,0.022863324685379105
FNV,metals_ewq_cap1,full,daily,3813,0.4647293175097711,0.46523597863961935,0.015435964639359867,0.02983869662529859
FNV,metals_ewq_cap1,full,monthly,182,0.558927967354204,0.5679248337355638,0.06122504219968373,0.03293301324307629
FNV,metals_ewq_cap1,confirmation,daily,1694,0.4408069677207892,0.4414488249556253,0.015416914543149562,0.0669994535227334
FNV,metals_ewq_cap1,confirmation,monthly,81,0.4984796281813072,0.5067615579929935,0.06780314351229526,0.06359453124593506
FNV,metals_ewq_cap1,recent,daily,938,0.47782664271261777,0.4813781469772767,0.014253489305299759,0.05849399798061583
FNV,metals_ewq_cap1,recent,monthly,45,0.5479625866743786,0.5641113652464731,0.06369958538754342,0.019780950261942487
FNV,metals_stale_cap1,full,daily,3813,0.45646854781691826,0.4567989109987362,0.015554619312579895,0.021577926932445757
FNV,metals_stale_cap1,full,monthly,182,0.551032065513746,0.5596727661992353,0.061770624903212404,0.025037111402618217
FNV,metals_stale_cap1,confirmation,daily,1694,0.43362199380977184,0.4362368933951699,0.01551564304440161,0.05981447961171604
FNV,metals_stale_cap1,confirmation,monthly,81,0.4984657270547621,0.5057204760193919,0.06780408318852763,0.06358063011938997
FNV,metals_stale_cap1,recent,daily,938,0.47473802609860183,0.4830163432043809,0.014295581319430989,0.05540538136659989
FNV,metals_stale_cap1,recent,monthly,45,0.5568129687604895,0.5703487736117433,0.06307291989996758,0.028631332348053373
WPM,gold_stale,full,daily,3813,0.4938889395100523,0.4940917363407146,0.01776950830259858,-0.010784397185805594
WPM,gold_stale,full,monthly,182,0.6005284639840056,0.6108402010577993,0.07443031547973043,-0.027784633950966864
WPM,gold_stale,confirmation,daily,1694,0.550393716809012,0.5505717677827653,0.016389106761020473,0.026176172817733545
WPM,gold_stale,confirmation,monthly,81,0.6288377018199169,0.6477430573044358,0.06834398542972325,0.0485727785435468
WPM,gold_stale,recent,daily,938,0.5810592821039215,0.5815685348917834,0.015165430031362757,-0.020317239909599993
WPM,gold_stale,recent,monthly,45,0.6147054607336677,0.6274990389399631,0.06890214715807494,-0.019436997950518897
WPM,gold_recent,full,daily,3813,0.49396057021085094,0.4941570137920981,0.017768250784761123,-0.010712766485006964
WPM,gold_recent,full,monthly,182,0.6014626689938143,0.6121181965153085,0.07434323308769138,-0.02685042894115819
WPM,gold_recent,confirmation,daily,1694,0.5499021103572573,0.5500569755903925,0.016398064364280387,0.025684566365978934
WPM,gold_recent,confirmation,monthly,81,0.6290476499026346,0.6477346083057781,0.06832465329599646,0.04878272662626448
WPM,gold_recent,recent,daily,938,0.5805112545439958,0.5809709968155283,0.01517534594195852,-0.020865267469525772
WPM,gold_recent,recent,monthly,45,0.6168032478376486,0.6304727633544255,0.06871431771464317,-0.017339210846538
WPM,metals_504q,full,daily,3813,0.5370745835546771,0.5373951165414195,0.01699448504471585,0.03240124685881918
WPM,metals_504q,full,monthly,182,0.653312471549292,0.6663093816667495,0.06933875659464578,0.024999373614319476
WPM,metals_504q,confirmation,daily,1694,0.5829398754880534,0.5836065331695227,0.01578477634244139,0.05872233149677497
WPM,metals_504q,confirmation,monthly,81,0.6450911925779725,0.6566334307329265,0.06683081566164462,0.0648262693016024
WPM,metals_504q,recent,daily,938,0.6169017073818048,0.6198981721618746,0.014502188694072797,0.01552518536828329
WPM,metals_504q,recent,monthly,45,0.6339223862143379,0.6440232524371337,0.06716189088405104,-0.00022007246984867557
WPM,metals_504m,full,daily,3813,0.5364716596118961,0.5368326596921369,0.017005548433610723,0.031798322916038235
WPM,metals_504m,full,monthly,182,0.6519362793374337,0.6641667317285604,0.06947624199505792,0.023623181402461224
WPM,metals_504m,confirmation,daily,1694,0.5817543243908356,0.5824397148165413,0.015807195626425474,0.05753678039955723
WPM,metals_504m,confirmation,monthly,81,0.6450096979915805,0.6568831509775906,0.06683848810728875,0.06474477471521034
WPM,metals_504m,recent,daily,938,0.6174419069288324,0.6198779728410956,0.014491960458221561,0.016065384915310843
WPM,metals_504m,recent,monthly,45,0.6314819268475202,0.6420845012089162,0.06738538666249194,-0.002660531836666369
WPM,metals_252q,full,daily,3813,0.5311669918148693,0.5320969294073704,0.017102578273959116,0.02649365511901136
WPM,metals_252q,full,monthly,182,0.6508921192597052,0.6594147675401473,0.06958037521661237,0.022579021324732773
WPM,metals_252q,confirmation,daily,1694,0.5795138040910692,0.5799834227597899,0.01584947823744674,0.05529626009979083
WPM,metals_252q,confirmation,monthly,81,0.6376201594909412,0.6492781832904615,0.067530565724165,0.05735523621457106
WPM,metals_252q,recent,daily,938,0.6114594523056436,0.6132827440362069,0.014604833741395621,0.010082930292122039
WPM,metals_252q,recent,monthly,45,0.615284149184552,0.6255449856743834,0.06885038434335018,-0.01885830949963463
WPM,metals_126q,full,daily,3813,0.5231009641156315,0.52481799257705,0.017249071352076983,0.01842762741977355
WPM,metals_126q,full,monthly,182,0.6451395172468066,0.6524504118873834,0.07015130582286641,0.01682641931183415
WPM,metals_126q,confirmation,daily,1694,0.5782526714463887,0.5785893018169238,0.01587322851710706,0.0540351274551103
WPM,metals_126q,confirmation,monthly,81,0.6424168396317256,0.6558952044198304,0.06708213903267461,0.06215191635535544
WPM,metals_126q,recent,daily,938,0.6103606479051582,0.6112501386601233,0.014625470616669746,0.008984125891636663
WPM,metals_126q,recent,monthly,45,0.6177690917721186,0.6309855805812029,0.06862766617214455,-0.016373366912068033
WPM,metals_ewq,full,daily,3813,0.537645227886697,0.5379547927535492,0.01698400733419633,0.0329718911908391
WPM,metals_ewq,full,monthly,182,0.6549705518025943,0.6673390231887827,0.06917274684906198,0.02665745386762186
WPM,metals_ewq,confirmation,daily,1694,0.5824488053602652,0.582783820366161,0.015794066551789002,0.05823126136898682
WPM,metals_ewq,confirmation,monthly,81,0.6445818806278225,0.6584232054988861,0.0668787512575408,0.06431695735145238
WPM,metals_ewq,recent,daily,938,0.6160339991584827,0.6175868122609418,0.014518602955453553,0.014657477144961129
WPM,metals_ewq,recent,monthly,45,0.6282562480384823,0.6401678145053846,0.06767965992634382,-0.005886210645704271
WPM,metals_ewm,full,daily,3813,0.5398890850222697,0.5401289468904881,0.016942744608597515,0.03521574832641183
WPM,metals_ewm,full,monthly,182,0.6521669146417707,0.6629179561842096,0.06945321987502343,0.023853816706798203
WPM,metals_ewm,confirmation,daily,1694,0.5808813908356114,0.5811789238710012,0.01582368287291257,0.05666384684433301
WPM,metals_ewm,confirmation,monthly,81,0.6373606851239967,0.6489014419593684,0.06755473830954409,0.05709576184762655
WPM,metals_ewm,recent,daily,938,0.6177102348997356,0.6186264527689483,0.014486877203516007,0.016333712886214102
WPM,metals_ewm,recent,monthly,45,0.6207311837368245,0.6307526810837816,0.06836123452163625,-0.013411274947362162
WPM,metals_blend,full,daily,3813,0.5367901654526668,0.5372432202860098,0.016999704888792544,0.03211682875680888
WPM,metals_blend,full,monthly,182,0.6550872288898365,0.6662495820761654,0.06916104993869755,0.02677413095486403
WPM,metals_blend,confirmation,daily,1694,0.5827165931795044,0.5831056477498553,0.01578900114061355,0.058499049188226016
WPM,metals_blend,confirmation,monthly,81,0.6459413480842411,0.659064377309097,0.06675072374727406,0.06567642480787095
WPM,metals_blend,recent,daily,938,0.6154848121860471,0.6171142718073102,0.014528982231900318,0.014108290172525573
WPM,metals_blend,recent,monthly,45,0.6273007685084799,0.6391839103400425,0.06776658140131145,-0.006841690175706683
WPM,calls_3atm,full,daily,3813,0.5366450050149545,0.5372410686314673,0.017002368359123363,0.03197166831909659
WPM,calls_3atm,full,monthly,182,0.654769809957532,0.6651497488607644,0.06919286664717486,0.026456712022559503
WPM,calls_3atm,confirmation,daily,1694,0.576291049928614,0.5776125503701053,0.015910100291071608,0.05207350593733562
WPM,calls_3atm,confirmation,monthly,81,0.6373746415748527,0.6447404093093472,0.06755343834920038,0.05710971829848255
WPM,calls_3atm,recent,daily,938,0.6160339992021096,0.6175868122678924,0.01451860295462874,0.014657477188588008
WPM,calls_3atm,recent,monthly,45,0.6282562479451963,0.6401678145000763,0.06767965993483566,-0.005886210738990316
WPM,calls_12itm,full,daily,3813,0.5382097120485583,0.5388221324527405,0.016973636368283914,0.033536375352700376
WPM,calls_12itm,full,monthly,182,0.6540911627508511,0.66716777400499,0.06926084229445158,0.025778064815878632
WPM,calls_12itm,confirmation,daily,1694,0.5794611746893572,0.5801780878530542,0.0158504700921921,0.055243630698078805
WPM,calls_12itm,confirmation,monthly,81,0.6342408777509583,0.6445045987620526,0.06784470469084687,0.05397595447458814
WPM,calls_12itm,recent,daily,938,0.6159173315538384,0.6174938271100955,0.01452080851789503,0.01454080954031689
WPM,calls_12itm,recent,monthly,45,0.6263850877671735,0.6381843402252984,0.0678497778247804,-0.007757370917013118
WPM,calls_24itm,full,daily,3813,0.5380030608777195,0.5386563888824659,0.01697743379494376,0.03332972418186164
WPM,calls_24itm,full,monthly,182,0.6532170571935902,0.666910143752769,0.06934829754593794,0.02490395925861777
WPM,calls_24itm,confirmation,daily,1694,0.5806247603911121,0.5812586667413304,0.01582852662984423,0.056407216399833704
WPM,calls_24itm,confirmation,monthly,81,0.633242358538987,0.644314527115923,0.06793724929828525,0.05297743526261689
WPM,calls_24itm,recent,daily,938,0.6168543343674161,0.6185604364594622,0.01450308531925966,0.01547781235389456
WPM,calls_24itm,recent,monthly,45,0.6226593519763066,0.6336268425125197,0.06818724194331105,-0.011483106707879998
WPM,calls_12atm,full,daily,3813,0.5375649707307859,0.5381268859521363,0.01698548134188432,0.03289163403492801
WPM,calls_12atm,full,monthly,182,0.6544011074471776,0.6662178610579946,0.06922980544405692,0.026088009512205135
WPM,calls_12atm,confirmation,daily,1694,0.5792099332570273,0.5799549945589267,0.01585520413809224,0.0549923892657489
WPM,calls_12atm,confirmation,monthly,81,0.6374965967608507,0.6468354295733105,0.06754207788482679,0.05723167348448055
WPM,calls_12atm,recent,daily,938,0.6159277087065953,0.6175404465254211,0.014520612354831274,0.014551186693073759
WPM,calls_12atm,recent,monthly,45,0.6260800987359824,0.6375480240048704,0.06787746571401873,-0.008062359948204256
WPM,market_q,full,daily,3813,0.5643207682498523,0.5644131562052738,0.01648678314372082,0.059647431553994434
WPM,market_q,full,monthly,182,0.659451368114329,0.666788200226322,0.0687221139029686,0.031138270179356553
WPM,market_q,confirmation,daily,1694,0.59634478737682,0.5965009967071915,0.015529031859710869,0.07212724338554155
WPM,market_q,confirmation,monthly,81,0.6532746868240423,0.6670248263048241,0.06605582906443543,0.07300976354767219
WPM,market_q,recent,daily,938,0.6278647659140498,0.6288508023116276,0.014293179212551632,0.026488243900528285
WPM,market_q,recent,monthly,45,0.6221639359476614,0.6331665454242856,0.06823198927194973,-0.011978522736525221
WPM,market_m,full,daily,3813,0.5655522130744778,0.5657844479545736,0.016463466757631127,0.060878876378619884
WPM,market_m,full,monthly,182,0.6559343376880183,0.6605583632279707,0.06907606765396745,0.027621239753045868
WPM,market_m,confirmation,daily,1694,0.5957783997408002,0.5959889150876685,0.015539922798567024,0.07156085574952176
WPM,market_m,confirmation,monthly,81,0.6467433491765228,0.6573705818030945,0.06667508020154218,0.06647842590015263
WPM,market_m,recent,daily,938,0.6311874380573959,0.6319603421662936,0.014229226610056253,0.029810916043874314
WPM,market_m,recent,monthly,45,0.6160618879510826,0.6243265878478337,0.06878075541704429,-0.018080570733103984
WPM,market_rates,full,daily,3813,0.5633464185217674,0.5634409193847201,0.01650520830636341,0.05867308182590947
WPM,market_rates,full,monthly,182,0.6587338013532549,0.6660747052623628,0.068794477657837,0.030420703418282402
WPM,market_rates,confirmation,daily,1694,0.5947322474498102,0.594903336979871,0.015560018979457423,0.07051470345853184
WPM,market_rates,confirmation,monthly,81,0.6524186063481282,0.6665062741257329,0.06613732620480196,0.07215368307175807
WPM,market_rates,recent,daily,938,0.6289952193010812,0.6298777746247022,0.014271453155921524,0.027618697287559613
WPM,market_rates,recent,monthly,45,0.6246951568388924,0.6360972767505385,0.06800305338718242,-0.009447301845294187
WPM,cost_fx,full,daily,3813,0.5652729525975653,0.5655952674478609,0.016468757217298822,0.06059961590170737
WPM,cost_fx,full,monthly,182,0.6529920262926858,0.6611236692976825,0.0693707942969677,0.024678928357713348
WPM,cost_fx,confirmation,daily,1694,0.5952551694992708,0.5959052891101069,0.015549977095577063,0.07103762550799242
WPM,cost_fx,confirmation,monthly,81,0.6496677175883057,0.6650784065297783,0.06639852814180018,0.06940279431193552
WPM,cost_fx,recent,daily,938,0.6394252397777632,0.6410724732606039,0.014069417107408694,0.03804871776424168
WPM,cost_fx,recent,monthly,45,0.6327867811847866,0.6473217359225057,0.06726598127525617,-0.001355677499400021
WPM,market_calls,full,daily,3813,0.5634766509697391,0.5638345249918552,0.016502746773845573,0.05880331427388119
WPM,market_calls,full,monthly,182,0.6613573091847256,0.6688859366073825,0.06852953630122664,0.0330442112497531
WPM,market_calls,confirmation,daily,1694,0.5915143931585929,0.5920106133289931,0.015621670661077806,0.06729684916731449
WPM,market_calls,confirmation,monthly,81,0.6422383294832092,0.6520796408858972,0.06709888108012302,0.06197340620683911
WPM,market_calls,recent,daily,938,0.6286515732837903,0.6295577921331872,0.014278061147450045,0.027275051270268746
WPM,market_calls,recent,monthly,45,0.6234199378310858,0.6345450045464813,0.06811848654636321,-0.01072252085310077
WPM,v4_gold_quarterly,full,daily,3813,0.48376177468944503,0.49498874829074824,0.017946409615024923,-0.020911562006412865
WPM,v4_gold_quarterly,full,monthly,182,0.5971298932890147,0.5996847006937774,0.07474625907644444,-0.031183204645957807
WPM,v4_gold_quarterly,confirmation,daily,1694,0.5357418116213404,0.54735398045575,0.01665401243438095,0.01152426763006198
WPM,v4_gold_quarterly,confirmation,monthly,81,0.6205251043598001,0.622013587596886,0.06910506794258332,0.04026018108342999
WPM,v4_gold_quarterly,recent,daily,938,0.5691795211720179,0.582026078026577,0.015378947449601681,-0.032197000841503676
WPM,v4_gold_quarterly,recent,monthly,45,0.613982043432674,0.6147431431345525,0.06896680111151178,-0.020160415251512576
WPM,v4_gold_silver_quarterly,full,daily,3813,0.5046733366958579,0.5207942601536499,0.017579169341127385,0.0
WPM,v4_gold_silver_quarterly,full,monthly,182,0.6283130979349725,0.6332109317334486,0.07179522628268929,0.0
WPM,v4_gold_silver_quarterly,confirmation,daily,1694,0.5242175439912784,0.5574225685749306,0.0168594464141057,0.0
WPM,v4_gold_silver_quarterly,confirmation,monthly,81,0.5802649232763701,0.5966402479636554,0.07267850834784943,0.0
WPM,v4_gold_silver_quarterly,recent,daily,938,0.6013765220135215,0.6234538053649952,0.01479312341339834,0.0
WPM,v4_gold_silver_quarterly,recent,monthly,45,0.6341424586841866,0.634514766930165,0.06714170021315329,0.0
WPM,v4_gold_silver_options_quarterly,full,daily,3813,0.49522477422957045,0.514430692912201,0.017746042297109008,-0.009448562466287447
WPM,v4_gold_silver_options_quarterly,full,monthly,182,0.6257149413926161,0.6323047631511901,0.07204571989938388,-0.0025981565423564
WPM,v4_gold_silver_options_quarterly,confirmation,daily,1694,0.5210551463152253,0.55486323048239,0.01691538371483887,-0.003162397676053086
WPM,v4_gold_silver_options_quarterly,confirmation,monthly,81,0.5793375090638346,0.5960723402165801,0.0727587564546177,-0.0009274142125355045
WPM,v4_gold_silver_options_quarterly,recent,daily,938,0.5990493992864674,0.6220873100746145,0.014836240939984768,-0.002327122727054154
WPM,v4_gold_silver_options_quarterly,recent,monthly,45,0.6313645199186658,0.6318216659424393,0.06739612003194956,-0.0027779387655207932
WPM,calls_3atm_raw,full,daily,3813,0.5349501511020076,0.5358813188371832,0.017033435497445792,0.03027681440614971
WPM,calls_3atm_raw,full,monthly,182,0.6537301986231974,0.6631373971966683,0.069296970542746,0.025417100688224892
WPM,calls_3atm_raw,confirmation,daily,1694,0.5730270286683607,0.5750745753752566,0.015971264065363897,0.04880948467708235
WPM,calls_3atm_raw,confirmation,monthly,81,0.6330414825820858,0.6386297456377742,0.06795585162621934,0.052776559305715676
WPM,calls_3atm_raw,recent,daily,938,0.6153853172873335,0.6171310321367729,0.014530861827508432,0.014008795273811936
WPM,calls_3atm_raw,recent,monthly,45,0.6272013517614392,0.6386823038803059,0.06777561909617719,-0.006941106922747409
WPM,calls_12itm_raw,full,daily,3813,0.5348843545980579,0.5360913760043379,0.017034640422971627,0.030211017902200044
WPM,calls_12itm_raw,full,monthly,182,0.6496112988767625,0.6627220985006185,0.06970789793331891,0.021298200941790024
WPM,calls_12itm_raw,confirmation,daily,1694,0.5733891002373115,0.5747122738068475,0.015964490841433348,0.04917155624603309
WPM,calls_12itm_raw,confirmation,monthly,81,0.6251555889125956,0.6333512300525316,0.06868215181298575,0.04489066563622546
WPM,calls_12itm_raw,recent,daily,938,0.61433746413122,0.6157826675584301,0.014550642472338789,0.012960942117698493
WPM,calls_12itm_raw,recent,monthly,45,0.626195261245444,0.6374396734574245,0.0678670122168487,-0.007947197438742615
WPM,calls_24itm_raw,full,daily,3813,0.5351310616560099,0.536288890783455,0.01703012205910489,0.030457724960151977
WPM,calls_24itm_raw,full,monthly,182,0.6498849435436355,0.6632595192378817,0.06968067256872709,0.021571845608662987
WPM,calls_24itm_raw,confirmation,daily,1694,0.5770972327689066,0.578094602184088,0.01589495716415553,0.052879688777628164
WPM,calls_24itm_raw,confirmation,monthly,81,0.6269701577210737,0.6358497074718407,0.06851570984387882,0.046705234444703536
WPM,calls_24itm_raw,recent,daily,938,0.6170130385228391,0.6186648997160268,0.014500081320374452,0.015636516509317522
WPM,calls_24itm_raw,recent,monthly,45,0.6217582983841801,0.6315876608386463,0.06826860572548603,-0.012384160300006553
WPM,calls_12atm_raw,full,daily,3813,0.5353543040820077,0.5363530965961713,0.0170260324093172,0.030680967386149782
WPM,calls_12atm_raw,full,monthly,182,0.6519016538954225,0.6630085998286256,0.06947969766368985,0.023588555960450064
WPM,calls_12atm_raw,confirmation,daily,1694,0.5758289800472084,0.5770639277379932,0.015918773196087307,0.05161143605592999
WPM,calls_12atm_raw,confirmation,monthly,81,0.6316927265323794,0.6387318764554075,0.06808062295020209,0.051427803256009263
WPM,calls_12atm_raw,recent,daily,938,0.6154872562418305,0.6172583677913258,0.014528936057261964,0.014110734228308996
WPM,calls_12atm_raw,recent,monthly,45,0.625855682326623,0.6371921981385749,0.06789783174988219,-0.008286776357563586
WPM,market_calls_raw,full,daily,3813,0.5569129361420979,0.5582055693492544,0.016626354336992274,0.052239599446240015
WPM,market_calls_raw,full,monthly,182,0.6557905967695874,0.6624248726083304,0.06909049516256577,0.027477498834614922
WPM,market_calls_raw,confirmation,daily,1694,0.5837872106736707,0.584970164017371,0.01576873333573397,0.059569666682392275
WPM,market_calls_raw,confirmation,monthly,81,0.632356104111695,0.640219630209893,0.06801928352402777,0.052091180835324824
WPM,market_calls_raw,recent,daily,938,0.6258253268537654,0.626846792940303,0.014332291658895222,0.02444880484024381
WPM,market_calls_raw,recent,monthly,45,0.6239994002535312,0.6350931621411177,0.06806605772270931,-0.010143058430655438
WPM,adaptive_metals,full,daily,3813,0.5344665973577689,0.5353601093223818,0.017042288786579346,0.029793260661911014
WPM,adaptive_metals,full,monthly,182,0.6550530335995524,0.6646002766394526,0.06916447823095408,0.026739935664579884
WPM,adaptive_metals,confirmation,daily,1694,0.581322449126926,0.5817406848020654,0.015815354677181197,0.05710490513564759
WPM,adaptive_metals,confirmation,monthly,81,0.6455106500312284,0.6585606246720641,0.06679131118778753,0.06524572675485829
WPM,adaptive_metals,recent,daily,938,0.614809890006611,0.6165838310583293,0.014541727675328915,0.013433367993089473
WPM,adaptive_metals,recent,monthly,45,0.6285033156785176,0.6404616085730857,0.06765716562343063,-0.005639143005669034
WPM,metals_ewq_cap1,full,daily,3813,0.537645227886697,0.5379547927535492,0.01698400733419633,0.0329718911908391
WPM,metals_ewq_cap1,full,monthly,182,0.6549705518025943,0.6673390231887827,0.06917274684906198,0.02665745386762186
WPM,metals_ewq_cap1,confirmation,daily,1694,0.5824488053602652,0.582783820366161,0.015794066551789002,0.05823126136898682
WPM,metals_ewq_cap1,confirmation,monthly,81,0.6445818806278225,0.6584232054988861,0.0668787512575408,0.06431695735145238
WPM,metals_ewq_cap1,recent,daily,938,0.6160339991584827,0.6175868122609418,0.014518602955453553,0.014657477144961129
WPM,metals_ewq_cap1,recent,monthly,45,0.6282562480384823,0.6401678145053846,0.06767965992634382,-0.005886210645704271
WPM,metals_stale_cap1,full,daily,3813,0.5359329933002919,0.5362981177676969,0.01701542663899526,0.03125965660443397
WPM,metals_stale_cap1,full,monthly,182,0.6534625790259607,0.6660618899729096,0.06932374395096731,0.025149481090988246
WPM,metals_stale_cap1,confirmation,daily,1694,0.5826505350239533,0.583344814905814,0.015790250832072368,0.05843299103267485
WPM,metals_stale_cap1,confirmation,monthly,81,0.647549137465814,0.6595990254154733,0.06659899292716641,0.06728421418944386
WPM,metals_stale_cap1,recent,daily,938,0.6148113301184994,0.6189296051574571,0.01454170049169422,0.01343480810497788
WPM,metals_stale_cap1,recent,monthly,45,0.6323311380636639,0.6413149972526496,0.06730770060678759,-0.001811320620522694
RGLD,gold_stale,full,daily,3813,0.4311776039524998,0.43139322437030525,0.017585536838834515,0.02873956203377015
RGLD,gold_stale,full,monthly,182,0.5045758643825473,0.5280127911802056,0.08356639333785539,-0.0033603129001320564
RGLD,gold_stale,confirmation,daily,1694,0.42229793058515774,0.4230704660259309,0.017249395163942992,0.048503038743497706
RGLD,gold_stale,confirmation,monthly,81,0.4867941861723879,0.49772831416402036,0.0775266438323211,0.052893016644421365
RGLD,gold_stale,recent,daily,938,0.5134552518663864,0.516546682101654,0.014085109179351867,0.040985596813658765
RGLD,gold_stale,recent,monthly,45,0.5610903044158781,0.5835355113983787,0.06900597014665354,-0.020046738788724094
RGLD,gold_recent,full,daily,3813,0.4333270235891653,0.4335126673643476,0.017552279996497836,0.030888981670435633
RGLD,gold_recent,full,monthly,182,0.5103079848901397,0.5337488350100218,0.08308154991200181,0.0023718076074603633
RGLD,gold_recent,confirmation,daily,1694,0.4261073596027616,0.4268669639857414,0.01719242892316922,0.052312467761101544
RGLD,gold_recent,confirmation,monthly,81,0.4998312836142048,0.5130743233065194,0.07653559488030191,0.06593011408623828
RGLD,gold_recent,recent,daily,938,0.5124217882994446,0.5154812215920123,0.014100060245657763,0.03995213324671698
RGLD,gold_recent,recent,monthly,45,0.5608543912383286,0.5837142576403346,0.06902451294816735,-0.020282651966273657
RGLD,metals_504q,full,daily,3813,0.44378599586340306,0.44393678187002844,0.017389546113367713,0.04134795394467339
RGLD,metals_504q,full,monthly,182,0.5192494050750005,0.5413859188443978,0.0823195511511835,0.011313227792321134
RGLD,metals_504q,confirmation,daily,1694,0.43484301277986626,0.43761135066522105,0.017061077686730798,0.06104812093820622
RGLD,metals_504q,confirmation,monthly,81,0.5236758291018107,0.5347575532683726,0.07468897679360725,0.08977465957384412
RGLD,metals_504q,recent,daily,938,0.5293936578142536,0.5374854723261927,0.01385248571737071,0.05692400276152598
RGLD,metals_504q,recent,monthly,45,0.5866560241874117,0.6061436742747401,0.06696608116526237,0.005518980982809452
RGLD,metals_504m,full,daily,3813,0.4439628054920921,0.444119960652295,0.017386781994207307,0.04152476357336243
RGLD,metals_504m,full,monthly,182,0.5252304367275062,0.5484211192901662,0.08180587857333858,0.017294259444826876
RGLD,metals_504m,confirmation,daily,1694,0.4332554609701652,0.43589555635568816,0.01708502355579445,0.05946056912850517
RGLD,metals_504m,confirmation,monthly,81,0.526963372935916,0.5402623533965689,0.07443078242970781,0.09306220340794946
RGLD,metals_504m,recent,daily,938,0.5299968110203168,0.5364087631311819,0.013843605843425128,0.05752715596758917
RGLD,metals_504m,recent,monthly,45,0.5826675171803115,0.6044344646032886,0.06728839558866016,0.0015304739757092678
RGLD,metals_252q,full,daily,3813,0.44627958636497733,0.4465310232362546,0.017350522359941292,0.04384154444624766
RGLD,metals_252q,full,monthly,182,0.5227577809124341,0.5402765481712473,0.08201862925174276,0.01482160362975471
RGLD,metals_252q,confirmation,daily,1694,0.4327332201346791,0.4344948769503659,0.017092893452938678,0.05893832829301904
RGLD,metals_252q,confirmation,monthly,81,0.5126799792060428,0.5208975973404625,0.07554614828658364,0.07877880967807627
RGLD,metals_252q,recent,daily,938,0.5285413703673913,0.5341320416876179,0.013865023753982422,0.056071715314663706
RGLD,metals_252q,recent,monthly,45,0.569801582761331,0.586763300378629,0.06831773868230168,-0.011335460443271272
RGLD,metals_126q,full,daily,3813,0.44519743707282,0.4457273693428583,0.017367468358728235,0.04275939515409033
RGLD,metals_126q,full,monthly,182,0.533481707960382,0.5490006682646663,0.08109188896982833,0.0255455306777026
RGLD,metals_126q,confirmation,daily,1694,0.4344110116182337,0.43574457178413667,0.01706759711196606,0.06061611977657366
RGLD,metals_126q,confirmation,monthly,81,0.5363582253403625,0.5521048602617481,0.07368795082703117,0.10245705581239595
RGLD,metals_126q,recent,daily,938,0.5235955289090868,0.5285303396395266,0.013937559600807696,0.05112587385635914
RGLD,metals_126q,recent,monthly,45,0.5691153816745989,0.5899933696354416,0.0683722031169878,-0.012021661530003391
RGLD,metals_ewq,full,daily,3813,0.44891370270876285,0.44906250624646443,0.017309203874006855,0.04647566079003318
RGLD,metals_ewq,full,monthly,182,0.5285581248972722,0.5485388268808133,0.0815186833065698,0.020621947614592795
RGLD,metals_ewq,confirmation,daily,1694,0.4373796528964844,0.43930004115876853,0.017022746314921348,0.06358476105482436
RGLD,metals_ewq,confirmation,monthly,81,0.5294713231032755,0.5405886200523413,0.07423321128923177,0.09557015357530896
RGLD,metals_ewq,recent,daily,938,0.5302037314875474,0.5357324419965948,0.01384055816119118,0.05773407643481976
RGLD,metals_ewq,recent,monthly,45,0.5791823172536705,0.5993155825529333,0.06756877866607162,-0.0019547259509317128
RGLD,metals_ewm,full,daily,3813,0.4485181839435679,0.44866878998997267,0.01731541423256595,0.04608014202483823
RGLD,metals_ewm,full,monthly,182,0.5351949247205793,0.5559179422298199,0.08094285326390854,0.02725874743789991
RGLD,metals_ewm,confirmation,daily,1694,0.43369393092554387,0.4352309328433843,0.01707841324154115,0.05989903908388383
RGLD,metals_ewm,confirmation,monthly,81,0.5360009977610739,0.5495631322899064,0.07371633297599618,0.10209982823310737
RGLD,metals_ewm,recent,daily,938,0.5295648335381169,0.5330514721261288,0.013849966175325447,0.05709517848538925
RGLD,metals_ewm,recent,monthly,45,0.5761064643840895,0.5975000043143067,0.06781526691934171,-0.005030578820512721
RGLD,metals_blend,full,daily,3813,0.4504944803809182,0.4506302632847875,0.017284360529920155,0.048056438462188544
RGLD,metals_blend,full,monthly,182,0.5310709442664894,0.5518575159948493,0.08130114279693437,0.023134766983810007
RGLD,metals_blend,confirmation,daily,1694,0.4389799382028172,0.4404894733517222,0.01699851980995641,0.06518504636115718
RGLD,metals_blend,confirmation,monthly,81,0.5346461970876806,0.549732749487756,0.07382387430866974,0.10074502755971404
RGLD,metals_blend,recent,daily,938,0.528978409386403,0.5349776089002874,0.013858595871510393,0.056508754333675304
RGLD,metals_blend,recent,monthly,45,0.5798103183695162,0.6008769832929843,0.06751834220257483,-0.0013267248350860017
RGLD,calls_3atm,full,daily,3813,0.4479193273418227,0.4481002194273414,0.017324813125052057,0.04548128542309304
RGLD,calls_3atm,full,monthly,182,0.5290605113984705,0.548466133382533,0.0814752370149098,0.021124334115791177
RGLD,calls_3atm,confirmation,daily,1694,0.4360205832468639,0.43824887230205206,0.017043294046186236,0.06222569140520384
RGLD,calls_3atm,confirmation,monthly,81,0.5290150622900147,0.5393323167208689,0.07426919368555177,0.09511389276204818
RGLD,calls_3atm,recent,daily,938,0.5286504583144214,0.5346971344369393,0.013863419589391569,0.056180803261693724
RGLD,calls_3atm,recent,monthly,45,0.5795185283308713,0.5993661540767852,0.06754178133195246,-0.0016185148737309918
RGLD,calls_12itm,full,daily,3813,0.4449436246801133,0.44518377412073384,0.017371440559790938,0.04250558276138361
RGLD,calls_12itm,full,monthly,182,0.520421903041496,0.5365871266866097,0.08221910569220403,0.01248572575881668
RGLD,calls_12itm,confirmation,daily,1694,0.43083079146812964,0.43390390751035446,0.01712153147085223,0.0570358996264696
RGLD,calls_12itm,confirmation,monthly,81,0.5111763708323058,0.516102241573547,0.07566260598416545,0.07727520130433929
RGLD,calls_12itm,recent,daily,938,0.5306327396557805,0.5358589128474275,0.013834237263101679,0.05816308460305286
RGLD,calls_12itm,recent,monthly,45,0.5808968934192142,0.5972418612373431,0.06743098732598081,-0.0002401497853879997
RGLD,calls_24itm,full,daily,3813,0.4440412252136867,0.44435395883564677,0.017385555893962762,0.04160318329495705
RGLD,calls_24itm,full,monthly,182,0.5147722900857231,0.527505372678577,0.08270197397982003,0.006836112803043748
RGLD,calls_24itm,confirmation,daily,1694,0.4283860473021196,0.4321627002304095,0.017158263001706975,0.05459115546045956
RGLD,calls_24itm,confirmation,monthly,81,0.4976272660144262,0.49985817614555034,0.0767040384178407,0.06372609648645966
RGLD,calls_24itm,recent,daily,938,0.5338107213609234,0.5382847040181452,0.01378732344007311,0.0613410663081958
RGLD,calls_24itm,recent,monthly,45,0.5841378796270664,0.5958425090693451,0.06716975441672078,0.0030008364224641815
RGLD,calls_12atm,full,daily,3813,0.44332255730030823,0.4436876246436262,0.017396789106363258,0.04088451538157856
RGLD,calls_12atm,full,monthly,182,0.5183448400781647,0.5320779972106384,0.08239695967781213,0.010408662795485357
RGLD,calls_12atm,confirmation,daily,1694,0.4258126697671629,0.4305073379368829,0.017196842452345838,0.052017777925502884
RGLD,calls_12atm,confirmation,monthly,81,0.5049894246604631,0.5089172721058819,0.07613992389121008,0.07108825513249661
RGLD,calls_12atm,recent,daily,938,0.5271051836866991,0.533640344238065,0.013886125945534159,0.054635528633971475
RGLD,calls_12atm,recent,monthly,45,0.5710759352256498,0.5865908872786123,0.06821647674745197,-0.010061107978952433
RGLD,market_q,full,daily,3813,0.4713618391818498,0.47142816451034913,0.01695299922545415,0.06892379726312015
RGLD,market_q,full,monthly,182,0.5438352542784983,0.5629785899868524,0.08018699482339894,0.03589907699581896
RGLD,market_q,confirmation,daily,1694,0.4574072792141053,0.4585754068019255,0.01671702113133492,0.08361238737244525
RGLD,market_q,confirmation,monthly,81,0.5457763313054852,0.5634669719871048,0.0729356873439265,0.11187516177751866
RGLD,market_q,recent,daily,938,0.5448540328484697,0.549520085905036,0.013623044419690157,0.07238437779574203
RGLD,market_q,recent,monthly,45,0.5607425270843205,0.584884675216883,0.06903330374208248,-0.020394516120281758
RGLD,market_m,full,daily,3813,0.47340689318932117,0.4734261876932055,0.016920175834235593,0.0709688512705915
RGLD,market_m,full,monthly,182,0.5541662435590762,0.5728681891663921,0.07927377736550284,0.04623006627639681
RGLD,market_m,confirmation,daily,1694,0.4571985502729792,0.4584998667039729,0.016720236241374985,0.08340365843131914
RGLD,market_m,confirmation,monthly,81,0.5547640091830057,0.5730760050540162,0.07221049656024997,0.12086283965503919
RGLD,market_m,recent,daily,938,0.5483015744850386,0.5515843920791874,0.01357135189499171,0.07583191943231093
RGLD,market_m,recent,monthly,45,0.5658177689197077,0.5903877138894749,0.06863333487296139,-0.015319274284894546
RGLD,market_rates,full,daily,3813,0.4704715492191377,0.47052232235263064,0.016967268660458314,0.06803350730040802
RGLD,market_rates,full,monthly,182,0.541803803618738,0.5594468023598798,0.08036534592414957,0.033867626336058665
RGLD,market_rates,confirmation,daily,1694,0.4550741008297584,0.4564087522869596,0.016752924628709406,0.08127920898809837
RGLD,market_rates,confirmation,monthly,81,0.5478250807224478,0.5603117200103653,0.07277101536216145,0.11392391119448131
RGLD,market_rates,recent,daily,938,0.545485120172605,0.549912656857941,0.013613596557336863,0.07301546511987733
RGLD,market_rates,recent,monthly,45,0.5644012074563638,0.5863351195453411,0.06874520514228023,-0.016735835748238448
RGLD,cost_fx,full,daily,3813,0.4654926754271943,0.4655819973101242,0.017046849126896205,0.06305463350846463
RGLD,cost_fx,full,monthly,182,0.5166061515408321,0.532099641273479,0.0825455448129243,0.008669974258152746
RGLD,cost_fx,confirmation,daily,1694,0.44681735287577684,0.4493057236781409,0.01687936808918251,0.0730224610341168
RGLD,cost_fx,confirmation,monthly,81,0.49444010246260306,0.4988953922285773,0.0769469674064848,0.060538932934636525
RGLD,cost_fx,recent,daily,938,0.5544980290965312,0.5588941464438173,0.013477943704431365,0.08202837404380359
RGLD,cost_fx,recent,monthly,45,0.5918343711926597,0.6072357165378652,0.06654528568668543,0.010697327988057448
RGLD,market_calls,full,daily,3813,0.46695909661457213,0.46699434286259867,0.01702344904558855,0.06452105469584246
RGLD,market_calls,full,monthly,182,0.5363880098894069,0.5504075952177008,0.08083890241026412,0.028451832606727567
RGLD,market_calls,confirmation,daily,1694,0.4494835319608398,0.45152208246579406,0.016838642141511456,0.07568864011917975
RGLD,market_calls,confirmation,monthly,81,0.535592573486163,0.5422416456732534,0.07374876937914505,0.10169140395819642
RGLD,market_calls,recent,daily,938,0.5465532574082573,0.550184789082393,0.013597590763841524,0.07408360235552969
RGLD,market_calls,recent,monthly,45,0.5752351976421108,0.5944091733282106,0.06788492457165568,-0.0059018455624914035
RGLD,v4_gold_quarterly,full,daily,3813,0.41719694334141133,0.43544578791206673,0.017800335888670183,0.014758901422681658
RGLD,v4_gold_quarterly,full,monthly,182,0.5151557161976905,0.5186339926684754,0.08266929204257759,0.007219538915011148
RGLD,v4_gold_quarterly,confirmation,daily,1694,0.40406924044577397,0.4269740926328417,0.017519423504411036,0.030274348604113932
RGLD,v4_gold_quarterly,confirmation,monthly,81,0.4772970813289129,0.4795515759498522,0.07824068828621142,0.043395911800946374
RGLD,v4_gold_quarterly,recent,daily,938,0.4725681211563809,0.5213938314965728,0.01466499810033496,9.846610365327191e-05
RGLD,v4_gold_quarterly,recent,monthly,45,0.5791127908163143,0.5811888113873209,0.06757436020723001,-0.0020242523882879615
RGLD,v4_gold_silver_quarterly,full,daily,3813,0.40243804191872967,0.4334856289819392,0.01802431454997413,0.0
RGLD,v4_gold_silver_quarterly,full,monthly,182,0.5079361772826794,0.5133620140723874,0.083282508286471,0.0
RGLD,v4_gold_silver_quarterly,confirmation,daily,1694,0.37379489184166004,0.4252798053593797,0.017958919876460134,0.0
RGLD,v4_gold_silver_quarterly,confirmation,monthly,81,0.43390116952796653,0.45897289131688623,0.08142379283617036,0.0
RGLD,v4_gold_silver_quarterly,recent,daily,938,0.47246965505272764,0.5412079094556053,0.014666366938560334,0.0
RGLD,v4_gold_silver_quarterly,recent,monthly,45,0.5811370432046022,0.5847295203318343,0.06741166528170892,0.0
RGLD,v4_gold_silver_options_quarterly,full,daily,3813,0.3821294907280548,0.42075678592647353,0.01832803985179907,-0.020308551190674873
RGLD,v4_gold_silver_options_quarterly,full,monthly,182,0.502033286968115,0.510300989896377,0.08378055540189687,-0.0059028903145643685
RGLD,v4_gold_silver_options_quarterly,confirmation,daily,1694,0.36166492452736854,0.4177753052069473,0.018132023126009457,-0.012129967314291501
RGLD,v4_gold_silver_options_quarterly,confirmation,monthly,81,0.4166181301375882,0.4464641003199482,0.0826573854296711,-0.01728303939037834
RGLD,v4_gold_silver_options_quarterly,recent,daily,938,0.46752086359070166,0.5395875461942261,0.014734999354539053,-0.004948791462025981
RGLD,v4_gold_silver_options_quarterly,recent,monthly,45,0.5781079369648252,0.5818987498846204,0.06765497785764096,-0.003029106239777035
RGLD,calls_3atm_raw,full,daily,3813,0.4472527006455317,0.44747853746931043,0.017335269657275446,0.044814658726802015
RGLD,calls_3atm_raw,full,monthly,182,0.5292885191637029,0.5481439989701758,0.08145551130041406,0.02135234188102353
RGLD,calls_3atm_raw,confirmation,daily,1694,0.4352416785178148,0.437680346977202,0.017055059122695237,0.061446786676154774
RGLD,calls_3atm_raw,confirmation,monthly,81,0.5289122992995638,0.5385080556076473,0.07427729554568305,0.09501112977159731
RGLD,calls_3atm_raw,recent,daily,938,0.5282675848831764,0.5344948051425932,0.013869049018400201,0.055797929830448734
RGLD,calls_3atm_raw,recent,monthly,45,0.5791314728295356,0.5985600357141153,0.06757286047158531,-0.0020055703750666565
RGLD,calls_12itm_raw,full,daily,3813,0.44183556736356144,0.4422120501827657,0.017420008655284556,0.03939752544483177
RGLD,calls_12itm_raw,full,monthly,182,0.5157183494030353,0.529435468509168,0.08262131169929511,0.0077821721203559235
RGLD,calls_12itm_raw,confirmation,daily,1694,0.4253576697463677,0.4293399102315095,0.017203654701399146,0.051562777904707646
RGLD,calls_12itm_raw,confirmation,monthly,81,0.5023372583553389,0.5051188414420638,0.07634362254953621,0.0684360888273724
RGLD,calls_12itm_raw,recent,daily,938,0.5294582287401077,0.5345382587761209,0.013851535349268862,0.056988573687380084
RGLD,calls_12itm_raw,recent,monthly,45,0.5835383714754394,0.5976174950759854,0.06721815304559572,0.0024013282708371664
RGLD,calls_24itm_raw,full,daily,3813,0.44000847823531175,0.4406198338581598,0.01744849659076798,0.03757043631658208
RGLD,calls_24itm_raw,full,monthly,182,0.5062471850114844,0.5160414269823399,0.08342531802717179,-0.0016889922711950112
RGLD,calls_24itm_raw,confirmation,daily,1694,0.4198754778527479,0.4258074051631683,0.01728552289618813,0.04608058601108789
RGLD,calls_24itm_raw,confirmation,monthly,81,0.47756476573863693,0.47937903510531693,0.07822065157528722,0.0436635962106704
RGLD,calls_24itm_raw,recent,daily,938,0.5323111324825963,0.5375207483751702,0.013809480445798035,0.05984147742986867
RGLD,calls_24itm_raw,recent,monthly,45,0.582952199928066,0.5933618894961363,0.06726544133271961,0.0018151567234637733
RGLD,calls_12atm_raw,full,daily,3813,0.43876538016987454,0.4395558735512056,0.017467852391350864,0.03632733825114487
RGLD,calls_12atm_raw,full,monthly,182,0.511107180785727,0.5212209929943782,0.08301372611157466,0.0031710035030476647
RGLD,calls_12atm_raw,confirmation,daily,1694,0.41567627472414137,0.423293308008104,0.01734797030256299,0.04188138288248133
RGLD,calls_12atm_raw,confirmation,monthly,81,0.48624952767171603,0.4887729994726276,0.07756777192074397,0.052348358143749496
RGLD,calls_12atm_raw,recent,daily,938,0.5252458575954159,0.5324587225972843,0.013913397874254668,0.05277620254268822
RGLD,calls_12atm_raw,recent,monthly,45,0.5674871791161464,0.5814590604800588,0.06850126182959562,-0.01364986408845581
RGLD,market_calls_raw,full,daily,3813,0.4635174330269176,0.4636326855624208,0.017078317927271432,0.06107939110818794
RGLD,market_calls_raw,full,monthly,182,0.5344834686473696,0.5463050096606855,0.0810047773562714,0.02654729136469025
RGLD,market_calls_raw,confirmation,daily,1694,0.44463377774490687,0.44734502348188887,0.016912649202081718,0.07083888590324683
RGLD,market_calls_raw,confirmation,monthly,81,0.531604986426462,0.5365225001977668,0.07406471077692708,0.0977038168984955
RGLD,market_calls_raw,recent,daily,938,0.5438108797760051,0.5477696097559053,0.013638646873025646,0.07134122472327742
RGLD,market_calls_raw,recent,monthly,45,0.5806787165318716,0.5990928001247584,0.06744853666946306,-0.00045832667273060235
RGLD,adaptive_metals,full,daily,3813,0.4479796133568962,0.4482447447019586,0.017323867183171422,0.045541571438166506
RGLD,adaptive_metals,full,monthly,182,0.5291138085104271,0.5477975093552215,0.08147062653118506,0.02117763122774774
RGLD,adaptive_metals,confirmation,daily,1694,0.4354793297181496,0.43827141279946097,0.017051470347106298,0.061684437876489584
RGLD,adaptive_metals,confirmation,monthly,81,0.5302863243387628,0.5414913948637995,0.07416889387072603,0.09638515481079624
RGLD,adaptive_metals,recent,daily,938,0.5246214466944594,0.5325576189358786,0.013922544527047966,0.05215179164173178
RGLD,adaptive_metals,recent,monthly,45,0.5746314878228364,0.5916057468090559,0.06793314919343109,-0.006505555381765893
RGLD,metals_ewq_cap1,full,daily,3813,0.44891370270876285,0.44906250624646443,0.017309203874006855,0.04647566079003318
RGLD,metals_ewq_cap1,full,monthly,182,0.5285581248972722,0.5485388268808133,0.0815186833065698,0.020621947614592795
RGLD,metals_ewq_cap1,confirmation,daily,1694,0.4373796528964844,0.43930004115876853,0.017022746314921348,0.06358476105482436
RGLD,metals_ewq_cap1,confirmation,monthly,81,0.5294713231032755,0.5405886200523413,0.07423321128923177,0.09557015357530896
RGLD,metals_ewq_cap1,recent,daily,938,0.5302037314875474,0.5357324419965948,0.01384055816119118,0.05773407643481976
RGLD,metals_ewq_cap1,recent,monthly,45,0.5791823172536705,0.5993155825529333,0.06756877866607162,-0.0019547259509317128
RGLD,metals_stale_cap1,full,daily,3813,0.4404461336773515,0.44062477802716155,0.017441676914203712,0.038008091758621854
RGLD,metals_stale_cap1,full,monthly,182,0.5128177414055731,0.5347458044962557,0.08286837274165836,0.004881564122893756
RGLD,metals_stale_cap1,confirmation,daily,1694,0.4291517306502489,0.43272392408340077,0.017146767307185406,0.05535683880858888
RGLD,metals_stale_cap1,confirmation,monthly,81,0.510242969031981,0.5195633105351539,0.07573480987006953,0.07634179950401443
RGLD,metals_stale_cap1,recent,daily,938,0.523342328638774,0.5346872233066681,0.01394126288792838,0.0508726735860463
RGLD,metals_stale_cap1,recent,monthly,45,0.5868632279942163,0.6050734803957017,0.066949294460836,0.005726184789614064
GFI,gold_stale,full,daily,3813,0.417335756930005,0.4177971040857066,0.026367747671352762,0.05873053829496633
GFI,gold_stale,full,monthly,182,0.5393876352653302,0.5585849975589732,0.10964268750380499,0.0170758110568745
GFI,gold_stale,confirmation,daily,1694,0.4361380162431949,0.4367907145892287,0.027753740135277264,0.10349459649035708
GFI,gold_stale,confirmation,monthly,81,0.5744908478826389,0.6099448414481174,0.11677901033569282,0.017145660870509394
GFI,gold_stale,recent,daily,938,0.4988920150668491,0.500158673154808,0.023281938149687032,0.16766994962065718
GFI,gold_stale,recent,monthly,45,0.6025474699118897,0.6429035735163915,0.10694012205945659,-0.008106563466201644
GFI,gold_recent,full,daily,3813,0.41900782872864273,0.41950631573418934,0.026329886721711455,0.06040261009360404
GFI,gold_recent,full,monthly,182,0.5396094268971704,0.5589115540936639,0.1096162870416201,0.01729760268871472
GFI,gold_recent,confirmation,daily,1694,0.4370106295633408,0.4375526907067054,0.027732256455648502,0.10436720981050296
GFI,gold_recent,confirmation,monthly,81,0.5721004500804336,0.608572133421476,0.11710656773406136,0.014755263068304103
GFI,gold_recent,recent,daily,938,0.5004425834961621,0.5013527452220623,0.023245889824071376,0.16922051804997018
GFI,gold_recent,recent,monthly,45,0.6014122247663154,0.6445903061186592,0.10709273989139433,-0.009241808611775926
GFI,metals_504q,full,daily,3813,0.4231984292734634,0.4234649183335227,0.0262347583134394,0.06459321063842471
GFI,metals_504q,full,monthly,182,0.5436548447229353,0.5625799723442727,0.10913362934000527,0.02134302051447967
GFI,metals_504q,confirmation,daily,1694,0.44282249632436155,0.44368924763994655,0.027588741929851095,0.1101790765715237
GFI,metals_504q,confirmation,monthly,81,0.5840855211638416,0.6230441302511968,0.1154548967634342,0.026740334151712064
GFI,metals_504q,recent,daily,938,0.5115295992328686,0.5132016884731744,0.022986486590296933,0.18030753378667663
GFI,metals_504q,recent,monthly,45,0.6137459750783245,0.6579324881867308,0.10542280114237258,0.0030919417002331917
GFI,metals_504m,full,daily,3813,0.4230711696906464,0.4231467197730912,0.026237652237830433,0.0644659510556077
GFI,metals_504m,full,monthly,182,0.5477444728733555,0.5653948444004409,0.10864351741404044,0.025432648664899804
GFI,metals_504m,confirmation,daily,1694,0.4378067951806881,0.4400187466056334,0.027712640383103223,0.10516337542785026
GFI,metals_504m,confirmation,monthly,81,0.5925467625158092,0.6326094776017068,0.11427447219810173,0.03520157550367964
GFI,metals_504m,recent,daily,938,0.5075727680651243,0.5104156494268519,0.02307939927986611,0.17635070261893238
GFI,metals_504m,recent,monthly,45,0.6134194948702298,0.6549175811738068,0.1054673459055061,0.002765461492138521
GFI,metals_252q,full,daily,3813,0.4292124193767447,0.4292939623484819,0.02609763230463489,0.07060720074170601
GFI,metals_252q,full,monthly,182,0.5477359498583139,0.5601331725329292,0.10864454113394542,0.025424125649858187
GFI,metals_252q,confirmation,daily,1694,0.4375260463030197,0.43852512410118255,0.02771955910919865,0.10488262655018188
GFI,metals_252q,confirmation,monthly,81,0.5705566048548829,0.6082670285409737,0.11731763553513447,0.01321141784275337
GFI,metals_252q,recent,daily,938,0.5014934194362023,0.5039518272010581,0.023221427694908266,0.17027135399001037
GFI,metals_252q,recent,monthly,45,0.6030406036405277,0.6442463112523074,0.1068737592298201,-0.007613429737563626
GFI,metals_126q,full,daily,3813,0.42750684347070056,0.4276666535192929,0.026136594514618347,0.06890162483566187
GFI,metals_126q,full,monthly,182,0.5299589863231963,0.5374571303229789,0.11075918547289326,0.007647162114740591
GFI,metals_126q,confirmation,daily,1694,0.43584257661791326,0.4369073465236348,0.027761010071049662,0.10319915686507541
GFI,metals_126q,confirmation,monthly,81,0.5616342808049823,0.5939022997854466,0.11853009427202667,0.004289093792852805
GFI,metals_126q,recent,daily,938,0.49741068760817875,0.4999751762287085,0.023316324674399404,0.16618862216198682
GFI,metals_126q,recent,monthly,45,0.577952117718486,0.6144158371873105,0.11019931760446744,-0.03270191565960534
GFI,metals_ewq,full,daily,3813,0.4283726165835283,0.428536220989572,0.026116824040382892,0.06976739794848963
GFI,metals_ewq,full,monthly,182,0.5439616688694182,0.5601918536628662,0.10909693511572008,0.021649844660962536
GFI,metals_ewq,confirmation,daily,1694,0.44166984854986324,0.44241114549499966,0.027617263964875384,0.1090264287970254
GFI,metals_ewq,confirmation,monthly,81,0.5766809468442964,0.617368501199815,0.1164780913845337,0.019335759832166843
GFI,metals_ewq,recent,daily,938,0.5079186979915198,0.509334762126535,0.02307129122142347,0.17669663254532786
GFI,metals_ewq,recent,monthly,45,0.6069502803810392,0.6538862329289354,0.10634615390073977,-0.0037037529970521677
GFI,metals_ewm,full,daily,3813,0.42729386795912216,0.4273914245534292,0.026141455653062185,0.06868864932408347
GFI,metals_ewm,full,monthly,182,0.5499675829504462,0.5640820046218353,0.10837616408399489,0.027655758741990555
GFI,metals_ewm,confirmation,daily,1694,0.43446087176070236,0.4367887353390477,0.0277949846885714,0.10181745200786452
GFI,metals_ewm,confirmation,monthly,81,0.5882556391654064,0.6283184008784313,0.11487464110614001,0.030910452153276813
GFI,metals_ewm,recent,daily,938,0.5081098958840238,0.5099120112307628,0.02306680861782251,0.17688783043783185
GFI,metals_ewm,recent,monthly,45,0.6034781084915858,0.6431463219417349,0.1068148480678031,-0.007175924886505536
GFI,metals_blend,full,daily,3813,0.4297680178571709,0.4298896890233713,0.02608492763520066,0.0711627992221322
GFI,metals_blend,full,monthly,182,0.5410163882498122,0.5549539711914833,0.1094486642685711,0.018704564041356564
GFI,metals_blend,confirmation,daily,1694,0.44189891714160123,0.44266767773483806,0.027611598054879977,0.10925549738876339
GFI,metals_blend,confirmation,monthly,81,0.5750164325041988,0.6119721915708106,0.1167068659217557,0.01767124549206922
GFI,metals_blend,recent,daily,938,0.5067499495100327,0.5085886680419563,0.023098673428900502,0.1755278840638408
GFI,metals_blend,recent,monthly,45,0.5976660454260755,0.6391401745444829,0.10759482548285075,-0.012987987952015834
GFI,calls_3atm,full,daily,3813,0.42841423523538114,0.42852957822878845,0.0261158732752307,0.06980901660034244
GFI,calls_3atm,full,monthly,182,0.5424417923629803,0.5568025444428282,0.10927858206473239,0.020129968154524613
GFI,calls_3atm,confirmation,daily,1694,0.44149219512865556,0.44249159900742957,0.02762165734323468,0.10884877537581772
GFI,calls_3atm,confirmation,monthly,81,0.5769181329112757,0.613061813373143,0.1164454554198646,0.019572945899146155
GFI,calls_3atm,recent,daily,938,0.5078677947432189,0.5092917282124175,0.02307248449303424,0.17664572929702693
GFI,calls_3atm,recent,monthly,45,0.6068757844472059,0.6537420535721153,0.10635623148163777,-0.0037782489308854084
GFI,calls_12itm,full,daily,3813,0.42836539493981385,0.4284847516368404,0.02611698901306261,0.06976017630477516
GFI,calls_12itm,full,monthly,182,0.5375213918556478,0.5508351266436693,0.10986458026545787,0.015209567647192168
GFI,calls_12itm,confirmation,daily,1694,0.4405802716239249,0.4417896335691325,0.02764419826812743,0.10793685187108704
GFI,calls_12itm,confirmation,monthly,81,0.5699303988919828,0.6032043491054254,0.1174031395176804,0.012585211879853286
GFI,calls_12itm,recent,daily,938,0.5081750764775631,0.509770823220839,0.023065280270255503,0.17695301103137118
GFI,calls_12itm,recent,monthly,45,0.6078608911400891,0.6522184456543717,0.10622289200607861,-0.0027931422380021997
GFI,calls_24itm,full,daily,3813,0.42766399133955435,0.42778533099916977,0.02613300705511741,0.06905877270451566
GFI,calls_24itm,full,monthly,182,0.5352866942101246,0.5480840568623364,0.1101296933406589,0.01297487000166897
GFI,calls_24itm,confirmation,daily,1694,0.439838075103968,0.4412195756006053,0.027662530323623733,0.10719465535113015
GFI,calls_24itm,confirmation,monthly,81,0.5650990380511888,0.5962870447307399,0.11806074563508294,0.007753851039059234
GFI,calls_24itm,recent,daily,938,0.5087686137686522,0.5105158146172288,0.023051358408903978,0.1775465483224603
GFI,calls_24itm,recent,monthly,45,0.6068837038230175,0.6490051728887535,0.10635516021818518,-0.003770329555073837
GFI,calls_12atm,full,daily,3813,0.4282653143836559,0.4283752022278977,0.0261192751661119,0.0696600957486172
GFI,calls_12atm,full,monthly,182,0.5398464983883733,0.5536222212816218,0.1095880607437726,0.01753467417991761
GFI,calls_12atm,confirmation,daily,1694,0.4411810677816308,0.4422555088462051,0.027629349855663152,0.10853764802879295
GFI,calls_12atm,confirmation,monthly,81,0.570108886409689,0.6038656334770464,0.11737877465961254,0.012763699397559503
GFI,calls_12atm,recent,daily,938,0.5081938799874159,0.5096989829266408,0.023064839348751174,0.17697181454122402
GFI,calls_12atm,recent,monthly,45,0.6057974364880118,0.6511681447398026,0.10650200027393636,-0.004856596890079556
GFI,market_q,full,daily,3813,0.43277766822923425,0.4328848700463625,0.026015999219163855,0.07417244959419556
GFI,market_q,full,monthly,182,0.5350965391246683,0.5477613094686201,0.11015222290797577,0.01278471491621258
GFI,market_q,confirmation,daily,1694,0.44358562332560325,0.4442292218787806,0.027569842272517145,0.11094220357276541
GFI,market_q,confirmation,monthly,81,0.578004242132989,0.6185798882485624,0.11629589363855171,0.020659055120859415
GFI,market_q,recent,daily,938,0.5105967825918789,0.5117439705577704,0.02300842440891888,0.17937471714568698
GFI,market_q,recent,monthly,45,0.5996142459375815,0.6466934539681902,0.10733400898778031,-0.011039787440509818
GFI,market_m,full,daily,3813,0.43055916989452214,0.4307216847570246,0.02606682596135324,0.07195395125948345
GFI,market_m,full,monthly,182,0.539344761525695,0.5488868392518369,0.10964779014869105,0.017032937317239316
GFI,market_m,confirmation,daily,1694,0.4341086740235327,0.4371312887273946,0.027803638207475338,0.10146525427069486
GFI,market_m,confirmation,monthly,81,0.5901687087960681,0.6282151544556003,0.11460746191450007,0.03282352178393855
GFI,market_m,recent,daily,938,0.5111338706387074,0.5128702179508178,0.022995795822153248,0.17991180519251548
GFI,market_m,recent,monthly,45,0.5968385893429764,0.6346693724048121,0.10770541056173336,-0.013815444035114921
GFI,market_rates,full,daily,3813,0.4322610130158102,0.43236650013099626,0.026027844876071758,0.07365579438077152
GFI,market_rates,full,monthly,182,0.5370532199706339,0.5489545241422893,0.10992017472555166,0.014741395762178255
GFI,market_rates,confirmation,daily,1694,0.44532628850190714,0.44598921181407286,0.02752668427947825,0.1126828687490693
GFI,market_rates,confirmation,monthly,81,0.580146804389406,0.6193504603940423,0.11600028844954516,0.022801617377276484
GFI,market_rates,recent,daily,938,0.5144803742460531,0.515387762900736,0.022916952494368866,0.18325830879986116
GFI,market_rates,recent,monthly,45,0.6013119021199917,0.6489008578477794,0.10710621640996563,-0.009342131258099573
GFI,cost_fx,full,daily,3813,0.4274010536520332,0.427500061119562,0.026139009266515873,0.06879583501699449
GFI,cost_fx,full,monthly,182,0.4936379054405642,0.5009289459599867,0.11495886571070407,-0.028673918767891493
GFI,cost_fx,confirmation,daily,1694,0.43615881032900006,0.4380739770525994,0.027753228379749136,0.10351539057616221
GFI,cost_fx,confirmation,monthly,81,0.512331015103209,0.5387996881973218,0.12501810324914245,-0.04501417190892054
GFI,cost_fx,recent,daily,938,0.5241037235337107,0.5256738271331691,0.022688700537479522,0.19288165808751878
GFI,cost_fx,recent,monthly,45,0.5931937449762591,0.6342304590000277,0.10819117899752304,-0.017460288401832225
GFI,market_calls,full,daily,3813,0.43254348255946906,0.432609951051152,0.026021369199451305,0.07393826392443037
GFI,market_calls,full,monthly,182,0.5310318019992756,0.5407720459127704,0.11063271558497065,0.0087199777908199
GFI,market_calls,confirmation,daily,1694,0.4445051366072652,0.445577953719257,0.027547052316531005,0.11186171685442736
GFI,market_calls,confirmation,monthly,81,0.5732760868263753,0.6066124050464752,0.11694558429957017,0.01593089981424578
GFI,market_calls,recent,daily,938,0.5146510158898046,0.5157396514435982,0.022912924922771468,0.18342895044361263
GFI,market_calls,recent,monthly,45,0.603546119474528,0.6491599175844692,0.10680568729446946,-0.0071079139035633565
GFI,v4_gold_quarterly,full,daily,3813,0.39459573944372894,0.4009167907499349,0.02687735867453174,0.03599052080869025
GFI,v4_gold_quarterly,full,monthly,182,0.5498111016798188,0.55325876079783,0.1083950042444824,0.02749927747136316
GFI,v4_gold_quarterly,confirmation,daily,1694,0.4001931825785411,0.4350213839046728,0.028624691113282478,0.06754976282570324
GFI,v4_gold_quarterly,confirmation,monthly,81,0.6026893552080945,0.6043293539939553,0.11284321161791486,0.045344168195964984
GFI,v4_gold_quarterly,recent,daily,938,0.42698575775620695,0.5039310500998967,0.02489637849477314,0.09576369231001503
GFI,v4_gold_quarterly,recent,monthly,45,0.6388440091345993,0.6401853393807082,0.10194019362715134,0.028189975756507946
GFI,v4_gold_silver_quarterly,full,daily,3813,0.3586052186350387,0.3894586317172025,0.027664737993163775,0.0
GFI,v4_gold_silver_quarterly,full,monthly,182,0.5223118242084557,0.5247268683226755,0.11165652868411928,0.0
GFI,v4_gold_silver_quarterly,confirmation,daily,1694,0.33264341975283784,0.43422783359982636,0.030193543431885177,0.0
GFI,v4_gold_silver_quarterly,confirmation,monthly,81,0.5573451870121295,0.5718541455879,0.11910854870674875,0.0
GFI,v4_gold_silver_quarterly,recent,daily,938,0.3312220654461919,0.5125213838636955,0.026896417498457847,0.0
GFI,v4_gold_silver_quarterly,recent,monthly,45,0.6106540333780913,0.6286589930018636,0.10584391187102844,0.0
GFI,v4_gold_silver_options_quarterly,full,daily,3813,0.35035297882807126,0.3841666878673557,0.027842137643021406,-0.008252239806967432
GFI,v4_gold_silver_options_quarterly,full,monthly,182,0.5213987781706111,0.5251912911876959,0.11176318705198725,-0.0009130460378445893
GFI,v4_gold_silver_options_quarterly,confirmation,daily,1694,0.31991899113488953,0.4286294117095878,0.03048003306687484,-0.012724428617948313
GFI,v4_gold_silver_options_quarterly,confirmation,monthly,81,0.5618717498190083,0.5800982811933801,0.11849798519465307,0.004526562806878798
GFI,v4_gold_silver_options_quarterly,recent,daily,938,0.32559300509765166,0.5120325362321777,0.02700937300949411,-0.005629060348540271
GFI,v4_gold_silver_options_quarterly,recent,monthly,45,0.6145724027392928,0.6362579740775134,0.10530995963655634,0.00391836936120149
GFI,calls_3atm_raw,full,daily,3813,0.4265316075329696,0.42661829087111236,0.02615884674593253,0.0679263888979309
GFI,calls_3atm_raw,full,monthly,182,0.5405257419341927,0.5523181987343277,0.10950714809990247,0.018213917725736994
GFI,calls_3atm_raw,confirmation,daily,1694,0.44007286031605497,0.44153714287590146,0.027656732505660298,0.10742944056321713
GFI,calls_3atm_raw,confirmation,monthly,81,0.5780307822550377,0.610056285576969,0.11629223654522317,0.02068559524290814
GFI,calls_3atm_raw,recent,daily,938,0.507417088242937,0.5090159921880423,0.02308304724306594,0.17619502279674504
GFI,calls_3atm_raw,recent,monthly,45,0.6066915880795352,0.6529254806945051,0.10638114490153293,-0.003962445298556161
GFI,calls_12itm_raw,full,daily,3813,0.42452034596736454,0.4247502317788152,0.026204678594883405,0.06591512733232585
GFI,calls_12itm_raw,full,monthly,182,0.529992990332798,0.5406466228720938,0.11075517909428541,0.007681166124342331
GFI,calls_12itm_raw,confirmation,daily,1694,0.4345897914786405,0.43673473656648265,0.027791816449944697,0.10194637172580268
GFI,calls_12itm_raw,confirmation,monthly,81,0.561257249080596,0.5875788628580091,0.11858105628706943,0.003912062068466504
GFI,calls_12itm_raw,recent,daily,938,0.506520587770628,0.5082935415087997,0.02310404325721103,0.1752985223244361
GFI,calls_12itm_raw,recent,monthly,45,0.6089428785748825,0.6510100408450092,0.10607624605674944,-0.0017111548032088253
GFI,calls_24itm_raw,full,daily,3813,0.4234873436148102,0.4237125644558719,0.026228187121821785,0.06488212497977153
GFI,calls_24itm_raw,full,monthly,182,0.5252690204669815,0.5348990963065706,0.11131037935915498,0.0029571962585258627
GFI,calls_24itm_raw,confirmation,daily,1694,0.4331670324025214,0.4356956901926265,0.02782676118135585,0.10052361264968357
GFI,calls_24itm_raw,confirmation,monthly,81,0.5490625563752061,0.5714189203385966,0.12021771994637419,-0.008282630636923471
GFI,calls_24itm_raw,recent,daily,938,0.5076319146606417,0.5097753611721562,0.02307801317771913,0.1764098492144498
GFI,calls_24itm_raw,recent,monthly,45,0.606009076814346,0.6452586363177464,0.10647340692328479,-0.004644956563745306
GFI,calls_12atm_raw,full,daily,3813,0.4245132953991809,0.42464725027406025,0.02620483911950489,0.06590807676414223
GFI,calls_12atm_raw,full,monthly,182,0.530321160749075,0.5402280412935305,0.11071650635195018,0.008009336540619305
GFI,calls_12atm_raw,confirmation,daily,1694,0.43586439080371187,0.437885547822923,0.02776047335057,0.10322097105087402
GFI,calls_12atm_raw,confirmation,monthly,81,0.5561583413730402,0.5802458986870108,0.11926811867909559,-0.001186845639089329
GFI,calls_12atm_raw,recent,daily,938,0.5075882036421502,0.5092842826723754,0.02307903755470762,0.17636613819595826
GFI,calls_12atm_raw,recent,monthly,45,0.6053589425488942,0.6501440018480333,0.10656121792783163,-0.005295090829197102
GFI,market_calls_raw,full,daily,3813,0.42651936123344547,0.4268348405869387,0.026159126052836306,0.06791414259840678
GFI,market_calls_raw,full,monthly,182,0.5193986422884367,0.5261425323138094,0.1119964799115565,-0.0029131819200189923
GFI,market_calls_raw,confirmation,daily,1694,0.4359252984314532,0.43825171186772766,0.027758974712485757,0.10328187867861538
GFI,market_calls_raw,confirmation,monthly,81,0.5606906973362351,0.58766460698018,0.1186575938821495,0.0033455103241055717
GFI,market_calls_raw,recent,daily,938,0.5125175670811561,0.5138525605518733,0.022963228881733678,0.18129550163496422
GFI,market_calls_raw,recent,monthly,45,0.6062017779882782,0.6504955868592022,0.10644736563819536,-0.004452255389813087
GFI,adaptive_metals,full,daily,3813,0.43029656946827977,0.4303680448767394,0.026072835690774263,0.07169135083324107
GFI,adaptive_metals,full,monthly,182,0.5415363355685916,0.5520700547328932,0.10938665370462658,0.01922451136013592
GFI,adaptive_metals,confirmation,daily,1694,0.4425824068124016,0.44325288916135114,0.027594685326834137,0.10993898705956373
GFI,adaptive_metals,confirmation,monthly,81,0.5770617011616883,0.6163087847665951,0.11642569649127243,0.019716514149558773
GFI,adaptive_metals,recent,daily,938,0.5087824010480526,0.5103744065463253,0.023051034918021785,0.17756033560186069
GFI,adaptive_metals,recent,monthly,45,0.6098789762022551,0.6545769950804987,0.10594920935058054,-0.0007750571758362579
GFI,metals_ewq_cap1,full,daily,3813,0.4283726165835283,0.428536220989572,0.026116824040382892,0.06976739794848963
GFI,metals_ewq_cap1,full,monthly,182,0.5439616688694182,0.5601918536628662,0.10909693511572008,0.021649844660962536
GFI,metals_ewq_cap1,confirmation,daily,1694,0.44166984854986324,0.44241114549499966,0.027617263964875384,0.1090264287970254
GFI,metals_ewq_cap1,confirmation,monthly,81,0.5766809468442964,0.617368501199815,0.1164780913845337,0.019335759832166843
GFI,metals_ewq_cap1,recent,daily,938,0.5079186979915198,0.509334762126535,0.02307129122142347,0.17669663254532786
GFI,metals_ewq_cap1,recent,monthly,45,0.6069502803810392,0.6538862329289354,0.10634615390073977,-0.0037037529970521677
GFI,metals_stale_cap1,full,daily,3813,0.4198417481189345,0.42003998637519285,0.02631098380980473,0.061236529483895796
GFI,metals_stale_cap1,full,monthly,182,0.5429867012283238,0.5614290452353636,0.10921349241448483,0.020674877019868143
GFI,metals_stale_cap1,confirmation,daily,1694,0.4394101229825391,0.44060774709250117,0.02767309510661861,0.10676670322970128
GFI,metals_stale_cap1,confirmation,monthly,81,0.5848778173028304,0.6219609736248262,0.11534487646034682,0.027532630290700855
GFI,metals_stale_cap1,recent,daily,938,0.5082278719595816,0.5106698746794893,0.02306404225321606,0.1770058065133897
GFI,metals_stale_cap1,recent,monthly,45,0.6159687390358846,0.6572935306469758,0.10511902683330927,0.0053147056577932394
KGC,gold_stale,full,daily,3813,0.4580547577537347,0.4583560619254606,0.023178116406440886,0.06845344733576553
KGC,gold_stale,full,monthly,182,0.4749923463436546,0.48222535925903587,0.11267175159307587,0.03354825620541935
KGC,gold_stale,confirmation,daily,1694,0.4913990579034535,0.49299360361638583,0.022074573184818674,0.11457803914842046
KGC,gold_stale,confirmation,monthly,81,0.532903967973157,0.5408849797356515,0.10113672869369697,0.08573144099989449
KGC,gold_stale,recent,daily,938,0.5342551430261351,0.5374388349470604,0.019105722379072453,0.1406624547367583
KGC,gold_stale,recent,monthly,45,0.643029054644212,0.6797841664796098,0.08173508628112006,0.04960646689459969
KGC,gold_recent,full,daily,3813,0.4590821939396983,0.45934209580887375,0.023156135096139487,0.0694808835217291
KGC,gold_recent,full,monthly,182,0.47893332890518947,0.4863284378654463,0.11224806839360454,0.0374892387669542
KGC,gold_recent,confirmation,daily,1694,0.4912807655042247,0.49279906106087895,0.022077140130916866,0.11445974674919168
KGC,gold_recent,confirmation,monthly,81,0.5347189164669441,0.5430967839566794,0.10094004900014064,0.08754638949368165
KGC,gold_recent,recent,daily,938,0.5322150057632665,0.5354917692729393,0.01914752177193529,0.13862231747388976
KGC,gold_recent,recent,monthly,45,0.6444768819971158,0.6827928986243345,0.08156916447396087,0.05105429424750352
KGC,metals_504q,full,daily,3813,0.46619641521203503,0.46620844492227015,0.023003354838154706,0.07659510479406584
KGC,metals_504q,full,monthly,182,0.49870670566822084,0.506874422934249,0.11009768219070394,0.05726261552998557
KGC,metals_504q,confirmation,daily,1694,0.5022908125547444,0.5059367220408775,0.02183692909129394,0.12546979379971135
KGC,metals_504q,confirmation,monthly,81,0.5628085285953692,0.572078475087067,0.09784567953553752,0.11563600162210674
KGC,metals_504q,recent,daily,938,0.5513725163577361,0.5597239295452998,0.018751342511873697,0.15777982806835933
KGC,metals_504q,recent,monthly,45,0.6738853197910506,0.7096211701595689,0.07812270374123462,0.08046273204143828
KGC,metals_504m,full,daily,3813,0.4671963302555111,0.467215566662085,0.022981799922824158,0.07759501983754191
KGC,metals_504m,full,monthly,182,0.5092060589028614,0.5176032720716857,0.10893860882204355,0.06776196876462615
KGC,metals_504m,confirmation,daily,1694,0.4998361268020436,0.5045916141322759,0.021890712375522165,0.12301510804701055
KGC,metals_504m,confirmation,monthly,81,0.5736800416348757,0.5839196485256108,0.09662147110368326,0.12650751466161325
KGC,metals_504m,recent,daily,938,0.5517274185235541,0.5598819714555178,0.018743924097957707,0.15813473023417735
KGC,metals_504m,recent,monthly,45,0.6767210170754785,0.7124246821774929,0.07778230811424715,0.08329842932586617
KGC,metals_252q,full,daily,3813,0.4667604789264357,0.4674351954402981,0.02299119794404496,0.07715916850846649
KGC,metals_252q,full,monthly,182,0.5157829162726157,0.5196125010574243,0.10820623407471089,0.07433882613438048
KGC,metals_252q,confirmation,daily,1694,0.5062735029324731,0.5085518479083928,0.02174938357971744,0.12945248417744004
KGC,metals_252q,confirmation,monthly,81,0.5792414775883381,0.5929924053974143,0.09598917825342515,0.13206895061507562
KGC,metals_252q,recent,daily,938,0.5499577208727816,0.5554547764583142,0.018780886435101438,0.15636503258340484
KGC,metals_252q,recent,monthly,45,0.668839839135059,0.7079578507620727,0.07872472154207319,0.07541725138544664
KGC,metals_126q,full,daily,3813,0.46947626078595805,0.4699331128523329,0.02293257627472082,0.07987495036798886
KGC,metals_126q,full,monthly,182,0.5302719053585124,0.5345914360461396,0.1065750381343593,0.08882781522027716
KGC,metals_126q,confirmation,daily,1694,0.5075864077255405,0.5090257305015999,0.021720446629307354,0.1307653889705075
KGC,metals_126q,confirmation,monthly,81,0.5890169844454711,0.6058378012343505,0.09486756429950584,0.14184445747220864
KGC,metals_126q,recent,daily,938,0.5427967399472804,0.5469845965522627,0.01892971555358094,0.14920405165790362
KGC,metals_126q,recent,monthly,45,0.6779062422293771,0.7210121982485176,0.07763959206097966,0.0844836544797648
KGC,metals_ewq,full,daily,3813,0.47217291790969884,0.4721772040135908,0.022874218772566596,0.08257160749172965
KGC,metals_ewq,full,monthly,182,0.5125631188984308,0.5197558919300189,0.10856539621850475,0.07111902876019549
KGC,metals_ewq,confirmation,daily,1694,0.505968114440514,0.5081933622781507,0.021756108947634353,0.129147095685481
KGC,metals_ewq,confirmation,monthly,81,0.5782020842648583,0.5919693229006584,0.0961076654215842,0.13102955729159582
KGC,metals_ewq,recent,daily,938,0.5511222977634749,0.5562672974998861,0.018756570992845643,0.1575296094740981
KGC,metals_ewq,recent,monthly,45,0.6771592102246738,0.7176933553930845,0.07772957466422217,0.08373662247506153
KGC,metals_ewm,full,daily,3813,0.47592666338885636,0.47595212690820077,0.02279273640539389,0.08632535297088717
KGC,metals_ewm,full,monthly,182,0.5221552625223613,0.5294154509379593,0.1074918734834554,0.08071117238412606
KGC,metals_ewm,confirmation,daily,1694,0.5036134799753673,0.5064915695444488,0.021807893853286887,0.12679246122033427
KGC,metals_ewm,confirmation,monthly,81,0.5844992017965358,0.5982635424905999,0.09538756100754173,0.13732667482327332
KGC,metals_ewm,recent,daily,938,0.5548738667750408,0.5588424348432377,0.018678025976231954,0.16128117848566403
KGC,metals_ewm,recent,monthly,45,0.674778903018012,0.7126950085414208,0.0780155987435329,0.0813563152683997
KGC,metals_blend,full,daily,3813,0.4741915741760756,0.4741937284621514,0.022830436045132376,0.08459026375810641
KGC,metals_blend,full,monthly,182,0.5203192926520366,0.5278763363964881,0.10769817756413515,0.07887520251380131
KGC,metals_blend,confirmation,daily,1694,0.5081665767123134,0.5102147720975836,0.02170764718212881,0.1313455579572803
KGC,metals_blend,confirmation,monthly,81,0.5790911808817164,0.5927547208014964,0.09600632059100242,0.13191865390845392
KGC,metals_blend,recent,daily,938,0.5492751120136634,0.555037487826376,0.018795124143984793,0.15568242372428664
KGC,metals_blend,recent,monthly,45,0.6780196141008514,0.7181483309294622,0.0776259269086285,0.08459702635123911
KGC,calls_3atm,full,daily,3813,0.4715582745388538,0.47160981677141833,0.022887533167372194,0.0819569641208846
KGC,calls_3atm,full,monthly,182,0.5113217453613217,0.5170535909371998,0.10870355206816716,0.06987765522308642
KGC,calls_3atm,confirmation,daily,1694,0.5044243052326041,0.5075277877125621,0.02179007546259463,0.12760328647757102
KGC,calls_3atm,confirmation,monthly,81,0.5695059392763708,0.5788116298884,0.09709332974902704,0.12233341230310835
KGC,calls_3atm,recent,daily,938,0.5510062414576584,0.5561873908210019,0.018758995570457432,0.15741355316828165
KGC,calls_3atm,recent,monthly,45,0.6769280531450683,0.717287378331204,0.07775739724261026,0.083505465395456
KGC,calls_12itm,full,daily,3813,0.47216513882414224,0.4721997212464072,0.02287438733141408,0.08256382840617305
KGC,calls_12itm,full,monthly,182,0.5134552626761437,0.5200698052425179,0.10846599842431176,0.07201117253790845
KGC,calls_12itm,confirmation,daily,1694,0.5049316881147077,0.5076796361435635,0.021778917991913643,0.12811066935967463
KGC,calls_12itm,confirmation,monthly,81,0.5677497510486422,0.5781414519329988,0.097291172913585,0.12057722407537974
KGC,calls_12itm,recent,daily,938,0.5507904707408426,0.5563653994443362,0.018763502488061478,0.15719778245146587
KGC,calls_12itm,recent,monthly,45,0.6779164463622018,0.7180008682095299,0.07763836221568533,0.08449385861258951
KGC,calls_24itm,full,daily,3813,0.47208691394823843,0.4721250063981846,0.022876082255292585,0.08248560353026924
KGC,calls_24itm,full,monthly,182,0.5134094538397175,0.5200806326583832,0.10847110441339305,0.07196536370148221
KGC,calls_24itm,confirmation,daily,1694,0.505315992946832,0.5079766572161442,0.021770463231085814,0.128494974191799
KGC,calls_24itm,confirmation,monthly,81,0.5642858025032513,0.5740963245593483,0.09768022893760162,0.11711327552998885
KGC,calls_24itm,recent,daily,938,0.5515068950810348,0.557166359375556,0.018748533978874226,0.15791420679165802
KGC,calls_24itm,recent,monthly,45,0.6774714536254793,0.7165293088899838,0.07769197653720619,0.08404886587586702
KGC,calls_12atm,full,daily,3813,0.47182678878500883,0.47185609601312145,0.02288171756907313,0.08222547836703964
KGC,calls_12atm,full,monthly,182,0.5112942140384229,0.5173348890900167,0.10870661411401565,0.06985012390018763
KGC,calls_12atm,confirmation,daily,1694,0.5041842550722164,0.5068651031705602,0.02179535223251779,0.12736323631718338
KGC,calls_12atm,confirmation,monthly,81,0.5636381590727189,0.572592977064658,0.09775279768601162,0.11646563209945637
KGC,calls_12atm,recent,daily,938,0.5500214458846219,0.555484234869359,0.01877955672161066,0.1564287575952451
KGC,calls_12atm,recent,monthly,45,0.6749456575463968,0.7133698144232375,0.07799559524045903,0.08152306979678448
KGC,market_q,full,daily,3813,0.4900958446437369,0.4901233352992824,0.022482505652802586,0.1004945342257677
KGC,market_q,full,monthly,182,0.5137966639665519,0.520348364265025,0.10842793724802748,0.07235257382831661
KGC,market_q,confirmation,daily,1694,0.5199395742718469,0.5221589785502604,0.02144626598621586,0.14311855551681385
KGC,market_q,confirmation,monthly,81,0.5882403323441202,0.6009666026752671,0.09495715962899287,0.14106780537085772
KGC,market_q,recent,daily,938,0.5658273700306846,0.5696834145746317,0.01844678347075233,0.17223468174130785
KGC,market_q,recent,monthly,45,0.6795323191581188,0.7205347727631221,0.07744336396090054,0.08610973140850653
KGC,market_m,full,daily,3813,0.49400929176312747,0.494090984269401,0.022396064344579757,0.10440798134515827
KGC,market_m,full,monthly,182,0.5251685348685801,0.5309500373324969,0.10715241747411018,0.0837244447303448
KGC,market_m,confirmation,daily,1694,0.5198334193617095,0.5233584039281439,0.02144863704251822,0.14301240060667642
KGC,market_m,confirmation,monthly,81,0.6001772223042452,0.6123956353418172,0.0935706355116029,0.1530046953309827
KGC,market_m,recent,daily,938,0.5711051163084091,0.5746172466543393,0.01833432230414489,0.17751242801903233
KGC,market_m,recent,monthly,45,0.6835589149103307,0.7204312198757036,0.07695529781923444,0.0901363271607184
KGC,market_rates,full,daily,3813,0.4889586664540292,0.48900091436623805,0.0225075617110272,0.09935735603606
KGC,market_rates,full,monthly,182,0.5113910982168782,0.5183368338800612,0.10869583823071755,0.06994700807864296
KGC,market_rates,confirmation,daily,1694,0.5198088911285359,0.5217267341885783,0.021449184863288548,0.14298787237350286
KGC,market_rates,confirmation,monthly,81,0.5878078513159006,0.6026455896891649,0.09500701442957167,0.14063532434263815
KGC,market_rates,recent,daily,938,0.5655486335065354,0.569299558729895,0.01845270388922814,0.17195594521715862
KGC,market_rates,recent,monthly,45,0.6801505683310821,0.7241073421522419,0.07736862567498384,0.0867279805814698
KGC,cost_fx,full,daily,3813,0.4902438838524176,0.49028626524181884,0.022479241770835923,0.10064257343444838
KGC,cost_fx,full,monthly,182,0.48349348517631874,0.48726151934335843,0.11175581509484898,0.04204939503808347
KGC,cost_fx,confirmation,daily,1694,0.521163064183775,0.524242959459003,0.021418919397655584,0.14434204542874196
KGC,cost_fx,confirmation,monthly,81,0.5221880478499799,0.5309629897275464,0.10229026828796069,0.07501552087671737
KGC,cost_fx,recent,daily,938,0.5756525140857891,0.5807781870366114,0.018236867621482626,0.18205982579641233
KGC,cost_fx,recent,monthly,45,0.674877987160927,0.7218515635824542,0.07800371344815347,0.08145539941131463
KGC,market_calls,full,daily,3813,0.4887408954428889,0.4887511869390939,0.02251235679519246,0.09913958502491971
KGC,market_calls,full,monthly,182,0.514813949406502,0.5211995574875953,0.1083144457203747,0.07336985926826678
KGC,market_calls,confirmation,daily,1694,0.5189756244691619,0.5212434703034909,0.021467786981678557,0.14215460571412886
KGC,market_calls,confirmation,monthly,81,0.580814695857963,0.5928928066087767,0.09580955818161209,0.13364216888470049
KGC,market_calls,recent,daily,938,0.5654019573550881,0.5694375903517954,0.018455818556823343,0.17180926906571137
KGC,market_calls,recent,monthly,45,0.6831447163533055,0.7260868306768588,0.0770056458163649,0.08972212860369322
KGC,v4_gold_quarterly,full,daily,3813,0.4211167883905711,0.4231921110459728,0.02395498553818633,0.0315154779726019
KGC,v4_gold_quarterly,full,monthly,182,0.45964663938946615,0.4615235917964279,0.11430656050137736,0.018202549251230882
KGC,v4_gold_quarterly,confirmation,daily,1694,0.4362492988824138,0.4698496330606167,0.023240597139149118,0.05942828012738077
KGC,v4_gold_quarterly,confirmation,monthly,81,0.4973802428659291,0.5016541671617252,0.10491210261306524,0.05020771589266659
KGC,v4_gold_quarterly,recent,daily,938,0.4511281702332268,0.5213621265712699,0.020740771156440494,0.05753548194385005
KGC,v4_gold_quarterly,recent,monthly,45,0.6138969871555711,0.6194509233221461,0.0850048462121235,0.020474399405958743
KGC,v4_gold_silver_quarterly,full,daily,3813,0.3896013104179692,0.40896401485886175,0.02459842110416238,0.0
KGC,v4_gold_silver_quarterly,full,monthly,182,0.44144409013823527,0.44333347020816444,0.11621590117118696,0.0
KGC,v4_gold_silver_quarterly,confirmation,daily,1694,0.37682101875503304,0.4637137900432507,0.02443487566448218,0.0
KGC,v4_gold_silver_quarterly,confirmation,monthly,81,0.4471725269732625,0.4814569312378157,0.11002734206086952,0.0
KGC,v4_gold_silver_quarterly,recent,daily,938,0.39359268828937677,0.5412488581493591,0.021800760480488166,0.0
KGC,v4_gold_silver_quarterly,recent,monthly,45,0.5934225877496123,0.6134149531277099,0.08722956654401308,0.0
KGC,v4_gold_silver_options_quarterly,full,daily,3813,0.37062628646849216,0.3953915942264637,0.02497783174426162,-0.018975023949477032
KGC,v4_gold_silver_options_quarterly,full,monthly,182,0.45228765585084274,0.4546186143003576,0.11508228942471989,0.010843565712607472
KGC,v4_gold_silver_options_quarterly,confirmation,daily,1694,0.36703893816176725,0.45950094298501465,0.02462590683462432,-0.009782080593265796
KGC,v4_gold_silver_options_quarterly,confirmation,monthly,81,0.4516815594599276,0.4887667819086825,0.10957771477974851,0.004509032486665121
KGC,v4_gold_silver_options_quarterly,recent,daily,938,0.386575548252708,0.5433059996772012,0.0219265331857049,-0.007017140036668756
KGC,v4_gold_silver_options_quarterly,recent,monthly,45,0.6063878998816399,0.6288608621225709,0.08582747007581502,0.012965312132027562
KGC,calls_3atm_raw,full,daily,3813,0.46940529714467705,0.4696512238086356,0.022934109971122697,0.07980398672670785
KGC,calls_3atm_raw,full,monthly,182,0.5103326054242056,0.5146452410835506,0.10881351058274079,0.06888851528597029
KGC,calls_3atm_raw,confirmation,daily,1694,0.5014681311273379,0.5056304650930452,0.021854969162580642,0.12464711237230486
KGC,calls_3atm_raw,confirmation,monthly,81,0.5657475725638333,0.5729332810541604,0.09751623842053403,0.11857504559057086
KGC,calls_3atm_raw,recent,daily,938,0.5498479822200781,0.5554939577887473,0.018783176068372102,0.15625529393070137
KGC,calls_3atm_raw,recent,monthly,45,0.6768535516590839,0.7163011009113384,0.07776636228547763,0.08343096390947158
KGC,calls_12itm_raw,full,daily,3813,0.46892511560022554,0.46909909864146954,0.02294448516509118,0.07932380518225635
KGC,calls_12itm_raw,full,monthly,182,0.51079895935912,0.5163254870885526,0.10876168183373305,0.06935486922088474
KGC,calls_12itm_raw,confirmation,daily,1694,0.4999314218420601,0.5036466679744371,0.02188862688334963,0.12311040308702703
KGC,calls_12itm_raw,confirmation,monthly,81,0.5584834724261377,0.5670708343746037,0.09832847323355745,0.11131094545287523
KGC,calls_12itm_raw,recent,daily,938,0.5495644204525005,0.5552525129993593,0.018789091128047466,0.15597173216312377
KGC,calls_12itm_raw,recent,monthly,45,0.6743665985382432,0.7125415175766594,0.07806503586923924,0.0809440107886309
KGC,calls_24itm_raw,full,daily,3813,0.47056611490455924,0.47063459483533926,0.02290900898648259,0.08096480448659005
KGC,calls_24itm_raw,full,monthly,182,0.5084205722893405,0.5138399747705397,0.10902574886369554,0.06697648215110519
KGC,calls_24itm_raw,confirmation,daily,1694,0.503305175302821,0.506106079114752,0.021814665221607698,0.126484156547788
KGC,calls_24itm_raw,confirmation,monthly,81,0.5485169830241402,0.5553942650223193,0.09943207952642175,0.10134445605087772
KGC,calls_24itm_raw,recent,daily,938,0.551030194841422,0.556844940443649,0.018758495176627327,0.15743750655204525
KGC,calls_24itm_raw,recent,monthly,45,0.6723107888406821,0.7075677788907853,0.07831107075771829,0.07888820109106975
KGC,calls_12atm_raw,full,daily,3813,0.46845389765976153,0.46862992627366457,0.022954662125168366,0.07885258724179234
KGC,calls_12atm_raw,full,monthly,182,0.5087086672738513,0.5133532480966986,0.10899379637238882,0.06726457713561607
KGC,calls_12atm_raw,confirmation,daily,1694,0.49819610810104464,0.5018891351128136,0.0219265724186911,0.1213750893460116
KGC,calls_12atm_raw,confirmation,monthly,81,0.552240128101323,0.5583308529768276,0.09902124853345702,0.10506760112806046
KGC,calls_12atm_raw,recent,daily,938,0.5485806255063445,0.5545339747203782,0.018809598534316206,0.15498793721696769
KGC,calls_12atm_raw,recent,monthly,45,0.6731609046712411,0.7103047384667615,0.07820942457550811,0.0797383169216288
KGC,market_calls_raw,full,daily,3813,0.481401114163554,0.4815922429527403,0.022673377840747747,0.09179980374558483
KGC,market_calls_raw,full,monthly,182,0.5118837338465563,0.5166438250163538,0.10864102860024642,0.07043964370832101
KGC,market_calls_raw,confirmation,daily,1694,0.5108005997704496,0.514516842238641,0.021649441292447686,0.13397958101541652
KGC,market_calls_raw,confirmation,monthly,81,0.5705480620625798,0.5804561097806503,0.09697573871836024,0.12337553508931731
KGC,market_calls_raw,recent,daily,938,0.5610874746139378,0.5660804922406079,0.018547202608572448,0.16749478632456105
KGC,market_calls_raw,recent,monthly,45,0.6823866811663943,0.7238310753002902,0.07709770380210446,0.08896409341678202
KGC,adaptive_metals,full,daily,3813,0.4703364003908773,0.47039959660461755,0.0229139784088166,0.08073508997290813
KGC,adaptive_metals,full,monthly,182,0.5143399556704866,0.520660207732366,0.10836734072409403,0.07289586553225136
KGC,adaptive_metals,confirmation,daily,1694,0.50602317045092,0.5088068122602725,0.021754896639310753,0.129202151695887
KGC,adaptive_metals,confirmation,monthly,81,0.5825997083580362,0.5952311882949363,0.09560534812166287,0.13542718138477372
KGC,adaptive_metals,recent,daily,938,0.5473720330952493,0.5540393260957371,0.01883476132496399,0.15377934480587252
KGC,adaptive_metals,recent,monthly,45,0.6767856275362699,0.7136296891374683,0.07777453494902363,0.0833630397866576
KGC,metals_ewq_cap1,full,daily,3813,0.47217291790969884,0.4721772040135908,0.022874218772566596,0.08257160749172965
KGC,metals_ewq_cap1,full,monthly,182,0.5125631188984308,0.5197558919300189,0.10856539621850475,0.07111902876019549
KGC,metals_ewq_cap1,confirmation,daily,1694,0.505968114440514,0.5081933622781507,0.021756108947634353,0.129147095685481
KGC,metals_ewq_cap1,confirmation,monthly,81,0.5782020842648583,0.5919693229006584,0.0961076654215842,0.13102955729159582
KGC,metals_ewq_cap1,recent,daily,938,0.5511222977634749,0.5562672974998861,0.018756570992845643,0.1575296094740981
KGC,metals_ewq_cap1,recent,monthly,45,0.6771592102246738,0.7176933553930845,0.07772957466422217,0.08373662247506153
KGC,metals_stale_cap1,full,daily,3813,0.4632230183121331,0.46322739814614444,0.023067332602965267,0.07362170789416389
KGC,metals_stale_cap1,full,monthly,182,0.49115573547749747,0.49843624446236073,0.11092378245364576,0.0497116453392622
KGC,metals_stale_cap1,confirmation,daily,1694,0.4984347592196675,0.5030023258839391,0.021921357808531588,0.12161374046463447
KGC,metals_stale_cap1,confirmation,monthly,81,0.5505947352767806,0.5577335040926765,0.09920301945228777,0.10342220830351812
KGC,metals_stale_cap1,recent,daily,938,0.5474284665385305,0.5578387130481224,0.018833587133745677,0.15383577824915373
KGC,metals_stale_cap1,recent,monthly,45,0.6736220598770551,0.7074551801179687,0.07815423011606178,0.08019947212744283
HMY,gold_stale,full,daily,3813,0.4045833960177774,0.4052553460801078,0.030156832695772618,0.04780669607975052
HMY,gold_stale,full,monthly,182,0.4447827795996503,0.4634248481625908,0.14914612523447912,0.03364580038647713
HMY,gold_stale,confirmation,daily,1694,0.4460011975679615,0.4472993710010859,0.029909453780349256,0.09273030046410902
HMY,gold_stale,confirmation,monthly,81,0.5348017756518453,0.54414501725047,0.12831711997997158,0.06273551664681565
HMY,gold_stale,recent,daily,938,0.49116454334228465,0.4958604842261495,0.02621282729584521,0.09387099771780083
HMY,gold_stale,recent,monthly,45,0.5606457308652768,0.5647222619620149,0.11298110653086245,0.10829769163013714
HMY,gold_recent,full,daily,3813,0.4050687476446432,0.40573764332320816,0.030144539075066777,0.048292047706616326
HMY,gold_recent,full,monthly,182,0.44735669089267105,0.4670044619769735,0.14880001309102747,0.03621971167949789
HMY,gold_recent,confirmation,daily,1694,0.4443177732267626,0.4456445283072296,0.02995486192086455,0.09104687612291007
HMY,gold_recent,confirmation,monthly,81,0.5337932362498944,0.5438218009638884,0.12845613900406455,0.061726977244864756
HMY,gold_recent,recent,daily,938,0.49014827003225037,0.4943556722396695,0.026238991066739648,0.09285472440776654
HMY,gold_recent,recent,monthly,45,0.5641623257022463,0.5692075585601465,0.11252804732883621,0.11181428646710667
HMY,metals_504q,full,daily,3813,0.408950816603426,0.40897324160966214,0.030046027940027094,0.05217411666539917
HMY,metals_504q,full,monthly,182,0.4505666945672593,0.4647219794710416,0.1483672346580934,0.039429715354086126
HMY,metals_504q,confirmation,daily,1694,0.45251775556824525,0.45542534167630033,0.029733024475948572,0.09924685846439274
HMY,metals_504q,confirmation,monthly,81,0.5481199287006977,0.55520179176298,0.1264669875094633,0.07605366969566807
HMY,metals_504q,recent,daily,938,0.5050195678300484,0.5115352466335945,0.025853491243146575,0.1077260222055646
HMY,metals_504q,recent,monthly,45,0.5688496129846126,0.5731304201402463,0.11192131099786153,0.1165015737494729
HMY,metals_504m,full,daily,3813,0.40773223164583916,0.40782345059507624,0.030076985418917235,0.05095553170781231
HMY,metals_504m,full,monthly,182,0.46041134375669646,0.4749442139375921,0.14703201758886514,0.0492743645435233
HMY,metals_504m,confirmation,daily,1694,0.4450467179275325,0.4504913505353612,0.029935208058956518,0.09177582082367997
HMY,metals_504m,confirmation,monthly,81,0.5532158383915312,0.5604163392953889,0.1257518734418756,0.08114957938650158
HMY,metals_504m,recent,daily,938,0.4971942404581562,0.5066623224283445,0.026057053517684833,0.09990069483367237
HMY,metals_504m,recent,monthly,45,0.5669624434454201,0.5703070877568287,0.11216598649308143,0.11461440421028046
HMY,metals_252q,full,daily,3813,0.4140092841826176,0.4141598922726036,0.029917177875839817,0.05723258424459077
HMY,metals_252q,full,monthly,182,0.46624255040102736,0.47701825979023194,0.14623538942694417,0.055105571187854197
HMY,metals_252q,confirmation,daily,1694,0.4482153404207593,0.45173609362114275,0.02984962503700905,0.09494444331690677
HMY,metals_252q,confirmation,monthly,81,0.5574001149845923,0.5661887046188211,0.12516163498760036,0.08533385597956267
HMY,metals_252q,recent,daily,938,0.5023437880111448,0.5064189243600707,0.025923276840737197,0.10505024238666094
HMY,metals_252q,recent,monthly,45,0.57351800788017,0.5806793767181888,0.11131373303945886,0.12116996864503038
HMY,metals_126q,full,daily,3813,0.41200915014434025,0.41255837553459673,0.02996819181708866,0.0552324502063134
HMY,metals_126q,full,monthly,182,0.46663098343218723,0.4772554524704775,0.14618216956680208,0.05549400421901407
HMY,metals_126q,confirmation,daily,1694,0.4407975490622147,0.445198470126175,0.030049593539654085,0.08752665195836218
HMY,metals_126q,confirmation,monthly,81,0.5540321204210186,0.564432229157368,0.12563694555105054,0.08196586141598894
HMY,metals_126q,recent,daily,938,0.4981450457796085,0.5011174139333999,0.02603240492503543,0.10085150015512467
HMY,metals_126q,recent,monthly,45,0.5749303879536678,0.5867946935493661,0.11112926138363428,0.12258234871852813
HMY,metals_ewq,full,daily,3813,0.41307381151065126,0.41308319510729335,0.02994104817021346,0.0562971115726244
HMY,metals_ewq,full,monthly,182,0.4624721038440035,0.4774442079686108,0.14675098169172066,0.05133512463083034
HMY,metals_ewq,confirmation,daily,1694,0.4481903334425458,0.4509729124552898,0.029850301424484593,0.09491943633869326
HMY,metals_ewq,confirmation,monthly,81,0.5520108715381389,0.5630908456114057,0.12592133425055946,0.07994461253310925
HMY,metals_ewq,recent,daily,938,0.5043475851319679,0.507947327645257,0.025871034569372207,0.10705403950748404
HMY,metals_ewq,recent,monthly,45,0.5738142544628353,0.5830079069422839,0.11127506547296337,0.12146621522769563
HMY,metals_ewm,full,daily,3813,0.4131932792176052,0.4133436850581834,0.029938000793490745,0.05641657927957833
HMY,metals_ewm,full,monthly,182,0.47100422983755164,0.48526290414594925,0.14558164117109032,0.059867250624378476
HMY,metals_ewm,confirmation,daily,1694,0.44351352910494013,0.44830511846960636,0.029976531060141604,0.09024263200108762
HMY,metals_ewm,confirmation,monthly,81,0.5563186353750902,0.5658093557082435,0.12531445605093244,0.08425237637006056
HMY,metals_ewm,recent,daily,938,0.5027621485226824,0.5070952466634906,0.02591237819689539,0.1054686028981986
HMY,metals_ewm,recent,monthly,45,0.5680425428634253,0.5740317493696071,0.11202601473566924,0.1156945036282856
HMY,metals_blend,full,daily,3813,0.41548740071738066,0.4155004656797301,0.029879422161125508,0.05871070077935381
HMY,metals_blend,full,monthly,182,0.46251574085199487,0.4764414295779534,0.14674502488112726,0.05137876163882171
HMY,metals_blend,confirmation,daily,1694,0.4501787660407889,0.45324290403671375,0.029796470471592416,0.09690786893693637
HMY,metals_blend,confirmation,monthly,81,0.5543695544996541,0.5639858796536518,0.125589406018325,0.08230329549462445
HMY,metals_blend,recent,daily,938,0.5042121133512281,0.5083925241983874,0.025874569865042652,0.10691856772674424
HMY,metals_blend,recent,monthly,45,0.5747099401975801,0.5823059909398509,0.11115807433585417,0.12236190096244048
HMY,calls_3atm,full,daily,3813,0.41154858778692716,0.4115946245409745,0.02997992628487497,0.0547718878489003
HMY,calls_3atm,full,monthly,182,0.4630590306965122,0.4762626870067764,0.14667084109142664,0.05192205148333906
HMY,calls_3atm,confirmation,daily,1694,0.44442644374087403,0.4482016661078384,0.029951932756269277,0.09115554663702152
HMY,calls_3atm,confirmation,monthly,81,0.5489869813887807,0.5567373648345291,0.12634559889457164,0.07692072238375103
HMY,calls_3atm,recent,daily,938,0.5043475850892362,0.507947327575411,0.025871034570487415,0.10705403946475234
HMY,calls_3atm,recent,monthly,45,0.5738142541441063,0.583007906654691,0.11127506551457268,0.12146621490896659
HMY,calls_12itm,full,daily,3813,0.4117495311339978,0.41181898370856107,0.02997480710172375,0.05497283119597096
HMY,calls_12itm,full,monthly,182,0.4558301610673948,0.4678063158449668,0.14765485951209562,0.044693181854221664
HMY,calls_12itm,confirmation,daily,1694,0.44452758660620895,0.44811416615225763,0.029949206238639583,0.09125668950235644
HMY,calls_12itm,confirmation,monthly,81,0.5325386877581881,0.5386693745148894,0.12862885870498778,0.0604724287531585
HMY,calls_12itm,recent,daily,938,0.5042843308713676,0.5080726208583733,0.025872685323919748,0.10699078524688377
HMY,calls_12itm,recent,monthly,45,0.5584738290809708,0.5657013183553599,0.11326001739389474,0.1061257898458311
HMY,calls_24itm,full,daily,3813,0.4116663859006917,0.4117355139687244,0.029976925395207386,0.05488968596266486
HMY,calls_24itm,full,monthly,182,0.45415098473349136,0.46571340034840986,0.14788249760678132,0.0430140055203182
HMY,calls_24itm,confirmation,daily,1694,0.4447028626574261,0.4482439746417144,0.029944480717940456,0.09143196555357358
HMY,calls_24itm,confirmation,monthly,81,0.525541453333535,0.5308503398087806,0.12958797887635295,0.05347519432850534
HMY,calls_24itm,recent,daily,938,0.5047890707915121,0.5086332647687668,0.025859510127119945,0.10749552516702832
HMY,calls_24itm,recent,monthly,45,0.5522686102787756,0.5587401831285291,0.11405311997025759,0.09992057104363594
HMY,calls_12atm,full,daily,3813,0.4116751770874201,0.4117115971221878,0.029976701428968803,0.05489847714939322
HMY,calls_12atm,full,monthly,182,0.4604459220091065,0.4733535528442191,0.14702730641525993,0.04930894279593334
HMY,calls_12atm,confirmation,daily,1694,0.4445995105658104,0.4480265097063807,0.02994726722674572,0.09132861346195786
HMY,calls_12atm,confirmation,monthly,81,0.5401937930317955,0.5471054177687394,0.1275713037964988,0.06812753402676586
HMY,calls_12atm,recent,daily,938,0.5034031628587252,0.5070165408707522,0.02589567033508213,0.1061096172342414
HMY,calls_12atm,recent,monthly,45,0.5690435843931791,0.5775668294201581,0.1118961318755803,0.11669554515803948
HMY,market_q,full,daily,3813,0.4189393503715658,0.4189537592265969,0.02979106222330412,0.06216265043353897
HMY,market_q,full,monthly,182,0.45619906447361025,0.4704066321794917,0.14760480196435422,0.04506208526043709
HMY,market_q,confirmation,daily,1694,0.4556544847082641,0.4577372458516147,0.029647726353529753,0.10238358760441157
HMY,market_q,confirmation,monthly,81,0.5656693065504756,0.5814443136233745,0.12398691095214931,0.09360304754544602
HMY,market_q,recent,daily,938,0.5133363799883626,0.5160615388549694,0.02563537201358433,0.11604283436387874
HMY,market_q,recent,monthly,45,0.5760402649699552,0.5867221243446946,0.11098408465685455,0.12369222573481553
HMY,market_m,full,daily,3813,0.4196080782135333,0.41973539252141884,0.029773914402309413,0.06283137827550644
HMY,market_m,full,monthly,182,0.46395059344251455,0.4763948823035715,0.14654902082338164,0.05281361422934139
HMY,market_m,confirmation,daily,1694,0.45270498992400154,0.4569222541540717,0.02972793981814361,0.09943409282014903
HMY,market_m,confirmation,monthly,81,0.5716051315516995,0.5845420239058776,0.1231367563560062,0.09953887254666982
HMY,market_m,recent,daily,938,0.5124582746438624,0.5163730798700086,0.025658489020114982,0.11516472901937858
HMY,market_m,recent,monthly,45,0.5749902904257094,0.5818727113066032,0.11112143072269007,0.1226422511905697
HMY,market_rates,full,daily,3813,0.41939554076309105,0.4194112245354387,0.02977936545391433,0.06261884082506419
HMY,market_rates,full,monthly,182,0.4569348289363768,0.4703310615782234,0.14750491327307533,0.045797849723203665
HMY,market_rates,confirmation,daily,1694,0.4565074671213242,0.45821528843499376,0.02962448844386965,0.10323657001747166
HMY,market_rates,confirmation,monthly,81,0.5629761969868285,0.578020365615119,0.12437071335016779,0.09090993798179892
HMY,market_rates,recent,daily,938,0.514293359510404,0.5168533658137926,0.025610154802802182,0.11699981388592018
HMY,market_rates,recent,monthly,45,0.5697645411333396,0.5806353934996891,0.1118024959121522,0.11741650189819997
HMY,cost_fx,full,daily,3813,0.41294564795609223,0.41315766232673456,0.029944317015405578,0.05616894801806538
HMY,cost_fx,full,monthly,182,0.4102357111338386,0.4160714642386601,0.15371623800110493,-0.0009012680793345496
HMY,cost_fx,confirmation,daily,1694,0.44469574678542956,0.4490736478034338,0.029944672579553668,0.09142484968157705
HMY,cost_fx,confirmation,monthly,81,0.46454051980578537,0.4689726836759309,0.13766669469343432,-0.0075257391992442635
HMY,cost_fx,recent,daily,938,0.5181414488106344,0.5220151612552716,0.025508502770053645,0.12084790318615057
HMY,cost_fx,recent,monthly,45,0.5576733549559971,0.5685152067977743,0.11336263946335541,0.10532531572085746
HMY,market_calls,full,daily,3813,0.41849433815021164,0.41850034553019133,0.029802467959886527,0.06171763821218479
HMY,market_calls,full,monthly,182,0.45277158591296585,0.46357494110046665,0.14806923443881245,0.04163460669979269
HMY,market_calls,confirmation,daily,1694,0.4533457404191632,0.45567265335762264,0.029710532596915685,0.10007484331531069
HMY,market_calls,confirmation,monthly,81,0.5458913185159959,0.5550584543922555,0.12677846281302083,0.0738250595109663
HMY,market_calls,recent,daily,938,0.5146177667894518,0.5172862015370522,0.02560160076249153,0.11732422116496799
HMY,market_calls,recent,monthly,45,0.5567749500329742,0.5652474699580553,0.11347770588838213,0.1044269107978345
HMY,v4_gold_quarterly,full,daily,3813,0.38871023390750103,0.38900645338786316,0.030556163029413885,0.03193353396947418
HMY,v4_gold_quarterly,full,monthly,182,0.43751382426879737,0.44826106228996865,0.15011926792359576,0.02637684505562421
HMY,v4_gold_quarterly,confirmation,daily,1694,0.423539247521016,0.4397644843189955,0.030509770514371592,0.0702683504171635
HMY,v4_gold_quarterly,confirmation,monthly,81,0.5183207371796859,0.5185629099331335,0.13057034573987997,0.04625447817465622
HMY,v4_gold_quarterly,recent,daily,938,0.44625087853554923,0.4894512884715434,0.027345238034020922,0.04895733291106541
HMY,v4_gold_quarterly,recent,monthly,45,0.5231785021381481,0.5326905885613158,0.11769995921424427,0.07083046290300843
HMY,v4_gold_silver_quarterly,full,daily,3813,0.35677669993802685,0.3787881071505962,0.0313441242249923,0.0
HMY,v4_gold_silver_quarterly,full,monthly,182,0.41113697921317316,0.41362272349215096,0.15359873978177924,0.0
HMY,v4_gold_silver_quarterly,confirmation,daily,1694,0.3532708971038525,0.4451812117041939,0.032315826754843756,0.0
HMY,v4_gold_silver_quarterly,confirmation,monthly,81,0.47206625900502963,0.5111917372162756,0.1366958371245599,0.0
HMY,v4_gold_silver_quarterly,recent,daily,938,0.3972935456244838,0.5000918823800987,0.028528445263762622,0.0
HMY,v4_gold_silver_quarterly,recent,monthly,45,0.45234803923513967,0.4997333196518375,0.1261393886999998,0.0
HMY,v4_gold_silver_options_quarterly,full,daily,3813,0.3498107974987905,0.3744553533807856,0.031513390599836086,-0.006965902439236338
HMY,v4_gold_silver_options_quarterly,full,monthly,182,0.4234090032682697,0.4263961284995773,0.1519897986325028,0.012272024055096531
HMY,v4_gold_silver_options_quarterly,confirmation,daily,1694,0.3447875785924511,0.43668735218843624,0.03252708390152399,-0.008483318511401383
HMY,v4_gold_silver_options_quarterly,confirmation,monthly,81,0.47167389652523506,0.5141058966695027,0.136746624138023,-0.0003923624797945724
HMY,v4_gold_silver_options_quarterly,recent,daily,938,0.3877257766669384,0.48511453029552937,0.02875399355727539,-0.009567768957545408
HMY,v4_gold_silver_options_quarterly,recent,monthly,45,0.46833405765548797,0.5109973493263166,0.12428474311820274,0.015986018420348302
HMY,calls_3atm_raw,full,daily,3813,0.4077558102668467,0.4080596401902259,0.030076386719362354,0.050979110328819854
HMY,calls_3atm_raw,full,monthly,182,0.4635055793541948,0.4741718319444449,0.14660983877083567,0.052368600141021626
HMY,calls_3atm_raw,confirmation,daily,1694,0.4385992251725914,0.4444230043122928,0.030108600742132483,0.08532832806873891
HMY,calls_3atm_raw,confirmation,monthly,81,0.5451430065171724,0.5497272813102081,0.12688287701788195,0.07307674751214277
HMY,calls_3atm_raw,recent,daily,938,0.5033556497068978,0.5074534311435593,0.025896909122158137,0.10606210408241401
HMY,calls_3atm_raw,recent,monthly,45,0.5717303738479831,0.5801828665981313,0.11154677937921194,0.11938233461284342
HMY,calls_12itm_raw,full,daily,3813,0.40450385071466033,0.4051175109458157,0.03015884704527887,0.047727150776633476
HMY,calls_12itm_raw,full,monthly,182,0.44108478967808973,0.447806493311749,0.14964199020182442,0.02994781046491657
HMY,calls_12itm_raw,confirmation,daily,1694,0.43208177193935615,0.4381655075695993,0.030282865868135878,0.07881087483550364
HMY,calls_12itm_raw,confirmation,monthly,81,0.5051034129010327,0.5070118461920865,0.132349653535435,0.033037153896003035
HMY,calls_12itm_raw,recent,daily,938,0.4981172342354264,0.502358744877247,0.026033126240371008,0.1008236886109426
HMY,calls_12itm_raw,recent,monthly,45,0.5421432319706359,0.5483641334954855,0.11533555708624242,0.08979519273549619
HMY,calls_24itm_raw,full,daily,3813,0.40572256115290717,0.4061857912597889,0.03012797050127171,0.048945861214880315
HMY,calls_24itm_raw,full,monthly,182,0.4419264184287973,0.4492790432315833,0.14952928039654872,0.03078943921562416
HMY,calls_24itm_raw,confirmation,daily,1694,0.4336257914446616,0.4397142690720971,0.03024167229769927,0.08035489434080911
HMY,calls_24itm_raw,confirmation,monthly,81,0.49820690687569935,0.5002722765806026,0.13326862562164274,0.02614064787066972
HMY,calls_24itm_raw,recent,daily,938,0.5019004031319589,0.5063488646800959,0.02593482239136217,0.10460685750747512
HMY,calls_24itm_raw,recent,monthly,45,0.5411276263931053,0.5472270294980008,0.11546340334572072,0.08877958715796563
HMY,calls_12atm_raw,full,daily,3813,0.4071895091792431,0.40748829031316114,0.030090762732839667,0.05041280924121627
HMY,calls_12atm_raw,full,monthly,182,0.45484791015777015,0.4639760040108293,0.14778806124474161,0.04371093094459699
HMY,calls_12atm_raw,confirmation,daily,1694,0.4360716403868592,0.44180860014159556,0.030176303334142635,0.08280074328300668
HMY,calls_12atm_raw,confirmation,monthly,81,0.523354303531256,0.5257064496180045,0.12988632152342725,0.05128804452622637
HMY,calls_12atm_raw,recent,daily,938,0.5015900689891137,0.5054368738977757,0.025942900301580096,0.10429652336462991
HMY,calls_12atm_raw,recent,monthly,45,0.5691549017455589,0.5776504544171476,0.11188167938671001,0.11680686251041927
HMY,market_calls_raw,full,daily,3813,0.40899394917747256,0.4096207817206678,0.030044931596266006,0.05221724923944571
HMY,market_calls_raw,full,monthly,182,0.43989602224998015,0.4450807514061589,0.14980104387566287,0.028759043036806986
HMY,market_calls_raw,confirmation,daily,1694,0.4395555195954781,0.44442164522378885,0.030082946200726532,0.0862846224916256
HMY,market_calls_raw,confirmation,monthly,81,0.5242234282546056,0.527701259092416,0.12976784891229717,0.05215716924957592
HMY,market_calls_raw,recent,daily,938,0.5100157457916699,0.5129678800107242,0.025722681783611385,0.11272220016718604
HMY,market_calls_raw,recent,monthly,45,0.547230403461821,0.5547485919029856,0.11469303011435031,0.09488236422668128
HMY,adaptive_metals,full,daily,3813,0.4138486591017445,0.4140381882698037,0.02992127787241615,0.057071959163717656
HMY,adaptive_metals,full,monthly,182,0.46256396435545455,0.4731484162321062,0.14673844169489403,0.05142698514228139
HMY,adaptive_metals,confirmation,daily,1694,0.4465483596485964,0.45034112109917107,0.029894679956176787,0.0932774625447439
HMY,adaptive_metals,confirmation,monthly,81,0.5522592898336526,0.5610518157075981,0.12588641654950938,0.08019303082862295
HMY,adaptive_metals,recent,daily,938,0.5012722880691609,0.5056860421677543,0.02595116944363846,0.10397874244467709
HMY,adaptive_metals,recent,monthly,45,0.5705562251899805,0.5773296170217447,0.11169958364929976,0.11820818595484084
HMY,metals_ewq_cap1,full,daily,3813,0.41307381151065126,0.41308319510729335,0.02994104817021346,0.0562971115726244
HMY,metals_ewq_cap1,full,monthly,182,0.4624721038440035,0.4774442079686108,0.14675098169172066,0.05133512463083034
HMY,metals_ewq_cap1,confirmation,daily,1694,0.4481903334425458,0.4509729124552898,0.029850301424484593,0.09491943633869326
HMY,metals_ewq_cap1,confirmation,monthly,81,0.5520108715381389,0.5630908456114057,0.12592133425055946,0.07994461253310925
HMY,metals_ewq_cap1,recent,daily,938,0.5043475851319679,0.507947327645257,0.025871034569372207,0.10705403950748404
HMY,metals_ewq_cap1,recent,monthly,45,0.5738142544628353,0.5830079069422839,0.11127506547296337,0.12146621522769563
HMY,metals_stale_cap1,full,daily,3813,0.4080555250327492,0.4080763992345027,0.030068775434935607,0.05127882509472237
HMY,metals_stale_cap1,full,monthly,182,0.4485631457633904,0.4624930746048442,0.14863750448845872,0.037426166550217244
HMY,metals_stale_cap1,confirmation,daily,1694,0.45432461268233726,0.4572628407472038,0.029683919937445315,0.10105371557848475
HMY,metals_stale_cap1,confirmation,monthly,81,0.5505915321487329,0.5578807508349258,0.12612065133315,0.07852527314370328
HMY,metals_stale_cap1,recent,daily,938,0.503161483633739,0.5113182066944443,0.02590197090307157,0.1058679380092552
HMY,metals_stale_cap1,recent,monthly,45,0.564795700385907,0.5682802593886411,0.1124462527372784,0.11244766115076732
EGO,gold_stale,full,daily,3813,0.36091621527920403,0.36099887330067365,0.02834436556061577,0.04822756906214387
EGO,gold_stale,full,monthly,182,0.33699758989248607,0.3374919526600691,0.13391191969714625,0.019105357295516212
EGO,gold_stale,confirmation,daily,1694,0.44696038930496296,0.4478588879331871,0.024765427496998074,0.072666326306558
EGO,gold_stale,confirmation,monthly,81,0.49215621635538065,0.4987160137751496,0.11231148377901887,0.06083465429640411
EGO,gold_stale,recent,daily,938,0.4740442179246036,0.4804944888231486,0.021137564516023298,0.09612536256771498
EGO,gold_stale,recent,monthly,45,0.5096621521045035,0.5159965413823729,0.09934814734622296,0.013949478899770495
EGO,gold_recent,full,daily,3813,0.3618087437457631,0.3618747527130446,0.02832456612852256,0.049120097528702944
EGO,gold_recent,full,monthly,182,0.33398403935065735,0.33451566528248694,0.13421591015481357,0.016091806753687488
EGO,gold_recent,confirmation,daily,1694,0.4477268988107822,0.44847834532181713,0.02474825918089094,0.07343283581237725
EGO,gold_recent,confirmation,monthly,81,0.49058772596988587,0.49781605533330436,0.11248478871980165,0.05926616391090933
EGO,gold_recent,recent,daily,938,0.4751523733369456,0.48110356763135304,0.02111528502181383,0.09723351798005697
EGO,gold_recent,recent,monthly,45,0.511902599707053,0.5191826607996428,0.09912091712155369,0.016189926502319985
EGO,metals_504q,full,daily,3813,0.3708146584962905,0.37083328488252204,0.028124003240555133,0.05812601227923031
EGO,metals_504q,full,monthly,182,0.3435085213394027,0.34399843463940016,0.13325276486904716,0.025616288742432824
EGO,metals_504q,confirmation,daily,1694,0.458736023550945,0.461248424538473,0.024500349063673727,0.08444196055254005
EGO,metals_504q,confirmation,monthly,81,0.5085859153472345,0.513677969713898,0.11047980382577985,0.07726435328825798
EGO,metals_504q,recent,daily,938,0.4771799138885159,0.49054214397871154,0.021074460293448245,0.09926105853162726
EGO,metals_504q,recent,monthly,45,0.5345848701879257,0.541528647529127,0.09679040634535559,0.038872196983192664
EGO,metals_504m,full,daily,3813,0.3703260440496663,0.37042679513720955,0.02813492142832865,0.05763739783260613
EGO,metals_504m,full,monthly,182,0.3434303852370939,0.3440501590097534,0.13326069455451836,0.025538152640124046
EGO,metals_504m,confirmation,daily,1694,0.4543150761080329,0.4582459597301329,0.024600202818056242,0.08002101310962795
EGO,metals_504m,confirmation,monthly,81,0.5088535695342917,0.5139771908473248,0.11044971269636403,0.07753200747531519
EGO,metals_504m,recent,daily,938,0.47605148900713257,0.489119073633994,0.021097190987964684,0.09813263365024394
EGO,metals_504m,recent,monthly,45,0.5327839655564413,0.539542885563928,0.09697748878396521,0.03707129235170825
EGO,metals_252q,full,daily,3813,0.367764929103057,0.3681400880432521,0.028192080887931598,0.05507628288599686
EGO,metals_252q,full,monthly,182,0.32904935582629113,0.33146918425277216,0.1347122126397717,0.011157123229321275
EGO,metals_252q,confirmation,daily,1694,0.4586437642136634,0.4601822135020412,0.024502437037151284,0.08434970121525842
EGO,metals_252q,confirmation,monthly,81,0.4952571192548372,0.5004885877605034,0.11196807082674266,0.06393555719586064
EGO,metals_252q,recent,daily,938,0.47296946906014625,0.48163747371559223,0.021159149961689837,0.09505061370325762
EGO,metals_252q,recent,monthly,45,0.5009558505433129,0.5085179863834411,0.10022626553792018,0.00524317733857993
EGO,metals_126q,full,daily,3813,0.3606172352444966,0.3620937341377197,0.028350994901476273,0.04792858902743646
EGO,metals_126q,full,monthly,182,0.327650027402248,0.3322210648399323,0.13485261674049856,0.009757794805278164
EGO,metals_126q,confirmation,daily,1694,0.4531644766778675,0.45465160174848684,0.024626124438077154,0.07887041367946257
EGO,metals_126q,confirmation,monthly,81,0.5001334459983033,0.504599156693928,0.11142589575232367,0.0688118839393268
EGO,metals_126q,recent,daily,938,0.4583856712143718,0.46679414576426037,0.0214499064250526,0.08046681585748316
EGO,metals_126q,recent,monthly,45,0.5095598763690229,0.515922325655567,0.09935850793238964,0.01384720316428989
EGO,metals_ewq,full,daily,3813,0.37227640020599573,0.3723193387978949,0.028091314992238325,0.059587753988935566
EGO,metals_ewq,full,monthly,182,0.3393156568181843,0.3403854402391917,0.1336776154234736,0.02142342422121446
EGO,metals_ewq,confirmation,daily,1694,0.46051664177392837,0.46177026847569297,0.024460015965205608,0.08622257877552342
EGO,metals_ewq,confirmation,monthly,81,0.5021520591983164,0.5080692196984994,0.11120068232131951,0.07083049713933987
EGO,metals_ewq,recent,daily,938,0.47787518521473604,0.4860649670588276,0.02106044271552983,0.09995632985784741
EGO,metals_ewq,recent,monthly,45,0.5261404360123181,0.5339886456567451,0.09766453568738291,0.03042776280758508
EGO,metals_ewm,full,daily,3813,0.3722275791637988,0.37243254185057517,0.028092407368413203,0.05953893294673862
EGO,metals_ewm,full,monthly,182,0.34116268358312063,0.3424137951315046,0.13349062829256353,0.02327045098615077
EGO,metals_ewm,confirmation,daily,1694,0.4528938602359993,0.4560010630541552,0.024632217138347873,0.07859979723759436
EGO,metals_ewm,confirmation,monthly,81,0.5086342636489047,0.5148669495799116,0.11047436885511083,0.0773127015899282
EGO,metals_ewm,recent,daily,938,0.4794227769393302,0.4863639678333705,0.02102920769911034,0.10150392158244159
EGO,metals_ewm,recent,monthly,45,0.5343221550776154,0.5422033997018121,0.09681772036380376,0.03860948187288238
EGO,metals_blend,full,daily,3813,0.37124469053653597,0.37138959169267965,0.028114390580401837,0.05855604431947581
EGO,metals_blend,full,monthly,182,0.34046722036610366,0.34189594972616744,0.13356106551029126,0.022574987769133803
EGO,metals_blend,confirmation,daily,1694,0.45888916794843826,0.46053291561613996,0.02449688277291794,0.0845951049500333
EGO,metals_blend,confirmation,monthly,81,0.507404595212166,0.5127738792469906,0.11061251641977618,0.07608303315318943
EGO,metals_blend,recent,daily,938,0.47162736260825855,0.4815486626868369,0.021186074185159654,0.09370850725136992
EGO,metals_blend,recent,monthly,45,0.5256944043772198,0.5328773767747637,0.09771048941487515,0.029981731172486814
EGO,calls_3atm,full,daily,3813,0.37198758823324996,0.3720764951289697,0.02809777657430945,0.05929894201618979
EGO,calls_3atm,full,monthly,182,0.3361645252936021,0.3376619007403243,0.13399602365887334,0.01827229269663222
EGO,calls_3atm,confirmation,daily,1694,0.4590681002815269,0.46071093785941525,0.02449283217316102,0.08477403728312194
EGO,calls_3atm,confirmation,monthly,81,0.4974370650366521,0.5019973051512612,0.11172601843824696,0.06611550297767554
EGO,calls_3atm,recent,daily,938,0.4773901581266259,0.485997992884479,0.021070222478664007,0.09947130276973726
EGO,calls_3atm,recent,monthly,45,0.5258458594494084,0.5337982468730075,0.09769488773218807,0.030133186244675425
EGO,calls_12itm,full,daily,3813,0.3719063032567458,0.3720321689669399,0.028099594892838885,0.05921765703968562
EGO,calls_12itm,full,monthly,182,0.3351238647739381,0.33657899536289165,0.13410101184479253,0.017231632176968215
EGO,calls_12itm,confirmation,daily,1694,0.45780664745468425,0.4595273764049599,0.024521374176956375,0.08351258445627929
EGO,calls_12itm,confirmation,monthly,81,0.488296804519612,0.4921181398083163,0.11273743746214604,0.056975242460635456
EGO,calls_12itm,recent,daily,938,0.47653742260735577,0.4852493246093006,0.02108740547291594,0.09861856725046714
EGO,calls_12itm,recent,monthly,45,0.5198444154418611,0.5284295260255928,0.09831121346020794,0.024131742237128107
EGO,calls_24itm,full,daily,3813,0.3716052834057819,0.3717502002454435,0.028106327584708803,0.058916637188721754
EGO,calls_24itm,full,monthly,182,0.3323353457905457,0.3339449090433931,0.13438193030014225,0.01444311319357583
EGO,calls_24itm,confirmation,daily,1694,0.4578918479924059,0.4596348546485778,0.02451944745068979,0.08359778499400095
EGO,calls_24itm,confirmation,monthly,81,0.48378806413453546,0.4873167408255929,0.113233026556255,0.05246650207555892
EGO,calls_24itm,recent,daily,938,0.47734786405052,0.48629143825498605,0.021071075053082457,0.09942900869363136
EGO,calls_24itm,recent,monthly,45,0.5144698437236197,0.5228518299815278,0.09885990049900194,0.0187571705188867
EGO,calls_12atm,full,daily,3813,0.372064039978936,0.37216229240965853,0.028096066266193903,0.05937539376187584
EGO,calls_12atm,full,monthly,182,0.33399397155378796,0.3355049475765923,0.13421490937950806,0.0161017389568181
EGO,calls_12atm,confirmation,daily,1694,0.45862585479395324,0.4602610999446337,0.024502842334782046,0.08433179179554828
EGO,calls_12atm,confirmation,monthly,81,0.49084639177963396,0.4946886987514403,0.11245622672304861,0.059524829720657424
EGO,calls_12atm,recent,daily,938,0.47743918951447795,0.48588685221836203,0.02106923404867253,0.09952033415758932
EGO,calls_12atm,recent,monthly,45,0.5229921638459744,0.5308432854715934,0.09798843494491435,0.027279490641241355
EGO,market_q,full,daily,3813,0.3873220337385387,0.3874389971630503,0.027752618922135614,0.07463338752147852
EGO,market_q,full,monthly,182,0.36315939220570004,0.36537567045364844,0.13124327420068974,0.04526715960873018
EGO,market_q,confirmation,daily,1694,0.4769890567811552,0.47781355850582125,0.02408369385755837,0.10269499378275027
EGO,market_q,confirmation,monthly,81,0.5156981417370012,0.5233287087139226,0.10967740395008845,0.0843765796780247
EGO,market_q,recent,daily,938,0.495025450892166,0.5009941361543426,0.02071166792142722,0.11710659553527736
EGO,market_q,recent,monthly,45,0.5280460658395085,0.5347953678722832,0.09746795851898847,0.032333392634775526
EGO,market_m,full,daily,3813,0.38571302844706323,0.38598299372047346,0.02778903677466754,0.07302438223000307
EGO,market_m,full,monthly,182,0.35819137252420274,0.36081012900983805,0.1317541967848819,0.040299139927232885
EGO,market_m,confirmation,daily,1694,0.4683464519577576,0.47105733598627847,0.024281866568886538,0.09405238895935264
EGO,market_m,confirmation,monthly,81,0.521000971565847,0.5280505520498583,0.10907529864702242,0.08967940950687048
EGO,market_m,recent,daily,938,0.496003031449045,0.5017634218933271,0.020691610343679202,0.11808417609215638
EGO,market_m,recent,monthly,45,0.5374223642527283,0.543805907414226,0.09649490447049446,0.04170969104799527
EGO,market_rates,full,daily,3813,0.38527553724930985,0.3854077551592041,0.02779893059929713,0.07258689103224969
EGO,market_rates,full,monthly,182,0.3627839337154135,0.36520311069417305,0.13128195667494388,0.04489170111844365
EGO,market_rates,confirmation,daily,1694,0.47477015789524857,0.47542023683705165,0.024134727896521584,0.10047609489684362
EGO,market_rates,confirmation,monthly,81,0.5159129323426288,0.5237292416452661,0.10965307997921568,0.08459137028365227
EGO,market_rates,recent,daily,938,0.4953841129586678,0.5013331611874203,0.02070431130401485,0.11746525760177917
EGO,market_rates,recent,monthly,45,0.5301679813532293,0.5371559452515436,0.09724860261599787,0.03445530814849629
EGO,cost_fx,full,daily,3813,0.3833888156074047,0.3836233507841637,0.027841558365559294,0.07070016939034451
EGO,cost_fx,full,monthly,182,0.34245314979757935,0.3435116408622616,0.13335983000730045,0.02456091720060949
EGO,cost_fx,confirmation,daily,1694,0.46417960615390796,0.46720857754525824,0.02437683567006754,0.08988554315550301
EGO,cost_fx,confirmation,monthly,81,0.44421099142295606,0.44774372047241456,0.11749356229277035,0.012889429363979521
EGO,cost_fx,recent,daily,938,0.5003872422686597,0.5066648287732226,0.020601416817541057,0.12246838691177109
EGO,cost_fx,recent,monthly,45,0.5385719296768183,0.5506602610166511,0.09637492870848895,0.04285925647208533
EGO,market_calls,full,daily,3813,0.38538074436769165,0.38546049343090144,0.027796551671252848,0.07269209815063149
EGO,market_calls,full,monthly,182,0.3608050174486225,0.362358772088506,0.13148565101235427,0.04291278485165262
EGO,market_calls,confirmation,daily,1694,0.4720821434569137,0.47307219741952916,0.02419640727963485,0.09778808045850873
EGO,market_calls,confirmation,monthly,81,0.5059889389170851,0.5113831129629811,0.11077134551218977,0.07466737685810854
EGO,market_calls,recent,daily,938,0.4937627208355049,0.5001416500464587,0.020737547360780074,0.11584386547861625
EGO,market_calls,recent,monthly,45,0.5301990302484851,0.5373577321064756,0.09724538922116358,0.034486357043752136
EGO,v4_gold_quarterly,full,daily,3813,0.31960044979921254,0.3228101908381281,0.02924622724681067,0.006911803582152376
EGO,v4_gold_quarterly,full,monthly,182,0.3134694491959209,0.31521465932278236,0.13626728920014453,-0.0044227834010489575
EGO,v4_gold_quarterly,confirmation,daily,1694,0.41562976790948924,0.44304361460068165,0.02545726552812336,0.04133570491108429
EGO,v4_gold_quarterly,confirmation,monthly,81,0.46696107869975667,0.47144210764083944,0.1150637583021177,0.03563951664078013
EGO,v4_gold_quarterly,recent,daily,938,0.4206214068467652,0.4851077974003644,0.022185108224895823,0.04270255148987656
EGO,v4_gold_quarterly,recent,monthly,45,0.4990212460592903,0.5107990840436254,0.10042034719273034,0.0033085728545573234
EGO,v4_gold_silver_quarterly,full,daily,3813,0.31268864621706016,0.32552643625123456,0.029394400038422995,0.0
EGO,v4_gold_silver_quarterly,full,monthly,182,0.31789223259696986,0.3259777727746838,0.13582764780743592,0.0
EGO,v4_gold_silver_quarterly,confirmation,daily,1694,0.37429406299840495,0.44436056619231373,0.02634224883760022,0.0
EGO,v4_gold_silver_quarterly,confirmation,monthly,81,0.43132156205897654,0.4595794226333158,0.11884816355908796,0.0
EGO,v4_gold_silver_quarterly,recent,daily,938,0.3779188553568886,0.49467237411578474,0.0229881407871055,0.0
EGO,v4_gold_silver_quarterly,recent,monthly,45,0.495712673204733,0.5230273279983946,0.10075140043252785,0.0
EGO,v4_gold_silver_options_quarterly,full,daily,3813,0.3021240516601452,0.3186289544454198,0.02961944774163245,-0.010564594556914941
EGO,v4_gold_silver_options_quarterly,full,monthly,182,0.30337598635247154,0.3160479908716979,0.137265344044508,-0.014516246244498321
EGO,v4_gold_silver_options_quarterly,confirmation,daily,1694,0.3573729999372126,0.43523388580459654,0.02669606150999786,-0.016921063061192343
EGO,v4_gold_silver_options_quarterly,confirmation,monthly,81,0.42125686955866304,0.45717807139782185,0.11989526143781802,-0.010064692500313499
EGO,v4_gold_silver_options_quarterly,recent,daily,938,0.3551228595117648,0.48427370775154444,0.02340554835549981,-0.022795995845123818
EGO,v4_gold_silver_options_quarterly,recent,monthly,45,0.4767381715932205,0.5134684044537947,0.10262935315275794,-0.018974501611512484
EGO,calls_3atm_raw,full,daily,3813,0.37041364941203025,0.3706492952226018,0.02813296418069343,0.05772500319497009
EGO,calls_3atm_raw,full,monthly,182,0.33060483310801125,0.33279578912136987,0.13455596912522932,0.012712600511041394
EGO,calls_3atm_raw,confirmation,daily,1694,0.4576782036329059,0.4597791128949636,0.024524278521401262,0.08338414063450095
EGO,calls_3atm_raw,confirmation,monthly,81,0.492056814437034,0.4952949465701811,0.11232247478753624,0.060735252378057436
EGO,calls_3atm_raw,recent,daily,938,0.4760414831721168,0.48509397740538307,0.021097392433335825,0.09812262781522818
EGO,calls_3atm_raw,recent,monthly,45,0.5242155150475123,0.5318038636852268,0.09786270197188915,0.028502841842779292
EGO,calls_12itm_raw,full,daily,3813,0.3679330498996388,0.36843113533370764,0.02818833228994648,0.05524440368257866
EGO,calls_12itm_raw,full,monthly,182,0.324011453948171,0.3271305167017022,0.13521701706569073,0.006119221351201132
EGO,calls_12itm_raw,confirmation,daily,1694,0.45194474081561475,0.45463802102172945,0.024653573858102684,0.0776506778172098
EGO,calls_12itm_raw,confirmation,monthly,81,0.4676033548281813,0.4692146157128969,0.11499441535395531,0.036281792769204735
EGO,calls_12itm_raw,recent,daily,938,0.47155296086395193,0.48071037115623877,0.02118756577014772,0.0936341055070633
EGO,calls_12itm_raw,recent,monthly,45,0.5197920087406951,0.528660074621546,0.09831657841479226,0.024079335535962088
EGO,calls_24itm_raw,full,daily,3813,0.3688627602799204,0.3692903571604362,0.02816759348275329,0.056174114062860214
EGO,calls_24itm_raw,full,monthly,182,0.32045235363222546,0.32369867604774993,0.13557251061869735,0.0025601210352556025
EGO,calls_24itm_raw,confirmation,daily,1694,0.4540441438626488,0.45654429770252375,0.024606309053366443,0.07975008086424384
EGO,calls_24itm_raw,confirmation,monthly,81,0.46214138010916905,0.46382155328476093,0.11558278669390704,0.030819818050192516
EGO,calls_24itm_raw,recent,daily,938,0.4770150906744648,0.4859578758389511,0.02107778197776036,0.09909623531757616
EGO,calls_24itm_raw,recent,monthly,45,0.5128913653632551,0.5210270071776061,0.0990204688875953,0.01717869215852208
EGO,calls_12atm_raw,full,daily,3813,0.3696601727357842,0.37000981278108513,0.028149793638573103,0.05697152651872406
EGO,calls_12atm_raw,full,monthly,182,0.3239280068946484,0.3267842080361381,0.13522536270521923,0.006035774297678542
EGO,calls_12atm_raw,confirmation,daily,1694,0.4551067947619223,0.45763552348946246,0.024582350474891525,0.08081273176351733
EGO,calls_12atm_raw,confirmation,monthly,81,0.4733998038936742,0.4750292256294403,0.1143667033777231,0.04207824183469766
EGO,calls_12atm_raw,recent,daily,938,0.4759979879566675,0.4849789786661795,0.021098268091004103,0.09807913259977885
EGO,calls_12atm_raw,recent,monthly,45,0.5216148129544569,0.5292483073637273,0.09812980282359308,0.025902139749723885
EGO,market_calls_raw,full,daily,3813,0.37946789625037824,0.37981372635691824,0.027929937816096182,0.06677925003331808
EGO,market_calls_raw,full,monthly,182,0.3552953973409586,0.35699709517444395,0.13205111351365173,0.03740316474398875
EGO,market_calls_raw,confirmation,daily,1694,0.4645911714444956,0.4664242288992471,0.02436747191045631,0.09029710844609062
EGO,market_calls_raw,confirmation,monthly,81,0.49259971736052843,0.49541290314074754,0.11226243214429317,0.061278155301551895
EGO,market_calls_raw,recent,daily,938,0.4869007767112804,0.4937992704642704,0.0208776209253304,0.10898192135439178
EGO,market_calls_raw,recent,monthly,45,0.5347142020034427,0.5424263591953484,0.09677695711697606,0.03900152879870966
EGO,adaptive_metals,full,daily,3813,0.36887603639182354,0.36915088573206606,0.02816729722540531,0.056187390174763374
EGO,adaptive_metals,full,monthly,182,0.3412683862423659,0.3426591138323776,0.1334799193663636,0.023376153645396025
EGO,adaptive_metals,confirmation,daily,1694,0.4589523861058602,0.4609284933304939,0.024495451741662743,0.08465832310745525
EGO,adaptive_metals,confirmation,monthly,81,0.5080570867284325,0.512674821787845,0.11053923351456178,0.07673552466945599
EGO,adaptive_metals,recent,daily,938,0.4717485549781507,0.4825424194618467,0.021183644330161604,0.09382969962126209
EGO,adaptive_metals,recent,monthly,45,0.5215487291825776,0.5273190482281057,0.09813658037831728,0.025836055977844552
EGO,metals_ewq_cap1,full,daily,3813,0.37227640020599573,0.3723193387978949,0.028091314992238325,0.059587753988935566
EGO,metals_ewq_cap1,full,monthly,182,0.3393156568181843,0.3403854402391917,0.1336776154234736,0.02142342422121446
EGO,metals_ewq_cap1,confirmation,daily,1694,0.46051664177392837,0.46177026847569297,0.024460015965205608,0.08622257877552342
EGO,metals_ewq_cap1,confirmation,monthly,81,0.5021520591983164,0.5080692196984994,0.11120068232131951,0.07083049713933987
EGO,metals_ewq_cap1,recent,daily,938,0.47787518521473604,0.4860649670588276,0.02106044271552983,0.09995632985784741
EGO,metals_ewq_cap1,recent,monthly,45,0.5261404360123181,0.5339886456567451,0.09766453568738291,0.03042776280758508
EGO,metals_stale_cap1,full,daily,3813,0.36839355167765286,0.3684206949960103,0.02817806190456013,0.0557049054605927
EGO,metals_stale_cap1,full,monthly,182,0.3480503217441874,0.3483902028710442,0.13279102403282872,0.030158089147217515
EGO,metals_stale_cap1,confirmation,daily,1694,0.45581248297322274,0.4590593819778368,0.024566427083789973,0.08151841997481779
EGO,metals_stale_cap1,confirmation,monthly,81,0.5147042562397339,0.5199050554598424,0.10978988639323763,0.08338269418075739
EGO,metals_stale_cap1,recent,daily,938,0.4699974786659564,0.4866637262611761,0.021218725623873537,0.0920786233090678
EGO,metals_stale_cap1,recent,monthly,45,0.5307888083510802,0.5368331848342657,0.09718433015983967,0.03507613514634722
IAG,gold_stale,full,daily,3813,0.397280998196318,0.3976682042323022,0.02976765827073797,0.028351965217800368
IAG,gold_stale,full,monthly,182,0.4588102619956088,0.46293043999918304,0.12836927969435352,0.017571527622519345
IAG,gold_stale,confirmation,daily,1694,0.39575836705788703,0.3974241981376467,0.029908886757014568,0.060250377345761885
IAG,gold_stale,confirmation,monthly,81,0.4944979126212614,0.5055134116836186,0.12716339461422224,0.04452974005136601
IAG,gold_stale,recent,daily,938,0.4724578353555948,0.4764104353711759,0.026241915778657483,0.08703221100931346
IAG,gold_stale,recent,monthly,45,0.6001598511342974,0.6135703425131476,0.10065043990395114,0.06060947186135612
IAG,gold_recent,full,daily,3813,0.39880932464732666,0.39927491743184446,0.029729893096204923,0.02988029166880901
IAG,gold_recent,full,monthly,182,0.46057007862145194,0.46517253285450255,0.12816039700122903,0.01933134424836247
IAG,gold_recent,confirmation,daily,1694,0.3972685565794809,0.39868793065425184,0.029871487525854643,0.06176056686735576
IAG,gold_recent,confirmation,monthly,81,0.494799535160921,0.5069832093651101,0.1271254510822773,0.0448313625910256
IAG,gold_recent,recent,daily,938,0.4730931356407809,0.47654730866833644,0.026226109915218575,0.08766751129449957
IAG,gold_recent,recent,monthly,45,0.6036439184091424,0.6187665736555668,0.10021096407642584,0.0640935391362012
IAG,metals_504q,full,daily,3813,0.41000611275501786,0.41002804472738225,0.02945174188224597,0.041077079776500214
IAG,metals_504q,full,monthly,182,0.47479384881396425,0.47736942504407104,0.1264594328566343,0.03355511444087478
IAG,metals_504q,confirmation,daily,1694,0.4129458777320473,0.4170665628357485,0.0294804424144066,0.07743788801992213
IAG,metals_504q,confirmation,monthly,81,0.5295122008049584,0.5413199069154675,0.12268029709680456,0.07954402823506301
IAG,metals_504q,recent,daily,938,0.4936103150658906,0.5022804087292719,0.025710432009645373,0.10818469071960923
IAG,metals_504q,recent,monthly,45,0.6038025017723905,0.615570301233445,0.10019091470369855,0.06425212249944923
IAG,metals_504m,full,daily,3813,0.4099023953909977,0.4101099370034538,0.029454330487707906,0.04097336241248006
IAG,metals_504m,full,monthly,182,0.48021226105670944,0.48228792447055335,0.12580541748210863,0.038973526683619975
IAG,metals_504m,confirmation,daily,1694,0.40813789873258566,0.41446918081596434,0.02960091879749262,0.07262990902046051
IAG,metals_504m,confirmation,monthly,81,0.5324411447199766,0.5431721696730457,0.12229783799228487,0.0824729721500812
IAG,metals_504m,recent,daily,938,0.48925044478788426,0.5001368192428249,0.025820874530636122,0.1038248204416029
IAG,metals_504m,recent,monthly,45,0.6019005202029591,0.6117846933962249,0.10043111450271036,0.062350140930017894
IAG,metals_252q,full,daily,3813,0.4119527005103527,0.4126266211589238,0.02940311615273582,0.043023667531835064
IAG,metals_252q,full,monthly,182,0.48590790292578123,0.4868998215829318,0.12511425426281123,0.04466916855269176
IAG,metals_252q,confirmation,daily,1694,0.41638428084557744,0.4195209885073025,0.029393981470502265,0.0808762911334523
IAG,metals_252q,confirmation,monthly,81,0.54572059105421,0.5622563111436706,0.12054859755971968,0.0957524184843146
IAG,metals_252q,recent,daily,938,0.48957933551345534,0.49651357069741564,0.025812559678834886,0.10415371116717398
IAG,metals_252q,recent,monthly,45,0.5963652315002759,0.6061868893046956,0.10112691562705964,0.05681485222733462
IAG,metals_126q,full,daily,3813,0.40344419980603363,0.40447141139965853,0.029615070163587488,0.034515166827515986
IAG,metals_126q,full,monthly,182,0.48289285045010555,0.48332235914270466,0.12548060357103535,0.04165411607701608
IAG,metals_126q,confirmation,daily,1694,0.4167346147897951,0.4182221309405254,0.029385157808824797,0.08122662507766998
IAG,metals_126q,confirmation,monthly,81,0.5557473500914183,0.5760129334941295,0.11921081297170011,0.10577917752152288
IAG,metals_126q,recent,daily,938,0.48408133324532954,0.48837990505809487,0.025951207464346922,0.09865570889904818
IAG,metals_126q,recent,monthly,45,0.6093012479517959,0.6178199965802046,0.09949322057942268,0.0697508686788546
IAG,metals_ewq,full,daily,3813,0.41617641254188176,0.41618366840245663,0.029297330357495918,0.04724737956336411
IAG,metals_ewq,full,monthly,182,0.4831229010748942,0.4858779292739955,0.12545268856099784,0.041884166701804726
IAG,metals_ewq,confirmation,daily,1694,0.4190908521460852,0.4211238377778512,0.029325743624387533,0.08358286243396007
IAG,metals_ewq,confirmation,monthly,81,0.5438053443446857,0.562314579540601,0.12080244735289006,0.09383717177479034
IAG,metals_ewq,recent,daily,938,0.4947957501242731,0.4999844881422025,0.025680320905278227,0.10937012577799177
IAG,metals_ewq,recent,monthly,45,0.610696737363928,0.6217576353672819,0.09931537775927275,0.0711463580909868
IAG,metals_ewm,full,daily,3813,0.4179014101573173,0.41800028452428367,0.02925401657931898,0.04897237717879965
IAG,metals_ewm,full,monthly,182,0.49343979158763507,0.4958182789620816,0.12419435712532165,0.0522010572145456
IAG,metals_ewm,confirmation,daily,1694,0.41393539644281674,0.41722997195329053,0.029455586314058632,0.0784274067306916
IAG,metals_ewm,confirmation,monthly,81,0.5441844920729112,0.5606235773173032,0.12075223688518626,0.09421631950301579
IAG,metals_ewm,recent,daily,938,0.4925560509150262,0.49782845378489377,0.025737181659480315,0.10713042656874483
IAG,metals_ewm,recent,monthly,45,0.6003614660615586,0.610212659412008,0.10062506077443416,0.06081108678861735
IAG,metals_blend,full,daily,3813,0.41418022525031106,0.41422849390284494,0.029347373773348527,0.04525119227179342
IAG,metals_blend,full,monthly,182,0.48593812068675835,0.4881172384630645,0.12511057717050694,0.044699386313668876
IAG,metals_blend,confirmation,daily,1694,0.4187573242613234,0.42090683047347455,0.029334161076367927,0.08324933454919825
IAG,metals_blend,confirmation,monthly,81,0.5473018622124214,0.565050682007972,0.12033860984597795,0.09733368964252598
IAG,metals_blend,recent,daily,938,0.4926477233387252,0.49830528267972507,0.025734856775722376,0.10722209899244384
IAG,metals_blend,recent,monthly,45,0.6118501395670325,0.6226055480445698,0.09916814607877052,0.07229976029409124
IAG,calls_3atm,full,daily,3813,0.4145794574038456,0.4146639950419269,0.029337372052186308,0.04565042442532796
IAG,calls_3atm,full,monthly,182,0.4771911017262245,0.47857684615579243,0.12617049682124426,0.035952367353135006
IAG,calls_3atm,confirmation,daily,1694,0.41657987839590527,0.41960869317153265,0.029389055392960127,0.08107188868378012
IAG,calls_3atm,confirmation,monthly,81,0.5312232965568024,0.5424004920137749,0.1224570086890212,0.08125512398690704
IAG,calls_3atm,recent,daily,938,0.4928680519912625,0.49867076435675656,0.025729268211026,0.10744242764498113
IAG,calls_3atm,recent,monthly,45,0.6091228015005736,0.620680439161346,0.09951593908729205,0.06957242222763238
IAG,calls_12itm,full,daily,3813,0.41661841055213866,0.41671698606956564,0.02928623812532296,0.04768937757362102
IAG,calls_12itm,full,monthly,182,0.4815809628552796,0.48333757461165605,0.12563967328478895,0.04034222848219016
IAG,calls_12itm,confirmation,daily,1694,0.419334235262951,0.42197264860447775,0.02931959968720071,0.08382624555082585
IAG,calls_12itm,confirmation,monthly,81,0.5286952990623406,0.540182860575599,0.12278675499506635,0.07872712649244518
IAG,calls_12itm,recent,daily,938,0.4927750217840806,0.49926772549635995,0.02573162804005969,0.10734939743779925
IAG,calls_12itm,recent,monthly,45,0.6042071740359463,0.6176237856507923,0.10013973461971504,0.06465679476300501
IAG,calls_24itm,full,daily,3813,0.4171471204305015,0.4172470291005592,0.029272964280656896,0.04821808745198386
IAG,calls_24itm,full,monthly,182,0.48064445788892385,0.48233911934639984,0.1257531038104989,0.03940572351583438
IAG,calls_24itm,confirmation,daily,1694,0.42073833388851045,0.42322451688402146,0.029284129603596696,0.08523034417638531
IAG,calls_24itm,confirmation,monthly,81,0.5224310944442028,0.5323304930374649,0.12360005309266796,0.07246292187430736
IAG,calls_24itm,recent,daily,938,0.4935139791475367,0.5002997703076837,0.025712877478387106,0.10808835480125534
IAG,calls_24itm,recent,monthly,45,0.5955078738720403,0.6091484503124897,0.10123426012187853,0.055957494599099045
IAG,calls_12atm,full,daily,3813,0.4165475404639136,0.4165966999298411,0.029288016939813172,0.04761850748539598
IAG,calls_12atm,full,monthly,182,0.4800269230140628,0.48169093390148093,0.12582784437869585,0.03878818864097333
IAG,calls_12atm,confirmation,daily,1694,0.4195666753321742,0.42183409229259716,0.029313730792953657,0.08405868562004903
IAG,calls_12atm,confirmation,monthly,81,0.5275295456161384,0.5390500410262483,0.12293851528897769,0.077561373046243
IAG,calls_12atm,recent,daily,938,0.4923170171120004,0.4986594255033105,0.02574324275460649,0.10689139276571902
IAG,calls_12atm,recent,monthly,45,0.6039654276547948,0.6153030528129816,0.10017031213581463,0.06441504838185352
IAG,market_q,full,daily,3813,0.4282935564336301,0.4283236425546273,0.028991706081109663,0.05936452345511245
IAG,market_q,full,monthly,182,0.4878483179920162,0.49165734153776314,0.1248779122698905,0.04660958361892675
IAG,market_q,confirmation,daily,1694,0.4291312730108082,0.4307445147287953,0.029071206223566813,0.09362328329868308
IAG,market_q,confirmation,monthly,81,0.5633342036322818,0.587307268322815,0.11818850084255848,0.11336603106238641
IAG,market_q,recent,daily,938,0.5080568074162459,0.5120211279216584,0.025341039534225507,0.12263118306996457
IAG,market_q,recent,monthly,45,0.6116304639623922,0.621217454251488,0.09919620449541883,0.07208008468945093
IAG,market_m,full,daily,3813,0.4297410483963785,0.42982760941735937,0.02895498106389116,0.060812015417860854
IAG,market_m,full,monthly,182,0.4961437718232242,0.4987988920713862,0.12386244353855805,0.05490503745013475
IAG,market_m,confirmation,daily,1694,0.423469004691842,0.42671156120678133,0.029215024581303622,0.08796101497971687
IAG,market_m,confirmation,monthly,81,0.5621920391609858,0.5820915524035275,0.11834296971884584,0.1122238665910904
IAG,market_m,recent,daily,938,0.5067494295529622,0.5116516196696717,0.02537469009816549,0.12132380520668085
IAG,market_m,recent,monthly,45,0.6063658220701936,0.6141443886283614,0.09986628096452602,0.06681544279725238
IAG,market_rates,full,daily,3813,0.42749149892366,0.42752409914494655,0.029012035452980024,0.05856246594514236
IAG,market_rates,full,monthly,182,0.4823232056088377,0.48574603575260356,0.12554969921590672,0.04108447123574821
IAG,market_rates,confirmation,daily,1694,0.42838528557182964,0.4298085654977808,0.029090194542108795,0.0928772958597045
IAG,market_rates,confirmation,monthly,81,0.5580038097174373,0.5829155944139212,0.11890767822669061,0.10803563714754194
IAG,market_rates,recent,daily,938,0.5076103700238916,0.5114685075621722,0.025352535396217617,0.12218474567761028
IAG,market_rates,recent,monthly,45,0.6127024812846315,0.6230137615429923,0.09905920413394591,0.0731521020116902
IAG,cost_fx,full,daily,3813,0.4279653157115437,0.42800464209569355,0.029000027565952567,0.05903628273302608
IAG,cost_fx,full,monthly,182,0.46425017634399357,0.46576603835560565,0.12772248103458236,0.0230114419709041
IAG,cost_fx,confirmation,daily,1694,0.42664159045004013,0.42898441978448876,0.029134530179865562,0.09113360073791499
IAG,cost_fx,confirmation,monthly,81,0.5229563875753751,0.5415013371418262,0.12353205858801826,0.0729882150054797
IAG,cost_fx,recent,daily,938,0.5128470812105673,0.5171339980049158,0.025217359121910834,0.12742145686428596
IAG,cost_fx,recent,monthly,45,0.6162168877801213,0.6293571672513694,0.09860873949708918,0.07666650850718004
IAG,market_calls,full,daily,3813,0.4282783373876785,0.42828714855721917,0.028992091963738472,0.059349304409160863
IAG,market_calls,full,monthly,182,0.48280605531775256,0.48468097298929746,0.12549113393077932,0.04156732094466309
IAG,market_calls,confirmation,daily,1694,0.4293878699212843,0.4311785052520648,0.029064671954146394,0.09387988020915916
IAG,market_calls,confirmation,monthly,81,0.5473391203937312,0.5643904827934294,0.12033365766081687,0.09737094782383582
IAG,market_calls,recent,daily,938,0.5072471226389905,0.5118256192822674,0.025361885252287317,0.12182149829270916
IAG,market_calls,recent,monthly,45,0.6131488320694001,0.6236696603413435,0.09900210604019423,0.07359845279645882
IAG,v4_gold_quarterly,full,daily,3813,0.38312763524686744,0.38402935606605026,0.030115140033871085,0.014198602268349791
IAG,v4_gold_quarterly,full,monthly,182,0.44676135052907673,0.44694566131602115,0.129790403939243,0.005522616155987259
IAG,v4_gold_quarterly,confirmation,daily,1694,0.3740104786685481,0.39447592905353634,0.030442369812643123,0.03850248895642294
IAG,v4_gold_quarterly,confirmation,monthly,81,0.4722071487472207,0.4736832342260449,0.1299368661098664,0.022238976177325287
IAG,v4_gold_quarterly,recent,daily,938,0.4222798152928585,0.47526375681154687,0.027461592570702322,0.03685419094657716
IAG,v4_gold_quarterly,recent,monthly,45,0.5730695459813733,0.5907995529512255,0.10400423998670276,0.033519166708432024
IAG,v4_gold_silver_quarterly,full,daily,3813,0.36892903297851765,0.3807316182726119,0.030459749673010964,0.0
IAG,v4_gold_silver_quarterly,full,monthly,182,0.44123873437308947,0.44499608279821623,0.13043660125698822,0.0
IAG,v4_gold_silver_quarterly,confirmation,daily,1694,0.33550798971212514,0.39792617020726506,0.03136460391344225,0.0
IAG,v4_gold_silver_quarterly,confirmation,monthly,81,0.4499681725698954,0.4691932225144329,0.13264611860187595,0.0
IAG,v4_gold_silver_quarterly,recent,daily,938,0.38542562434628136,0.49868683317352464,0.02832397309125903,0.0
IAG,v4_gold_silver_quarterly,recent,monthly,45,0.5395503792729412,0.5867308622050692,0.10800989326560995,0.0
IAG,v4_gold_silver_options_quarterly,full,daily,3813,0.363346189194928,0.37892474198930315,0.030594185886291595,-0.005582843783589642
IAG,v4_gold_silver_options_quarterly,full,monthly,182,0.4195878345979127,0.4282275917249247,0.13293966533774298,-0.021650899775176757
IAG,v4_gold_silver_options_quarterly,confirmation,daily,1694,0.33322219417476917,0.3958803872153836,0.03141850337487908,-0.0022857955373559724
IAG,v4_gold_silver_options_quarterly,confirmation,monthly,81,0.43773982642096954,0.4594793038572757,0.1341125120679522,-0.012228346148925873
IAG,v4_gold_silver_options_quarterly,recent,daily,938,0.3855014739014234,0.49870326750098154,0.028322225192929196,7.584955514206015e-05
IAG,v4_gold_silver_options_quarterly,recent,monthly,45,0.5396311575187269,0.5867590777835876,0.10800041857825673,8.077824578567316e-05
IAG,calls_3atm_raw,full,daily,3813,0.40964326003095686,0.41023528078803917,0.029460797062651558,0.04071422705243921
IAG,calls_3atm_raw,full,monthly,182,0.47399413365650456,0.4744824316205068,0.12655567416764268,0.03275539928341509
IAG,calls_3atm_raw,confirmation,daily,1694,0.4076009228181161,0.41344634091220844,0.029614343695623525,0.07209293310599096
IAG,calls_3atm_raw,confirmation,monthly,81,0.5240608796006924,0.5303438839637802,0.1233889697424055,0.07409270703079696
IAG,calls_3atm_raw,recent,daily,938,0.4909103876691072,0.49767937715666666,0.0257788812895441,0.10548476332282586
IAG,calls_3atm_raw,recent,monthly,45,0.6001283729107534,0.610243692024963,0.10065440178059223,0.06057799363781213
IAG,calls_12itm_raw,full,daily,3813,0.41260701373650954,0.41312310100228433,0.02938675335122791,0.0436779807579919
IAG,calls_12itm_raw,full,monthly,182,0.4692221271662861,0.47018594956828524,0.12712844435057605,0.027983392793196615
IAG,calls_12itm_raw,confirmation,daily,1694,0.4132870693787978,0.4175337248006359,0.02947187425840804,0.07777907966667263
IAG,calls_12itm_raw,confirmation,monthly,81,0.5009592172880395,0.5069932289055509,0.12634808255462573,0.050991044718144085
IAG,calls_12itm_raw,recent,daily,938,0.48349792891576604,0.49290520899835294,0.025965876219393797,0.09807230456948468
IAG,calls_12itm_raw,recent,monthly,45,0.5968150574835478,0.6126418386233824,0.10107055007249428,0.057264678210606546
IAG,calls_24itm_raw,full,daily,3813,0.4139646853423449,0.41419810226203396,0.029352772147375628,0.04503565236382723
IAG,calls_24itm_raw,full,monthly,182,0.4719701566356649,0.4731234728595058,0.12679892226126163,0.030731422262575414
IAG,calls_24itm_raw,confirmation,daily,1694,0.4160244923851256,0.41854871517861403,0.02940304050162192,0.08051650267300048
IAG,calls_24itm_raw,confirmation,monthly,81,0.49235408441193507,0.49711629975783894,0.12743275852969338,0.04238591184203966
IAG,calls_24itm_raw,recent,daily,938,0.485492447690409,0.4949701867814928,0.02591569295328263,0.10006682334412764
IAG,calls_24itm_raw,recent,monthly,45,0.5879587946792135,0.6031461242293382,0.1021745659807301,0.048408415406272276
IAG,calls_12atm_raw,full,daily,3813,0.41331162172180613,0.41362397659546646,0.029369122604177806,0.04438258874328849
IAG,calls_12atm_raw,full,monthly,182,0.47202064870675575,0.4726030246420727,0.12679285963683007,0.030781914333666283
IAG,calls_12atm_raw,confirmation,daily,1694,0.4141348773422867,0.4174586432011831,0.029450572935929478,0.07862688763016157
IAG,calls_12atm_raw,confirmation,monthly,81,0.5096021007069939,0.5153934641471453,0.12524919313179902,0.059633928137098446
IAG,calls_12atm_raw,recent,daily,938,0.4865927033539307,0.49491150752151725,0.025887968240480286,0.10116707900764932
IAG,calls_12atm_raw,recent,monthly,45,0.5893594758053772,0.600575286908242,0.10200075348836511,0.049809096532435926
IAG,market_calls_raw,full,daily,3813,0.42200112794447375,0.4225084534330522,0.029150816594458093,0.05307209496595611
IAG,market_calls_raw,full,monthly,182,0.46756151386463507,0.4678244333199649,0.12732715866360397,0.0263227794915456
IAG,market_calls_raw,confirmation,daily,1694,0.4208162536076978,0.4242670067236738,0.02928215995151301,0.08530826389557267
IAG,market_calls_raw,confirmation,monthly,81,0.5217231343624174,0.5314127045710708,0.12369163306908601,0.07175496179252194
IAG,market_calls_raw,recent,daily,938,0.4993310836838839,0.505784280561639,0.025564791994996953,0.11390545933760254
IAG,market_calls_raw,recent,monthly,45,0.6100965098676412,0.6208923686852716,0.09939191046087689,0.07054613059469994
IAG,adaptive_metals,full,daily,3813,0.4133256978323918,0.41356601312374797,0.029368770282986047,0.04439666485387417
IAG,adaptive_metals,full,monthly,182,0.4816807408236552,0.4828187556179006,0.12562758202877888,0.040442006450565726
IAG,adaptive_metals,confirmation,daily,1694,0.41797957832747545,0.4208292974219337,0.029353780160333205,0.08247158861535031
IAG,adaptive_metals,confirmation,monthly,81,0.5454806131261725,0.5601851346367253,0.12058043389501916,0.09551244055627706
IAG,adaptive_metals,recent,daily,938,0.4903379616448832,0.49666130468854075,0.025793370248270355,0.10491233729860183
IAG,adaptive_metals,recent,monthly,45,0.6053567681628931,0.6151694959322842,0.09999419918121029,0.06580638888995183
IAG,metals_ewq_cap1,full,daily,3813,0.41617641254188176,0.41618366840245663,0.029297330357495918,0.04724737956336411
IAG,metals_ewq_cap1,full,monthly,182,0.4831229010748942,0.4858779292739955,0.12545268856099784,0.041884166701804726
IAG,metals_ewq_cap1,confirmation,daily,1694,0.4190908521460852,0.4211238377778512,0.029325743624387533,0.08358286243396007
IAG,metals_ewq_cap1,confirmation,monthly,81,0.5438053443446857,0.562314579540601,0.12080244735289006,0.09383717177479034
IAG,metals_ewq_cap1,recent,daily,938,0.4947957501242731,0.4999844881422025,0.025680320905278227,0.10937012577799177
IAG,metals_ewq_cap1,recent,monthly,45,0.610696737363928,0.6217576353672819,0.09931537775927275,0.0711463580909868
IAG,metals_stale_cap1,full,daily,3813,0.40672732878326157,0.40680033410832084,0.02953346485509637,0.03779829580474392
IAG,metals_stale_cap1,full,monthly,182,0.47065684975257394,0.47271502634212886,0.12695651040039405,0.029418115379484466
IAG,metals_stale_cap1,confirmation,daily,1694,0.407843947497889,0.41316465743208497,0.02960826860625843,0.07233595778576385
IAG,metals_stale_cap1,confirmation,monthly,81,0.5222083596998501,0.5316546239796153,0.12362887282601273,0.07224018712995472
IAG,metals_stale_cap1,recent,daily,938,0.4865512615891425,0.49844076177820557,0.025889013045889968,0.10112563724286117
IAG,metals_stale_cap1,recent,monthly,45,0.6010005079393572,0.611595477995042,0.10054457635029168,0.06145012866641597
BTG,gold_stale,full,daily,3813,0.4238048164613576,0.42430354692258837,0.025965083013270794,0.013801878916929744
BTG,gold_stale,full,monthly,182,0.46270521414404975,0.46302764219522213,0.10662921676109935,0.05494820993821592
BTG,gold_stale,confirmation,daily,1694,0.45706493288704786,0.4577166279807417,0.02302313855768195,0.019938777115847683
BTG,gold_stale,confirmation,monthly,81,0.5033116717992233,0.50918537874143,0.09865048222657609,0.09607514908326087
BTG,gold_stale,recent,daily,938,0.4591459539482048,0.46125611043747644,0.0218158230546871,-0.008498028978871863
BTG,gold_stale,recent,monthly,45,0.557760515387417,0.5733687408527987,0.08664937988750293,0.033764450727939654
BTG,gold_recent,full,daily,3813,0.42516356807845135,0.42566118711845863,0.025934450232058197,0.0151606305340235
BTG,gold_recent,full,monthly,182,0.4666307670841482,0.4669666138674649,0.10623897847749117,0.05887376287831436
BTG,gold_recent,confirmation,daily,1694,0.4572909677173883,0.45790675447659385,0.023018345560064338,0.020164811946188133
BTG,gold_recent,confirmation,monthly,81,0.5050389870463755,0.511525627987842,0.09847879620187054,0.09780246433041306
BTG,gold_recent,recent,daily,938,0.458678262753375,0.4607561282407539,0.021825253384052876,-0.008965720173701675
BTG,gold_recent,recent,monthly,45,0.557678100439204,0.5742361873129269,0.08665745342201323,0.033682035779726616
BTG,metals_504q,full,daily,3813,0.43459956103130826,0.43469211127567525,0.025720711272345168,0.02459662348688041
BTG,metals_504q,full,monthly,182,0.4716186544354566,0.47223477891101096,0.10574105627748392,0.06386165022962276
BTG,metals_504q,confirmation,daily,1694,0.4708466890590022,0.47343043706819443,0.022729052915083606,0.033720533287802
BTG,metals_504q,confirmation,monthly,81,0.5118498491729191,0.51671837883067,0.09779889529887786,0.10461332645695665
BTG,metals_504q,recent,daily,938,0.4697143877558546,0.4761562494264494,0.02160162800467629,0.002070404828777961
BTG,metals_504q,recent,monthly,45,0.5527941174511013,0.5644790681101778,0.08713456254867037,0.02879805279162395
BTG,metals_504m,full,daily,3813,0.43509515496886175,0.43515852340669553,0.025709436234133135,0.025092217424433905
BTG,metals_504m,full,monthly,182,0.4763507779246736,0.47686682975695655,0.10526648888263099,0.06859377371883979
BTG,metals_504m,confirmation,daily,1694,0.4680610258288005,0.4713622023318022,0.022788801550408157,0.030934870057600317
BTG,metals_504m,confirmation,monthly,81,0.5189333151661233,0.5244239275816739,0.09708673054546421,0.11169679245016084
BTG,metals_504m,recent,daily,938,0.4684353941071405,0.47479860537719454,0.021627662753941353,0.0007914111800638723
BTG,metals_504m,recent,monthly,45,0.5481324069604165,0.5602839521757733,0.08758753403941517,0.024136342300939195
BTG,metals_252q,full,daily,3813,0.42760993534612945,0.4285244507779986,0.025879205963811838,0.017606997801701607
BTG,metals_252q,full,monthly,182,0.4746033891842564,0.4776788242976879,0.10544197685674453,0.06684638497842255
BTG,metals_252q,confirmation,daily,1694,0.4719832704494282,0.47389312168944037,0.022704629647754947,0.03485711467822805
BTG,metals_252q,confirmation,monthly,81,0.5152884241225233,0.5199183097770045,0.09745383431880567,0.10805190140656085
BTG,metals_252q,recent,daily,938,0.46620625325504095,0.4703979782960885,0.02167296361471165,-0.0014377296720357036
BTG,metals_252q,recent,monthly,45,0.5443637006567303,0.5564679004614391,0.08795202829281909,0.020367635997252997
BTG,metals_126q,full,daily,3813,0.42669146373989597,0.4275753056389339,0.025899960856120174,0.016688526195468123
BTG,metals_126q,full,monthly,182,0.4655329599901944,0.46942077836187085,0.10634825545237744,0.057775955784360566
BTG,metals_126q,confirmation,daily,1694,0.4745177518139261,0.4755667513702068,0.022650072966958132,0.037391596042725905
BTG,metals_126q,confirmation,monthly,81,0.5176781110002557,0.5246419281013535,0.09721330788289106,0.11044158828429329
BTG,metals_126q,recent,daily,938,0.46929513440932635,0.4709495974150971,0.021610165635399078,0.001651151482249702
BTG,metals_126q,recent,monthly,45,0.541177688845031,0.5574209353956695,0.08825899248496033,0.01718162418555369
BTG,metals_ewq,full,daily,3813,0.43617710532281906,0.4362519182345475,0.025684804063195,0.02617416777839121
BTG,metals_ewq,full,monthly,182,0.4788181355227502,0.4794130118932547,0.1050181960030225,0.07106113131691638
BTG,metals_ewq,confirmation,daily,1694,0.47484310401812646,0.476158291833304,0.022643059987726852,0.037716948246926285
BTG,metals_ewq,confirmation,monthly,81,0.5164334922226435,0.5223740822748849,0.09733865524592725,0.10919696950668101
BTG,metals_ewq,recent,daily,938,0.4718869870687109,0.47530027707370937,0.021557331261563045,0.0042430041416342545
BTG,metals_ewq,recent,monthly,45,0.5474245982383139,0.5610932691496036,0.08765610607583507,0.023428533578836563
BTG,metals_ewm,full,daily,3813,0.43801843366318216,0.43807285478658187,0.02564282915007358,0.028015496118754313
BTG,metals_ewm,full,monthly,182,0.485437840223948,0.4860407330572298,0.10434912913529205,0.07768083601811415
BTG,metals_ewm,confirmation,daily,1694,0.4714349861870629,0.473286341582978,0.02271641465426482,0.034308830415862746
BTG,metals_ewm,confirmation,monthly,81,0.5241734160529341,0.5304244956600697,0.09655651584559935,0.11693689333697166
BTG,metals_ewm,recent,daily,938,0.4708748933976209,0.47361676180925616,0.02157797797429198,0.003230910470544246
BTG,metals_ewm,recent,monthly,45,0.5362226391318394,0.5500998281921451,0.0887342890083127,0.012226574472362084
BTG,metals_blend,full,daily,3813,0.43493841646739884,0.4350167349038314,0.025713002656926054,0.02493547892297099
BTG,metals_blend,full,monthly,182,0.4738127481998152,0.47503055716996184,0.10552128399987705,0.0660557439939814
BTG,metals_blend,confirmation,daily,1694,0.47584008385956933,0.47725070246910717,0.022621556510491643,0.038713928088369154
BTG,metals_blend,confirmation,monthly,81,0.517441331294882,0.5235511187908011,0.0972371667566244,0.11020480857891957
BTG,metals_blend,recent,daily,938,0.47199086211361774,0.4752961066333938,0.021555211091429157,0.004346879186541086
BTG,metals_blend,recent,monthly,45,0.5485057181560593,0.5624589356732503,0.0875513462671503,0.024509653496581962
BTG,calls_3atm,full,daily,3813,0.4360258001476205,0.43608707935874136,0.025688250165797715,0.026022862603192642
BTG,calls_3atm,full,monthly,182,0.4753281271218217,0.47645870872383894,0.10536922784166798,0.06757112291598788
BTG,calls_3atm,confirmation,daily,1694,0.4722721577251662,0.4741771072392204,0.02269841774609456,0.035146001953966
BTG,calls_3atm,confirmation,monthly,81,0.5059194534401558,0.5112415409755527,0.09839116721428776,0.09868293072419332
BTG,calls_3atm,recent,daily,938,0.46959737883259556,0.4734225792949949,0.021604011101408513,0.0019533959055189065
BTG,calls_3atm,recent,monthly,45,0.5453809456634054,0.5584808183765062,0.0878537934132388,0.021384881003928102
BTG,calls_12itm,full,daily,3813,0.4360333202258747,0.4361327878346377,0.025688078900609097,0.026030382681446862
BTG,calls_12itm,full,monthly,182,0.47033789073453147,0.4721646255214034,0.10586913360171357,0.06258088652869764
BTG,calls_12itm,confirmation,daily,1694,0.47131301129087133,0.47313191794183074,0.022719035592476566,0.034186855519671155
BTG,calls_12itm,confirmation,monthly,81,0.4943423474856087,0.4981572206963222,0.09953722464787196,0.08710582476964623
BTG,calls_12itm,recent,daily,938,0.4702099991548794,0.4737253870828564,0.02159153107248391,0.0025660162278027254
BTG,calls_12itm,recent,monthly,45,0.542172597102625,0.5525341085050088,0.08816325035182905,0.018176532443147653
BTG,calls_24itm,full,daily,3813,0.4356869796116991,0.43579847652613485,0.025695965412208477,0.025684042067271262
BTG,calls_24itm,full,monthly,182,0.46600428011685135,0.4682499106458551,0.10630135346886983,0.058247275911017526
BTG,calls_24itm,confirmation,daily,1694,0.4709699940048053,0.47275072464376106,0.02272640456358808,0.03384383823360515
BTG,calls_24itm,confirmation,monthly,81,0.48682734171956066,0.4902114770086044,0.10027415014099769,0.07959081900359821
BTG,calls_24itm,recent,daily,938,0.4704307112678684,0.473957611483233,0.02158703305546471,0.0027867283407917443
BTG,calls_24itm,recent,monthly,45,0.5344213701750746,0.5431885417893375,0.08890643995706322,0.010425305515597283
BTG,calls_12atm,full,daily,3813,0.43624070065721776,0.4363099051085799,0.025683355487958526,0.026237763112789914
BTG,calls_12atm,full,monthly,182,0.4701213589849842,0.4715170732420605,0.10589077162895799,0.062364354779150366
BTG,calls_12atm,confirmation,daily,1694,0.47183690553502566,0.47362948893743634,0.022707776262935762,0.03471074976382549
BTG,calls_12atm,confirmation,monthly,81,0.49843101400153644,0.5035918357792674,0.09913398686331672,0.091194491285574
BTG,calls_12atm,recent,daily,938,0.4710183053117851,0.47459703310051865,0.02157505357248444,0.0033743223847084725
BTG,calls_12atm,recent,monthly,45,0.5423674979418283,0.555051574354058,0.08814448244878698,0.018371433282350913
BTG,market_q,full,daily,3813,0.44543479812113196,0.44552099203973694,0.025473065421424336,0.03543186057670411
BTG,market_q,full,monthly,182,0.4891598737257472,0.4892199371962971,0.1039710447332868,0.08140286951991338
BTG,market_q,confirmation,daily,1694,0.48731996930941013,0.48839871361372705,0.022372462128774934,0.05019381353820995
BTG,market_q,confirmation,monthly,81,0.5403534930244127,0.5516267922147658,0.09490065661613645,0.13311697030845027
BTG,market_q,recent,daily,938,0.4830617104240904,0.4859979214977015,0.021328038288479376,0.015417727497013756
BTG,market_q,recent,monthly,45,0.5478596481977807,0.5728107625917871,0.08761396508212482,0.023863583538303312
BTG,market_m,full,daily,3813,0.44809385838417826,0.44809923161502074,0.025411922200352256,0.03809092083975041
BTG,market_m,full,monthly,182,0.4984512563830793,0.4986078537076554,0.10302117041347124,0.09069425217724547
BTG,market_m,confirmation,daily,1694,0.48549193273620683,0.4874382617790614,0.02241231280046733,0.04836577696500666
BTG,market_m,confirmation,monthly,81,0.5499324356744455,0.5605849307301395,0.09390659484227086,0.14269591295848305
BTG,market_m,recent,daily,938,0.48303353697153617,0.485948331284912,0.0213286194761182,0.01538955404445952
BTG,market_m,recent,monthly,45,0.539649278307641,0.5622823611988945,0.08840587267971148,0.015653213648163633
BTG,market_rates,full,daily,3813,0.44289302824883314,0.4429482379002153,0.025531374751231732,0.032890090704405295
BTG,market_rates,full,monthly,182,0.4817879976578666,0.48206210101582797,0.10471855477667086,0.07403099345203279
BTG,market_rates,confirmation,daily,1694,0.4868617821679181,0.48784961893971174,0.022382457139869583,0.049735626396717914
BTG,market_rates,confirmation,monthly,81,0.5392701210282169,0.5537201930741085,0.09501242968736152,0.13203359831225447
BTG,market_rates,recent,daily,938,0.4834994585855227,0.48650323080896796,0.021319005985115665,0.015855475658446028
BTG,market_rates,recent,monthly,45,0.5423429817377632,0.5711277581483484,0.08814684344715165,0.01834691707828584
BTG,cost_fx,full,daily,3813,0.43982065950441684,0.4398758927857488,0.025601678974659935,0.029817721959988996
BTG,cost_fx,full,monthly,182,0.4255144823968472,0.4281202733474972,0.11025783196975508,0.017757478191013365
BTG,cost_fx,confirmation,daily,1694,0.4759133030963434,0.47789348581118707,0.022619976466979975,0.03878714732514321
BTG,cost_fx,confirmation,monthly,81,0.42023504383228105,0.42492245209636637,0.10658184054387423,0.012998521116318607
BTG,cost_fx,recent,daily,938,0.4905031136727932,0.4926613708361014,0.021173971690591098,0.02285913074571655
BTG,cost_fx,recent,monthly,45,0.551623317347873,0.5740741560142711,0.08724854860629805,0.02762725268839561
BTG,market_calls,full,daily,3813,0.4431456633924329,0.44317302262117575,0.0255255851504325,0.03314272584800504
BTG,market_calls,full,monthly,182,0.4748985259445423,0.47567369117202185,0.10541235716149777,0.06714152173870847
BTG,market_calls,confirmation,daily,1694,0.48369992349846225,0.48500116032577845,0.02245130942981351,0.04657376772726207
BTG,market_calls,confirmation,monthly,81,0.5182920300415885,0.528300558436735,0.09715141964458512,0.11105550732562608
BTG,market_calls,recent,daily,938,0.48276140072400286,0.4855427706920573,0.021334232535403844,0.015117417796926214
BTG,market_calls,recent,monthly,45,0.5412267329583929,0.5647272429112535,0.08825427529967358,0.017230668298915508
BTG,v4_gold_quarterly,full,daily,3813,0.41055795227264125,0.41149750405720736,0.026261858684417546,0.0005550147282133988
BTG,v4_gold_quarterly,full,monthly,182,0.4189034753561188,0.42031171477733786,0.11089042428621446,0.011146471150284998
BTG,v4_gold_quarterly,confirmation,daily,1694,0.44298639692671615,0.444107789212241,0.023319728050807176,0.005860241155515977
BTG,v4_gold_quarterly,confirmation,monthly,81,0.45480430791123017,0.45682058642918766,0.1033554644807155,0.04756778519526772
BTG,v4_gold_quarterly,recent,daily,938,0.4663350165281368,0.4667479190940229,0.02167034944953632,-0.0013089663989398481
BTG,v4_gold_quarterly,recent,monthly,45,0.5414486826090447,0.5611048293623028,0.08823292447490964,0.017452617949567317
BTG,v4_gold_silver_quarterly,full,daily,3813,0.41000293754442785,0.41023444486512317,0.026274219771424086,0.0
BTG,v4_gold_silver_quarterly,full,monthly,182,0.40775700420583383,0.4147389389323933,0.11194891086211663,0.0
BTG,v4_gold_silver_quarterly,confirmation,daily,1694,0.4371261557712002,0.44790550619040975,0.023442078443963305,0.0
BTG,v4_gold_silver_quarterly,confirmation,monthly,81,0.40723652271596245,0.4261186138965943,0.10777001760031346,0.0
BTG,v4_gold_silver_quarterly,recent,daily,938,0.46764398292707665,0.4736017228974688,0.02164375676000658,0.0
BTG,v4_gold_silver_quarterly,recent,monthly,45,0.5239960646594773,0.532933624434665,0.08989633225635461,0.0
BTG,v4_gold_silver_options_quarterly,full,daily,3813,0.40546282318962235,0.40620318474692463,0.026375118033503706,-0.004540114354805502
BTG,v4_gold_silver_options_quarterly,full,monthly,182,0.40476780356845277,0.41488252405806714,0.11223107255074681,-0.002989200637381062
BTG,v4_gold_silver_options_quarterly,confirmation,daily,1694,0.43115395612600305,0.4440473319652315,0.023566112783405948,-0.005972199645197129
BTG,v4_gold_silver_options_quarterly,confirmation,monthly,81,0.40222363350505064,0.42394528702964923,0.10822475360220947,-0.005012889210911808
BTG,v4_gold_silver_options_quarterly,recent,daily,938,0.4579417999799067,0.4673397685691135,0.02184009485659573,-0.009702182947169957
BTG,v4_gold_silver_options_quarterly,recent,monthly,45,0.5168096724870093,0.5224558244200301,0.0905723877997994,-0.007186392172468081
BTG,calls_3atm_raw,full,daily,3813,0.43462790055876854,0.4347523131987778,0.02572006666554333,0.024624963014340695
BTG,calls_3atm_raw,full,monthly,182,0.47454592192938416,0.4763090739230006,0.10544774325792455,0.06678891772355033
BTG,calls_3atm_raw,confirmation,daily,1694,0.47003103222474196,0.472556608572244,0.022746563878583845,0.03290487645354179
BTG,calls_3atm_raw,confirmation,monthly,81,0.5014195845708946,0.5066286848206631,0.09883820346264509,0.09418306185493219
BTG,calls_3atm_raw,recent,daily,938,0.4681408040036841,0.472059320939719,0.02163365488815055,0.0004968210766074233
BTG,calls_3atm_raw,recent,monthly,45,0.5429370205031249,0.5558226044103451,0.08808961757420054,0.018940955843647522
BTG,calls_12itm_raw,full,daily,3813,0.4321369975741839,0.43241984876300016,0.025776662826354067,0.022134060029756042
BTG,calls_12itm_raw,full,monthly,182,0.4604017042659615,0.4644518159431698,0.10685754464000131,0.05264470006012767
BTG,calls_12itm_raw,confirmation,daily,1694,0.46409190081253826,0.4665675819557554,0.022873664198638493,0.026965745041338085
BTG,calls_12itm_raw,confirmation,monthly,81,0.4606910594724922,0.4656306821176678,0.10279595965217919,0.05345453675652978
BTG,calls_12itm_raw,recent,daily,938,0.46685950054897785,0.47041630615759766,0.021659698061219174,-0.0007844823780988053
BTG,calls_12itm_raw,recent,monthly,45,0.5332410047357357,0.5414305565375133,0.08901906933103904,0.009244940076258312
BTG,calls_24itm_raw,full,daily,3813,0.43104174914884297,0.43132012563538463,0.02580150882753136,0.02103881160441512
BTG,calls_24itm_raw,full,monthly,182,0.44981543351430553,0.45424062667184184,0.10790066168352491,0.0420584293084717
BTG,calls_24itm_raw,confirmation,daily,1694,0.4608585399984473,0.46375045500335593,0.022942563687805412,0.023732384227247105
BTG,calls_24itm_raw,confirmation,monthly,81,0.44539549864567474,0.45103135948199585,0.1042434870006711,0.03815897592971229
BTG,calls_24itm_raw,recent,daily,938,0.46752811614146483,0.4719511920955879,0.021646112003494113,-0.00011586678561181785
BTG,calls_24itm_raw,recent,monthly,45,0.5275258103715929,0.5347726691872656,0.08956240473396748,0.0035297457121155063
BTG,calls_12atm_raw,full,daily,3813,0.4332617894897808,0.4334769774460406,0.025751121671888734,0.023258851945352932
BTG,calls_12atm_raw,full,monthly,182,0.4633514222798951,0.46615199649483996,0.10656507562321574,0.05559441807406129
BTG,calls_12atm_raw,confirmation,daily,1694,0.46490600155394024,0.4679826439513882,0.022856283845198153,0.027779845782740065
BTG,calls_12atm_raw,confirmation,monthly,81,0.482596188755567,0.48828845558699474,0.1006866860595243,0.07535966603960453
BTG,calls_12atm_raw,recent,daily,938,0.47002050213473423,0.4739028340000117,0.02159539219197415,0.002376519207657579
BTG,calls_12atm_raw,recent,monthly,45,0.5415112351964062,0.5542319559711589,0.08822690618890419,0.01751517053692886
BTG,market_calls_raw,full,daily,3813,0.43809284122524506,0.43817353498867806,0.0256411315111505,0.028089903680817208
BTG,market_calls_raw,full,monthly,182,0.4651474326396129,0.4674235415402006,0.10638660465550326,0.05739042843377906
BTG,market_calls_raw,confirmation,daily,1694,0.4754183532267302,0.47702995416903926,0.0226306551508563,0.03829219745553003
BTG,market_calls_raw,confirmation,monthly,81,0.48536719252126914,0.49341859637031815,0.10041670568767494,0.0781306698053067
BTG,market_calls_raw,recent,daily,938,0.4773388499680118,0.47998223853593763,0.02144577132525761,0.00969486704093514
BTG,market_calls_raw,recent,monthly,45,0.5288593846532328,0.5474531200650562,0.08943591896939378,0.004863319993755444
BTG,adaptive_metals,full,daily,3813,0.43703515154333417,0.43718272568539346,0.02566525258658038,0.027032213998906318
BTG,adaptive_metals,full,monthly,182,0.47570725472216,0.47618482514070815,0.10533115108946839,0.0679502505163262
BTG,adaptive_metals,confirmation,daily,1694,0.47284203052548723,0.47495922108622574,0.022686158865861186,0.03571587475428706
BTG,adaptive_metals,confirmation,monthly,81,0.5174519984554431,0.523116723594674,0.09723609201662925,0.11021547573948065
BTG,adaptive_metals,recent,daily,938,0.46782231016491627,0.47206042285019323,0.021640131371624072,0.00017832723783961502
BTG,adaptive_metals,recent,monthly,45,0.5472028884531198,0.5610217286466249,0.08767757414151502,0.023206823793642473
BTG,metals_ewq_cap1,full,daily,3813,0.43617710532281906,0.4362519182345475,0.025684804063195,0.02617416777839121
BTG,metals_ewq_cap1,full,monthly,182,0.4788181355227502,0.4794130118932547,0.1050181960030225,0.07106113131691638
BTG,metals_ewq_cap1,confirmation,daily,1694,0.47484310401812646,0.476158291833304,0.022643059987726852,0.037716948246926285
BTG,metals_ewq_cap1,confirmation,monthly,81,0.5164334922226435,0.5223740822748849,0.09733865524592725,0.10919696950668101
BTG,metals_ewq_cap1,recent,daily,938,0.4718869870687109,0.47530027707370937,0.021557331261563045,0.0042430041416342545
BTG,metals_ewq_cap1,recent,monthly,45,0.5474245982383139,0.5610932691496036,0.08765610607583507,0.023428533578836563
BTG,metals_stale_cap1,full,daily,3813,0.4316341170513296,0.4316975841181072,0.025788073776782924,0.021631179506901743
BTG,metals_stale_cap1,full,monthly,182,0.46848573254091597,0.4691283040686633,0.10605407722602392,0.06072872833508214
BTG,metals_stale_cap1,confirmation,daily,1694,0.46712341747209973,0.47064401182654864,0.02280887675133846,0.029997261700899558
BTG,metals_stale_cap1,confirmation,monthly,81,0.5079357151048289,0.5124513944610695,0.09819020287209258,0.10069919238886649
BTG,metals_stale_cap1,recent,daily,938,0.4644601643342602,0.4733946752255691,0.021708381812716757,-0.0031838185928164675
BTG,metals_stale_cap1,recent,monthly,45,0.5539282297975945,0.5650553010010517,0.08702400595869107,0.02993216513811714
OR,gold_stale,full,daily,1779,0.41695093173684716,0.41704346533877973,0.01968119360574835,0.062041141685668544
OR,gold_stale,full,monthly,85,0.5614944316457671,0.5703649565604236,0.07202534344169204,0.048031067809789274
OR,gold_stale,confirmation,daily,1694,0.4209399458893206,0.42115183740714246,0.01969045685075638,0.056650134046371425
OR,gold_stale,confirmation,monthly,81,0.5647335198420684,0.5701242554662246,0.06943501758040314,0.06480571576176852
OR,gold_stale,recent,daily,938,0.4928238386622492,0.49483998853357913,0.01626988674606478,0.030901240565842647
OR,gold_stale,recent,monthly,45,0.5685344904678977,0.5785780169962045,0.0705271620259358,0.01478846908979592
OR,gold_recent,full,daily,1779,0.4164866174844104,0.4165873899058645,0.019689028658226918,0.061576827433231784
OR,gold_recent,full,monthly,85,0.5610376423424771,0.5699084035296603,0.07206284791738356,0.04757427850649931
OR,gold_recent,confirmation,daily,1694,0.4205387580877874,0.4207615375059148,0.01969727669893619,0.05624894624483823
OR,gold_recent,confirmation,monthly,81,0.5645567818166681,0.5699044131111113,0.06944911304029347,0.06462897773636822
OR,gold_recent,recent,daily,938,0.49152722060087517,0.49335338084420594,0.01629067080959491,0.029604622504468603
OR,gold_recent,recent,monthly,45,0.5680833532850214,0.5788572733096439,0.07056402373541011,0.014337331906919548
OR,metals_504q,full,daily,1779,0.42291117638625064,0.4238315002163749,0.019580339264641866,0.06800138633507202
OR,metals_504q,full,monthly,85,0.5933299656643566,0.602798530521152,0.06936156247348747,0.07986660182837879
OR,metals_504q,confirmation,daily,1694,0.42867527468370015,0.42968096719636195,0.01955849795858254,0.06438546284075097
OR,metals_504q,confirmation,monthly,81,0.5952665903572057,0.601108316630271,0.06695537795439274,0.09533878627690584
OR,metals_504q,recent,daily,938,0.5024643834838729,0.506952342511949,0.016114513604985663,0.040541785387466334
OR,metals_504q,recent,monthly,45,0.5787986329583379,0.58727997561824,0.06968322661226639,0.025052611580236084
OR,metals_504m,full,daily,1779,0.4190421556595575,0.420141774045873,0.019645866600991678,0.06413236560837887
OR,metals_504m,full,monthly,85,0.5944267835818438,0.6042927512903553,0.06926796279360117,0.08096341974586596
OR,metals_504m,confirmation,daily,1694,0.42451223172246144,0.425706052210408,0.019629626580041935,0.06022241987951227
OR,metals_504m,confirmation,monthly,81,0.5961201677578922,0.6023175246610116,0.06688473668668238,0.09619236367759232
OR,metals_504m,recent,daily,938,0.5034369622164834,0.5069880567396167,0.016098755637738212,0.04151436412007681
OR,metals_504m,recent,monthly,45,0.5742825720216742,0.5830814892634266,0.07005579741684702,0.020536550643572404
OR,metals_252q,full,daily,1779,0.42627317302478696,0.4269400948091846,0.019523220508502057,0.07136338297360834
OR,metals_252q,full,monthly,85,0.59886120811026,0.6084232441879092,0.06888824370393903,0.08539784427428221
OR,metals_252q,confirmation,daily,1694,0.43394170277376254,0.43454369325091746,0.019468144882403296,0.06965189093081336
OR,metals_252q,confirmation,monthly,81,0.5973606448137021,0.6034729479573924,0.06678194276086667,0.09743284073340219
OR,metals_252q,recent,daily,938,0.5027764681054193,0.5057224590625531,0.016109458810315277,0.04085387000901275
OR,metals_252q,recent,monthly,45,0.5628362503369696,0.5698875949006594,0.07099135036287857,0.009090228958867796
OR,metals_126q,full,daily,1779,0.4297070766338219,0.43004664382217644,0.019464707057709175,0.07479728658264329
OR,metals_126q,full,monthly,85,0.5930229241742745,0.6019467592007561,0.06938774200155222,0.0795595603382967
OR,metals_126q,confirmation,daily,1694,0.4384379831653792,0.4387150630296084,0.019390671628758367,0.07414817132243001
OR,metals_126q,confirmation,monthly,81,0.5925671662198171,0.5974474626703261,0.06717829085317203,0.09263936213951718
OR,metals_126q,recent,daily,938,0.5029555650796536,0.503874168335252,0.01610655728313971,0.04103296698324699
OR,metals_126q,recent,monthly,45,0.5639660368837514,0.5734024584575979,0.07089955757434842,0.010220015505649549
OR,metals_ewq,full,daily,1779,0.42800020103469616,0.4283777673038208,0.019493814039158435,0.07309041098351754
OR,metals_ewq,full,monthly,85,0.5920891193013276,0.6023985431710314,0.06946730113446285,0.07862575546534978
OR,metals_ewq,confirmation,daily,1694,0.4348219729523174,0.4352470173910533,0.01945300165853999,0.07053216110936822
OR,metals_ewq,confirmation,monthly,81,0.5944443137047459,0.6009308305736365,0.06702335839232477,0.09451650962444602
OR,metals_ewq,recent,daily,938,0.505050544420415,0.5073619590756709,0.016072577891125355,0.043127946324008404
OR,metals_ewq,recent,monthly,45,0.5713447043200597,0.5807403959325489,0.07029710866021162,0.017598682941957877
OR,metals_ewm,full,daily,1779,0.42212501604618324,0.4226229339842203,0.01959367174189361,0.06721522599500462
OR,metals_ewm,full,monthly,85,0.5929434149796401,0.6029943389098948,0.06939451964872481,0.0794800511436623
OR,metals_ewm,confirmation,daily,1694,0.4284373647717583,0.4289989538315491,0.01956256979024563,0.06414755292880914
OR,metals_ewm,confirmation,monthly,81,0.5947203239638337,0.601428647557374,0.06700054736573273,0.09479251988353377
OR,metals_ewm,recent,daily,938,0.5089612299896067,0.5100086272207128,0.016008955790492357,0.04703863189320012
OR,metals_ewm,recent,monthly,45,0.5628188291235423,0.5722716770069147,0.07099276487076722,0.009072807745440503
OR,metals_blend,full,daily,1779,0.4300045132268586,0.4303697603465274,0.01945963048127562,0.07509472317568
OR,metals_blend,full,monthly,85,0.597034926067025,0.6074360901186839,0.06904488087741353,0.08357156223104723
OR,metals_blend,confirmation,daily,1694,0.4373074175365417,0.4376725891754634,0.019410180964735013,0.0730176056935925
OR,metals_blend,confirmation,monthly,81,0.5981674707717024,0.604399075275933,0.06671499895148134,0.0982396666914025
OR,metals_blend,recent,daily,938,0.5057913747992875,0.5078445378038391,0.01606054483125274,0.04386877670288092
OR,metals_blend,recent,monthly,45,0.5738933530004711,0.5834790478671907,0.0700878149214419,0.020147331622369258
OR,calls_3atm,full,daily,1779,0.4177028631456372,0.4201863702985479,0.019668498548945885,0.06279307309445858
OR,calls_3atm,full,monthly,85,0.5727024008042703,0.5743680725899674,0.07109892066582409,0.05923903696829247
OR,calls_3atm,confirmation,daily,1694,0.4240920330831264,0.4266804973454481,0.019636791664800847,0.0598022212401772
OR,calls_3atm,confirmation,monthly,81,0.5727157060648798,0.5733947446917268,0.0687954004149503,0.07278790198457985
OR,calls_3atm,recent,daily,938,0.5045621884285485,0.5068272985977966,0.016080505169799596,0.04263959033214193
OR,calls_3atm,recent,monthly,45,0.5713232665998478,0.5809036969651459,0.0702988664722821,0.017577245221745974
OR,calls_12itm,full,daily,1779,0.42353352453149684,0.4245485756732339,0.019569778433735845,0.06862373448031822
OR,calls_12itm,full,monthly,85,0.5831020909083979,0.5881489076236934,0.07022837831819533,0.06963872707242014
OR,calls_12itm,confirmation,daily,1694,0.43016407994239925,0.43124853899807486,0.019532997758678408,0.06587426809945007
OR,calls_12itm,confirmation,monthly,81,0.5851783622707806,0.5879425813207618,0.06778469385902246,0.08525055819048066
OR,calls_12itm,recent,daily,938,0.5037934773471053,0.5060907194256715,0.016092975424468196,0.04187087925069877
OR,calls_12itm,recent,monthly,45,0.5712562731937609,0.5806153928766509,0.07030435939521736,0.017510251815659128
OR,calls_24itm,full,daily,1779,0.42532689759290143,0.42607322782634627,0.019539314171608244,0.07041710754172281
OR,calls_24itm,full,monthly,85,0.584290443363195,0.5904999304940316,0.0701282151595552,0.07082707952721723
OR,calls_24itm,confirmation,daily,1694,0.4320409723890868,0.43285185219640726,0.01950080289983725,0.06775116054613761
OR,calls_24itm,confirmation,monthly,81,0.5869388628210559,0.5904944392799781,0.06764070200371598,0.08701105874075599
OR,calls_24itm,recent,daily,938,0.5044370179482041,0.5068038737309618,0.016082536380774493,0.04251441985179749
OR,calls_24itm,recent,monthly,45,0.569085839145153,0.5779160617815154,0.07048208601533251,0.015339817767051178
OR,calls_12atm,full,daily,1779,0.42380397861853036,0.42479122334253916,0.019565187232241533,0.06889418856735174
OR,calls_12atm,full,monthly,85,0.583212622869612,0.5882151324419771,0.07021906789134612,0.06974925903363416
OR,calls_12atm,confirmation,daily,1694,0.4304931791079468,0.43152882457897385,0.019527356466647633,0.06620336726499765
OR,calls_12atm,confirmation,monthly,81,0.5846538367358785,0.587088283059325,0.06782753585093175,0.08472603265557854
OR,calls_12atm,recent,daily,938,0.5046826475623287,0.5070722823078401,0.016078550170166753,0.042760049465922156
OR,calls_12atm,recent,monthly,45,0.568836312976633,0.5776783437356496,0.07050248982332552,0.015090291598531147
OR,market_q,full,daily,1779,0.43755404685730914,0.43789261536354124,0.0193303304758625,0.08264425680613052
OR,market_q,full,monthly,85,0.6222321415146526,0.6362794645438948,0.06685136566445463,0.10876877767867477
OR,market_q,confirmation,daily,1694,0.4447771858763674,0.44511419842906486,0.019280915033341114,0.08048737403341821
OR,market_q,confirmation,monthly,81,0.6282285719047332,0.636573387804647,0.06417102006706887,0.12830076782443334
OR,market_q,recent,daily,938,0.5111188978545685,0.5131309949158673,0.015973744682600176,0.04919629975816198
OR,market_q,recent,monthly,45,0.5851338584492706,0.5985417859112817,0.0691571937337685,0.03138783707116877
OR,market_m,full,daily,1779,0.4351582442042531,0.4360659632836437,0.01937145660015254,0.08024845415307447
OR,market_m,full,monthly,85,0.6260543167941343,0.6379077982909285,0.06651231187742843,0.11259095295815646
OR,market_m,confirmation,daily,1694,0.4420181325413154,0.4429556497050324,0.01932876172442155,0.07772832069836622
OR,market_m,confirmation,monthly,81,0.6318309775742956,0.6388789613783894,0.06385935978484744,0.13190317349399572
OR,market_m,recent,daily,938,0.5165208351278273,0.517719106889723,0.01588524785019544,0.05459823703142075
OR,market_m,recent,monthly,45,0.5778551926465254,0.5893024972439059,0.06976122397627763,0.0241091712684236
OR,market_rates,full,daily,1779,0.43464002554920567,0.435022351598908,0.0193803408129679,0.07973023549802705
OR,market_rates,full,monthly,85,0.6154516624031965,0.6304270940665746,0.0674486482981452,0.1019882985672187
OR,market_rates,confirmation,daily,1694,0.4419029273608225,0.44227945657664836,0.01933075700301906,0.07761311551787331
OR,market_rates,confirmation,monthly,81,0.6209662073796292,0.6299115527146657,0.06479476268924793,0.12103840329932924
OR,market_rates,recent,daily,938,0.5115772178449649,0.5134604090231716,0.01596625533279796,0.04965461974855834
OR,market_rates,recent,monthly,45,0.5816719370355734,0.5957897186280476,0.06944514128546743,0.0279259156574716
OR,cost_fx,full,daily,1779,0.4355211831440796,0.43665278449681666,0.01936523203761022,0.080611393092901
OR,cost_fx,full,monthly,85,0.5944206743251426,0.6054940616196948,0.06926848449246484,0.08095731048916477
OR,cost_fx,confirmation,daily,1694,0.4431949836724802,0.44438827516857676,0.019308367619188145,0.07890517182953105
OR,cost_fx,confirmation,monthly,81,0.5978504297381637,0.6057221219383855,0.06674131242821409,0.0979226256578638
OR,cost_fx,recent,daily,938,0.5245465475705762,0.5271297212458597,0.01575284922722561,0.0626239494741696
OR,cost_fx,recent,monthly,45,0.5876923024257182,0.6004034372036461,0.06894362070645205,0.03394628104761643
OR,market_calls,full,daily,1779,0.43094966601246054,0.43178927422364455,0.01944349004232641,0.07603987596128192
OR,market_calls,full,monthly,85,0.609253611832226,0.6190562124354134,0.06799003546123454,0.09579024799624825
OR,market_calls,confirmation,daily,1694,0.43805558482264917,0.43891236330213734,0.019397272590530507,0.0737657729797
OR,market_calls,confirmation,monthly,81,0.6148306432468824,0.6197837171389637,0.06531708614395086,0.1149028391665825
OR,market_calls,recent,daily,938,0.510472324682969,0.5123574888779325,0.015984304287037693,0.048549726586562425
OR,market_calls,recent,monthly,45,0.5834803631397263,0.5974898402039266,0.06929487354268883,0.029734341761624483
OR,v4_gold_quarterly,full,daily,1779,0.40880086948266947,0.41380120030794876,0.019818271515323543,0.05389107943149085
OR,v4_gold_quarterly,full,monthly,85,0.554796428423871,0.555195164957861,0.07257333842300104,0.04133306458789321
OR,v4_gold_quarterly,confirmation,daily,1694,0.4143580378130326,0.42028722592097917,0.01980204681132142,0.050068225970083424
OR,v4_gold_quarterly,confirmation,monthly,81,0.5691422179812955,0.5694829053435753,0.06908247822297757,0.06921441390099559
OR,v4_gold_quarterly,recent,daily,938,0.4800373557411719,0.5011808303612334,0.016473701239254675,0.018114757644765334
OR,v4_gold_quarterly,recent,monthly,45,0.5816659384264438,0.5817219610056577,0.0694456391874755,0.027919917048341958
OR,v4_gold_silver_quarterly,full,daily,1779,0.3549097900511786,0.3888842854735482,0.02070184755641799,0.0
OR,v4_gold_silver_quarterly,full,monthly,85,0.5134633638359778,0.5314438055043419,0.07586746196146717,0.0
OR,v4_gold_silver_quarterly,confirmation,daily,1694,0.3642898118429492,0.39744697125185036,0.020631156579473824,0.0
OR,v4_gold_silver_quarterly,confirmation,monthly,81,0.4999278040802999,0.5297355024593827,0.07442473419643293,0.0
OR,v4_gold_silver_quarterly,recent,daily,938,0.46192259809640657,0.5045485761700531,0.01675820466872584,0.0
OR,v4_gold_silver_quarterly,recent,monthly,45,0.5537460213781018,0.5583421304685582,0.07172563743699086,0.0
OR,v4_gold_silver_options_quarterly,full,daily,1779,0.35382074476409986,0.3871664259816246,0.02071931468111894,-0.0010890452870787604
OR,v4_gold_silver_options_quarterly,full,monthly,85,0.51302541625941,0.5305644079728117,0.07590159967593102,-0.0004379475765677876
OR,v4_gold_silver_options_quarterly,confirmation,daily,1694,0.3631737412033068,0.39567587853155123,0.02064925895632194,-0.0011160706396423636
OR,v4_gold_silver_options_quarterly,confirmation,monthly,81,0.4993606491831929,0.5287260067375288,0.07446692649528076,-0.0005671548971070139
OR,v4_gold_silver_options_quarterly,recent,daily,938,0.459418834603218,0.5006102404832821,0.01679714877238363,-0.0025037634931885933
OR,v4_gold_silver_options_quarterly,recent,monthly,45,0.5529827890961132,0.5572883935142562,0.07178694774183189,-0.0007632322819886017
OR,calls_3atm_raw,full,daily,1779,0.4081874784707523,0.41312704793301264,0.01982854994560258,0.0532776884195737
OR,calls_3atm_raw,full,monthly,85,0.5563206733132793,0.5563647089204984,0.07244899711958984,0.042857309477301486
OR,calls_3atm_raw,confirmation,daily,1694,0.4145118997242956,0.4195878889955369,0.019799445408836998,0.05022208788134641
OR,calls_3atm_raw,confirmation,monthly,81,0.5536470193906273,0.5547711998303885,0.07031373334978223,0.05371921531032742
OR,calls_3atm_raw,recent,daily,938,0.5024480641025386,0.5047444352591308,0.0161147778842929,0.04052546600613205
OR,calls_3atm_raw,recent,monthly,45,0.5704593122828471,0.5802259629155107,0.07036967091993497,0.01671329090474527
OR,calls_12itm_raw,full,daily,1779,0.4180773992868434,0.4197720602415248,0.019662172098053078,0.06316760923566478
OR,calls_12itm_raw,full,monthly,85,0.581429088446429,0.5847630200223674,0.07036914972734705,0.06796572461045125
OR,calls_12itm_raw,confirmation,daily,1694,0.4248062918130361,0.42654665396350083,0.019624610811114027,0.06051647997008691
OR,calls_12itm_raw,confirmation,monthly,81,0.5788829312081614,0.5805396273912018,0.06829711527755353,0.07895512712786146
OR,calls_12itm_raw,recent,daily,938,0.5005787261907557,0.5029011950922447,0.016145021685619872,0.03865612809434915
OR,calls_12itm_raw,recent,monthly,45,0.5709613179925315,0.5802495610460487,0.07032853825772763,0.017215296614429665
OR,calls_24itm_raw,full,daily,1779,0.4224892159163982,0.42364594720025833,0.019587496411927755,0.06757942586521959
OR,calls_24itm_raw,full,monthly,85,0.5841017412707732,0.5889881312625845,0.07014412992423023,0.0706383774347954
OR,calls_24itm_raw,confirmation,daily,1694,0.42951391325013877,0.4306929228773826,0.019544137881352196,0.0652241014071896
OR,calls_24itm_raw,confirmation,monthly,81,0.5825053576841281,0.5849615777466708,0.06800273678904958,0.08257755360382824
OR,calls_24itm_raw,recent,daily,938,0.5034407325411092,0.5059164382454105,0.01609869451996924,0.04151813444470265
OR,calls_24itm_raw,recent,monthly,45,0.5676641053699208,0.5762096751187171,0.07059826256889591,0.013918083991819041
OR,calls_12atm_raw,full,daily,1779,0.41926832536570535,0.4210577380144822,0.019642042113162485,0.06435853531452673
OR,calls_12atm_raw,full,monthly,85,0.5751521850547412,0.5774220156890318,0.07089481539738465,0.0616888212187634
OR,calls_12atm_raw,confirmation,daily,1694,0.4262444941372038,0.4280472162262539,0.01960006097221257,0.061954682294254604
OR,calls_12atm_raw,confirmation,monthly,81,0.5751912237954111,0.5760192074191349,0.06859582413509191,0.07526341971511119
OR,calls_12atm_raw,recent,daily,938,0.5041199843142703,0.5066323801664274,0.016087679914422167,0.04219738621786373
OR,calls_12atm_raw,recent,monthly,45,0.5688302231520675,0.5775409085317892,0.07050298771576327,0.015084201773965744
OR,market_calls_raw,full,daily,1779,0.4254315351641189,0.4267575392658166,0.019537535212886488,0.07052174511294029
OR,market_calls_raw,full,monthly,85,0.6121504521528737,0.6200956490523397,0.06773754090125957,0.09868708831689588
OR,market_calls_raw,confirmation,daily,1694,0.43263809229191497,0.4339717919682522,0.01949054918511487,0.06834828044896579
OR,market_calls_raw,confirmation,monthly,81,0.6133388511712851,0.6168289235240262,0.06544345308396517,0.11341104709098515
OR,market_calls_raw,recent,daily,938,0.5064743159585056,0.508565824747571,0.016049444054734206,0.044551717862098994
OR,market_calls_raw,recent,monthly,45,0.5857515326598866,0.5997910368549777,0.06910569215013372,0.03200551128178475
OR,adaptive_metals,full,daily,1779,0.42914846396976025,0.4296887342034482,0.019474237748069053,0.07423867391858163
OR,adaptive_metals,full,monthly,85,0.5995664771183753,0.609074113354163,0.06882765854225951,0.0861031132823975
OR,adaptive_metals,confirmation,daily,1694,0.43517459727489305,0.4357848556628607,0.019446932179992146,0.07088478543194388
OR,adaptive_metals,confirmation,monthly,81,0.6022564638879266,0.6081763482532934,0.06637468962873687,0.10232865980762673
OR,adaptive_metals,recent,daily,938,0.5041644796662703,0.5062459015354319,0.016086958123851327,0.04224188156986375
OR,adaptive_metals,recent,monthly,45,0.5725996905642434,0.5819750387295776,0.07019412781242487,0.01885366918614162
OR,metals_ewq_cap1,full,daily,1779,0.42800020103469616,0.4283777673038208,0.019493814039158435,0.07309041098351754
OR,metals_ewq_cap1,full,monthly,85,0.5920891193013276,0.6023985431710314,0.06946730113446285,0.07862575546534978
OR,metals_ewq_cap1,confirmation,daily,1694,0.4348219729523174,0.4352470173910533,0.01945300165853999,0.07053216110936822
OR,metals_ewq_cap1,confirmation,monthly,81,0.5944443137047459,0.6009308305736365,0.06702335839232477,0.09451650962444602
OR,metals_ewq_cap1,recent,daily,938,0.505050544420415,0.5073619590756709,0.016072577891125355,0.043127946324008404
OR,metals_ewq_cap1,recent,monthly,45,0.5713447043200597,0.5807403959325489,0.07029710866021162,0.017598682941957877
OR,metals_stale_cap1,full,daily,1779,0.4239635224933569,0.4249867353353644,0.01956247832609106,0.06905373244217827
OR,metals_stale_cap1,full,monthly,85,0.5942375087235408,0.6038104328687589,0.06928412406119677,0.08077414488756296
OR,metals_stale_cap1,confirmation,daily,1694,0.42961959941691474,0.4306913282762399,0.019542327459734308,0.06532978757396557
OR,metals_stale_cap1,confirmation,monthly,81,0.5951876655831818,0.6009377673392147,0.06696190593102115,0.0952598615028819
OR,metals_stale_cap1,recent,daily,938,0.502077752683908,0.5082110725765445,0.016120773616488095,0.04015515458750141
OR,metals_stale_cap1,recent,monthly,45,0.5812426817620236,0.5886646365261158,0.06948076171425215,0.027496660383921845
DRD,gold_stale,full,daily,3813,0.31577344593867007,0.3160783648481526,0.030833600178143072,0.07585108668975415
DRD,gold_stale,full,monthly,182,0.34498222373296317,0.3577994256566431,0.15208132520881312,0.0962346700913943
DRD,gold_stale,confirmation,daily,1694,0.43102214059878563,0.4326931368440129,0.02744701280453681,0.1623928496911331
DRD,gold_stale,confirmation,monthly,81,0.4432210972871561,0.45242567634658837,0.1376105805831824,0.11939431028971681
DRD,gold_stale,recent,daily,938,0.464948421768832,0.46921919090104425,0.024442667197368293,0.2134879725874218
DRD,gold_stale,recent,monthly,45,0.5531211467873158,0.5833443904294144,0.11803430091488748,0.04361476961142463
DRD,gold_recent,full,daily,3813,0.31720173830472265,0.3175002858385116,0.030801401484539664,0.07727937905580673
DRD,gold_recent,full,monthly,182,0.34597008772245064,0.35875300363923646,0.1519666013362212,0.09722253408088177
DRD,gold_recent,confirmation,daily,1694,0.4335584100672202,0.4351163303518646,0.027385770728620196,0.16492911915956765
DRD,gold_recent,confirmation,monthly,81,0.44880462099804974,0.45825222268625865,0.13691884463214032,0.12497783400061047
DRD,gold_recent,recent,daily,938,0.463812907607158,0.46820331317903235,0.02446859019779835,0.2123524584257478
DRD,gold_recent,recent,monthly,45,0.5511693163935082,0.5825554470120841,0.1182917889585444,0.04166293921761699
DRD,metals_504q,full,daily,3813,0.32054273024723656,0.32109015478726644,0.03072595209310185,0.08062037099832065
DRD,metals_504q,full,monthly,182,0.358953401205217,0.3733201255361485,0.15045067662166003,0.11020584756364815
DRD,metals_504q,confirmation,daily,1694,0.43661535923017547,0.4399832988799476,0.02731177354495616,0.16798606832252294
DRD,metals_504q,confirmation,monthly,81,0.46718299180461154,0.4775385083772856,0.1346168678606936,0.14335620480717226
DRD,metals_504q,recent,daily,938,0.47604111136882443,0.48393124663691767,0.02418796748015333,0.22458066218741424
DRD,metals_504q,recent,monthly,45,0.5711784690130801,0.6009357187352041,0.11562496698466286,0.061672091837188914
DRD,metals_504m,full,daily,3813,0.32045112127751585,0.3212889125954627,0.030728023362385448,0.08052876202859993
DRD,metals_504m,full,monthly,182,0.3617817220944919,0.375724405740371,0.15011841280022248,0.11303416845292302
DRD,metals_504m,confirmation,daily,1694,0.43179542772898805,0.43705933917191586,0.027428355103058286,0.16316613682133552
DRD,metals_504m,confirmation,monthly,81,0.48003941089804847,0.4913499924742849,0.13298285585188774,0.1562126239006092
DRD,metals_504m,recent,daily,938,0.47394108348331054,0.48250452461384485,0.024236391709642636,0.22248063430190035
DRD,metals_504m,recent,monthly,45,0.5764802233591875,0.6064892247547689,0.11490797670869421,0.06697384618329627
DRD,metals_252q,full,daily,3813,0.3275457853781447,0.32821111905100997,0.03056719828571273,0.0876234261292288
DRD,metals_252q,full,monthly,182,0.36385850176622336,0.3770152426308187,0.14987396907809664,0.1151109481246545
DRD,metals_252q,confirmation,daily,1694,0.44061356079073366,0.4437861092051386,0.027214688537686594,0.17198426988308113
DRD,metals_252q,confirmation,monthly,81,0.4729072171482158,0.48419627629773765,0.1338917989274212,0.14908043015077654
DRD,metals_252q,recent,daily,938,0.47079911221443305,0.47763492399285734,0.02430866182780886,0.21933866303302285
DRD,metals_252q,recent,monthly,45,0.5549954027743164,0.583849782623509,0.11778651681975048,0.04548902559842516
DRD,metals_126q,full,daily,3813,0.33110896973697157,0.3315521013771116,0.030486106350304902,0.09118661048805565
DRD,metals_126q,full,monthly,182,0.3779695251704175,0.39218595580059473,0.14820237938357575,0.12922197152884862
DRD,metals_126q,confirmation,daily,1694,0.443517165304001,0.4453363231309789,0.02714396506550064,0.17488787439634845
DRD,metals_126q,confirmation,monthly,81,0.47873220924675164,0.4954776537790303,0.1331499130214512,0.15490542224931236
DRD,metals_126q,recent,daily,938,0.4717646840978439,0.4764104780094074,0.02428647509564429,0.2203042349164337
DRD,metals_126q,recent,monthly,45,0.545398548922287,0.582046425117526,0.11904981889168723,0.03589217174639581
DRD,metals_ewq,full,daily,3813,0.3282686780442112,0.3286560033622188,0.03055076389900771,0.08834631879529531
DRD,metals_ewq,full,monthly,182,0.36763678349033946,0.383838810589335,0.14942822752333648,0.1188892298487706
DRD,metals_ewq,confirmation,daily,1694,0.44352119515908495,0.4459779054820664,0.027143866781747003,0.17489190425143242
DRD,metals_ewq,confirmation,monthly,81,0.4736655819748278,0.48738386296090397,0.13379544456324238,0.1498387949773885
DRD,metals_ewq,recent,daily,938,0.4766588394711385,0.48210946283677913,0.0241737049167472,0.22519839028972832
DRD,metals_ewq,recent,monthly,45,0.5579287185682882,0.5926126037874399,0.11739767106525753,0.048422341392396984
DRD,metals_ewm,full,daily,3813,0.3279810140753263,0.32859162677748405,0.030557304768119325,0.0880586548264104
DRD,metals_ewm,full,monthly,182,0.3700850373209029,0.3853064056466885,0.14913868426537297,0.12133748367933406
DRD,metals_ewm,confirmation,daily,1694,0.4363945177972086,0.4405364888489443,0.02731712599850765,0.16776522688955608
DRD,metals_ewm,confirmation,monthly,81,0.4835786439592269,0.4967876081993251,0.13252949363844527,0.15975185696178762
DRD,metals_ewm,recent,daily,938,0.4808610515916867,0.4849277492080632,0.024076456903702057,0.2294006024102765
DRD,metals_ewm,recent,monthly,45,0.5618478155848943,0.5949416810353455,0.11687612946890798,0.05234143840900307
DRD,metals_blend,full,daily,3813,0.33103751378548074,0.3313535548259126,0.03048773468396647,0.09111515453656482
DRD,metals_blend,full,monthly,182,0.3725329966327229,0.38837379474644335,0.1488486127161665,0.12378544299115402
DRD,metals_blend,confirmation,daily,1694,0.44422972364584057,0.4462408149307542,0.027126581012398118,0.17560043273818804
DRD,metals_blend,confirmation,monthly,81,0.4754882565026949,0.489704847562574,0.13356357958268752,0.1516614695052556
DRD,metals_blend,recent,daily,938,0.4764968980662613,0.4821978708857909,0.024177444753431903,0.22503644888485108
DRD,metals_blend,recent,monthly,45,0.559996702212434,0.5941405900409293,0.11712275945778555,0.05049032503654283
DRD,calls_3atm,full,daily,3813,0.3296226204643061,0.33006249955156153,0.030519959291415488,0.08970026121539021
DRD,calls_3atm,full,monthly,182,0.36576458816287427,0.3804754482073876,0.14964926510286528,0.11701703452130541
DRD,calls_3atm,confirmation,daily,1694,0.4426474483438573,0.4454556032538013,0.027165168190334703,0.17401815743620475
DRD,calls_3atm,confirmation,monthly,81,0.46236490433236344,0.4716496419623662,0.13522414593889281,0.13853811733492416
DRD,calls_3atm,recent,daily,938,0.4754792232910089,0.48133502569513487,0.024200933467664647,0.2240187741095987
DRD,calls_3atm,recent,monthly,45,0.5575519752097005,0.5918138021429443,0.11744768491546481,0.048045598033809256
DRD,calls_12itm,full,daily,3813,0.3285667468664766,0.3291036627472882,0.03054398496796556,0.08864438761756066
DRD,calls_12itm,full,monthly,182,0.3649868484092039,0.38163524758753953,0.14974099170912283,0.11623929476763506
DRD,calls_12itm,confirmation,daily,1694,0.44389235452089004,0.44657732930481314,0.027134813084960716,0.1752630636132375
DRD,calls_12itm,confirmation,monthly,81,0.46464194186291974,0.47609290151564077,0.134937485737446,0.14081515486548046
DRD,calls_12itm,recent,daily,938,0.4779584578200169,0.4836370991715992,0.0241436708573421,0.2264980086386067
DRD,calls_12itm,recent,monthly,45,0.5592327030108784,0.5900121222419998,0.1172243983386608,0.04972632583498715
DRD,calls_24itm,full,daily,3813,0.32812169584243644,0.328712754758012,0.030554106137776132,0.08819933659352053
DRD,calls_24itm,full,monthly,182,0.3623835559218168,0.37914127914758067,0.1500476159811396,0.11363600228024795
DRD,calls_24itm,confirmation,daily,1694,0.4437292543300728,0.4465289254502567,0.027138791962767778,0.1750999634224203
DRD,calls_24itm,confirmation,monthly,81,0.45853147146559303,0.46958728844624453,0.13570537563081853,0.13470468446815376
DRD,calls_24itm,recent,daily,938,0.4787797272110328,0.4847222394782553,0.02412467211790138,0.2273192780296226
DRD,calls_24itm,recent,monthly,45,0.5577442412341043,0.5864825509881465,0.11742216366563435,0.048237864058213065
DRD,calls_12atm,full,daily,3813,0.3282414554991586,0.3287223288774457,0.030551382941989308,0.0883190962502427
DRD,calls_12atm,full,monthly,182,0.36277426268558377,0.37876282926352767,0.15000163724072732,0.1140267090440149
DRD,calls_12atm,confirmation,daily,1694,0.4433253329769331,0.4457556663683959,0.027148643234337477,0.17469604206928058
DRD,calls_12atm,confirmation,monthly,81,0.45818540665856056,0.46901774057458434,0.13574873489437428,0.13435861966112128
DRD,calls_12atm,recent,daily,938,0.47767684376291386,0.4831666826668193,0.024150182101992965,0.22621639458150367
DRD,calls_12atm,recent,monthly,45,0.5574536811927,0.5905679282167846,0.11746073024846153,0.0479473040168088
DRD,market_q,full,daily,3813,0.333970283188044,0.3342569305763605,0.03042083129914207,0.09404792393912809
DRD,market_q,full,monthly,182,0.35525333040881735,0.36637737805053416,0.1508842466539472,0.10650577676724848
DRD,market_q,confirmation,daily,1694,0.44708343656193783,0.44958558308496854,0.02705684797251267,0.1784541456542853
DRD,market_q,confirmation,monthly,81,0.4615600716645363,0.47263008185889416,0.13532532247214354,0.137733284667097
DRD,market_q,recent,daily,938,0.4801985559242755,0.4851274734003159,0.02409181450967869,0.22873810674286532
DRD,market_q,recent,monthly,45,0.5411125221037538,0.574345792837878,0.11960970896484537,0.03160614492786262
DRD,market_m,full,daily,3813,0.33409043580922004,0.33468579506635127,0.03041808719674719,0.09416807656030413
DRD,market_m,full,monthly,182,0.3572396495838678,0.3671295044380332,0.15065164719041294,0.10849209594229892
DRD,market_m,confirmation,daily,1694,0.44112896266999635,0.44543504378312343,0.027202148249773635,0.17249967176234382
DRD,market_m,confirmation,monthly,81,0.4747335988041256,0.48542189669290975,0.133659629438077,0.1509068118066863
DRD,market_m,recent,daily,938,0.48490752234756285,0.4889091343174338,0.02398244038970262,0.23344707316615265
DRD,market_m,recent,monthly,45,0.5460887906353278,0.576463471279586,0.11895940522689467,0.03658241345943658
DRD,market_rates,full,daily,3813,0.33383126963023,0.3341481097095089,0.0304240058476965,0.0939089103813141
DRD,market_rates,full,monthly,182,0.3476934575414936,0.35688375927922433,0.151766253156265,0.09894590389992475
DRD,market_rates,confirmation,daily,1694,0.4467568784917708,0.4490376133571368,0.027064836816060464,0.17812758758411829
DRD,market_rates,confirmation,monthly,81,0.4539337197079111,0.4637759807275053,0.13628031275212665,0.1301069327104718
DRD,market_rates,recent,daily,938,0.4796211246190123,0.484384874469678,0.024105192220316648,0.2281606754376021
DRD,market_rates,recent,monthly,45,0.5370448480986463,0.5702414388697677,0.12013866202689044,0.027538470922755076
DRD,cost_fx,full,daily,3813,0.33174376387856364,0.3325798588759297,0.030471636881817216,0.09182140462964772
DRD,cost_fx,full,monthly,182,0.313397043641395,0.32081144537510714,0.1557048640344434,0.06464948999982612
DRD,cost_fx,confirmation,daily,1694,0.4442476506296844,0.44834418126929626,0.027126143509960673,0.17561835972203188
DRD,cost_fx,confirmation,monthly,81,0.4067239246381775,0.4126505550493537,0.14204922197542982,0.08289713764073825
DRD,cost_fx,recent,daily,938,0.4861558427619498,0.49181467342128177,0.023953362183658424,0.2346953935805396
DRD,cost_fx,recent,monthly,45,0.5232652044253525,0.5468001728456587,0.12191348770608061,0.013758827249461314
DRD,market_calls,full,daily,3813,0.3342731318801785,0.3347140142237362,0.030413914223017063,0.09435077263126257
DRD,market_calls,full,monthly,182,0.3465397217457695,0.35682819117738207,0.15190040848948783,0.09779216810420066
DRD,market_calls,confirmation,daily,1694,0.4476450315417191,0.45000865439351506,0.027043103719466787,0.17901574063406656
DRD,market_calls,confirmation,monthly,81,0.4485548255190983,0.4579867708752362,0.13694986614973337,0.12472803852165903
DRD,market_calls,recent,daily,938,0.48099902995085597,0.48597171853609566,0.024073257133397242,0.22953858076944578
DRD,market_calls,recent,monthly,45,0.5398736129758723,0.5695586815938964,0.11977106189330389,0.03036723579998113
DRD,v4_gold_quarterly,full,daily,3813,0.2823285082345115,0.2912462101314823,0.03157818187555665,0.04240614898559558
DRD,v4_gold_quarterly,full,monthly,182,0.28513410267343786,0.2911295554434784,0.15887722103728588,0.036386549031869
DRD,v4_gold_quarterly,confirmation,daily,1694,0.3840574320652751,0.4240484832963142,0.028557324141786605,0.11542814115762257
DRD,v4_gold_quarterly,confirmation,monthly,81,0.4524251264262543,0.454903939635692,0.13646843072678125,0.12859833942881504
DRD,v4_gold_quarterly,recent,daily,938,0.3552426443075152,0.4541248299048417,0.026831745293011845,0.10378219512610498
DRD,v4_gold_quarterly,recent,monthly,45,0.5442735600861515,0.5468708746213097,0.11919703241384152,0.034767182910260264
DRD,v4_gold_silver_quarterly,full,daily,3813,0.23992235924891592,0.2815366579470128,0.032497746960070496,0.0
DRD,v4_gold_silver_quarterly,full,monthly,182,0.24874755364156886,0.27183162040784514,0.16287044940138592,0.0
DRD,v4_gold_silver_quarterly,confirmation,daily,1694,0.26862929090765253,0.4088694294632193,0.03111832290103846,0.0
DRD,v4_gold_silver_quarterly,confirmation,monthly,81,0.3238267869974393,0.3888528273846239,0.15164895526983885,0.0
DRD,v4_gold_silver_quarterly,recent,daily,938,0.2514604491814102,0.45829869947995183,0.02891066930280926,0.0
DRD,v4_gold_silver_quarterly,recent,monthly,45,0.5095063771758912,0.5360627893546243,0.12366021944633032,0.0
DRD,v4_gold_silver_options_quarterly,full,daily,3813,0.2451428012755028,0.28835662054664696,0.03238595251573956,0.005220442026586891
DRD,v4_gold_silver_options_quarterly,full,monthly,182,0.25959073088317164,0.28593553997427085,0.16169078465501743,0.010843177241602775
DRD,v4_gold_silver_options_quarterly,confirmation,daily,1694,0.2756686684081884,0.4177467439042057,0.03096820527655903,0.007039377500535848
DRD,v4_gold_silver_options_quarterly,confirmation,monthly,81,0.32831920277235394,0.39992024139753723,0.15114434676842692,0.00449241577491466
DRD,v4_gold_silver_options_quarterly,recent,daily,938,0.2713106973226367,0.4569297856809045,0.02852475788834136,0.01985024814122649
DRD,v4_gold_silver_options_quarterly,recent,monthly,45,0.5322711734167878,0.5527623315897311,0.12075646708693442,0.022764796240896557
DRD,calls_3atm_raw,full,daily,3813,0.32924059396983485,0.33008515432314073,0.03052865422415382,0.08931823472091893
DRD,calls_3atm_raw,full,monthly,182,0.3690363715991425,0.3828091512874007,0.14926277370452423,0.12028881795757362
DRD,calls_3atm_raw,confirmation,daily,1694,0.4364083714913839,0.44106343698506745,0.027316790262388244,0.16777908058373137
DRD,calls_3atm_raw,confirmation,monthly,81,0.4566272111570032,0.46350977668503246,0.1359437935085474,0.13280042415956395
DRD,calls_3atm_raw,recent,daily,938,0.47450468460986794,0.480835720799007,0.02422340521913434,0.22304423542845775
DRD,calls_3atm_raw,recent,monthly,45,0.557490685320789,0.5906460810074038,0.11745581932435376,0.04798430814489785
DRD,calls_12itm_raw,full,daily,3813,0.325076375806409,0.3260325484112536,0.030623271814273247,0.0851540165574931
DRD,calls_12itm_raw,full,monthly,182,0.364034162604295,0.3807420809029569,0.14985327493631598,0.11528660896272613
DRD,calls_12itm_raw,confirmation,daily,1694,0.4382861270853271,0.4419512979012811,0.02727124571420061,0.16965683617767457
DRD,calls_12itm_raw,confirmation,monthly,81,0.45964668644830275,0.4699838251503609,0.13556555340083892,0.13581989945086348
DRD,calls_12itm_raw,recent,daily,938,0.4765262519475414,0.48248178404888786,0.024176766904734148,0.2250658027661312
DRD,calls_12itm_raw,recent,monthly,45,0.5586569340112111,0.5875364600734159,0.11730093775946995,0.04915055683531988
DRD,calls_24itm_raw,full,daily,3813,0.3246933701224657,0.3257320840217111,0.030631959629634914,0.08477101087354977
DRD,calls_24itm_raw,full,monthly,182,0.35826143566755597,0.37486398747667593,0.15053185527910415,0.10951388202598711
DRD,calls_24itm_raw,confirmation,daily,1694,0.440040509105178,0.44356558826776804,0.02722862472740194,0.17141121819752547
DRD,calls_24itm_raw,confirmation,monthly,81,0.4470026224785776,0.45630379658211473,0.1371424733487531,0.12317583548113831
DRD,calls_24itm_raw,recent,daily,938,0.4779518458691324,0.4844735448367668,0.024143823753469625,0.22649139668772222
DRD,calls_24itm_raw,recent,monthly,45,0.5569597567565117,0.5840113171242477,0.11752626072906613,0.04745337958062046
DRD,calls_12atm_raw,full,daily,3813,0.3238204646609396,0.3247293744289933,0.030651750764928008,0.0838981054120237
DRD,calls_12atm_raw,full,monthly,182,0.35777513911761316,0.3729267093286593,0.1505888794811982,0.1090275854760443
DRD,calls_12atm_raw,confirmation,daily,1694,0.4378089819430089,0.4406639324870277,0.027282825969647324,0.16917969103535635
DRD,calls_12atm_raw,confirmation,monthly,81,0.4390479805561842,0.4465412648534794,0.13812532079953105,0.11522119355874494
DRD,calls_12atm_raw,recent,daily,938,0.47691727332106015,0.4829595919800006,0.02416773550755135,0.22545682413964996
DRD,calls_12atm_raw,recent,monthly,45,0.5572334083946473,0.5886001889556794,0.11748995903634288,0.0477270312187561
DRD,market_calls_raw,full,daily,3813,0.3300490820421166,0.3310158391357369,0.03051025008804589,0.09012672279320066
DRD,market_calls_raw,full,monthly,182,0.3387886378367063,0.3481642379766269,0.15279864359685902,0.09004108419513746
DRD,market_calls_raw,confirmation,daily,1694,0.44279354860478737,0.44594166393333645,0.027161607519199743,0.17416425769713484
DRD,market_calls_raw,confirmation,monthly,81,0.4434234963214506,0.4520565125373161,0.13758556636286967,0.11959670932401134
DRD,market_calls_raw,recent,daily,938,0.47981302629911116,0.484998135621675,0.02410074713842178,0.22835257711770096
DRD,market_calls_raw,recent,monthly,45,0.5389794257207099,0.5669408566748741,0.11988738403701724,0.029473048544818692
DRD,adaptive_metals,full,daily,3813,0.3288175216920104,0.3294549412726987,0.030538280471051976,0.08889516244309448
DRD,adaptive_metals,full,monthly,182,0.37663006732678017,0.3905619342698622,0.14836186038646643,0.1278825136852113
DRD,adaptive_metals,confirmation,daily,1694,0.4424242967927672,0.44504458695028865,0.027170605810341402,0.17379500588511465
DRD,adaptive_metals,confirmation,monthly,81,0.47664413051184884,0.4902029098058287,0.13341633043164974,0.15281734351440956
DRD,adaptive_metals,recent,daily,938,0.4717486857459319,0.478180142688883,0.024286842867943616,0.22028823656452168
DRD,adaptive_metals,recent,monthly,45,0.5572198811457516,0.5903721917726167,0.11749175377855005,0.047713503969860405
DRD,metals_ewq_cap1,full,daily,3813,0.3282686780442112,0.3286560033622188,0.03055076389900771,0.08834631879529531
DRD,metals_ewq_cap1,full,monthly,182,0.36763678349033946,0.383838810589335,0.14942822752333648,0.1188892298487706
DRD,metals_ewq_cap1,confirmation,daily,1694,0.44352119515908495,0.4459779054820664,0.027143866781747003,0.17489190425143242
DRD,metals_ewq_cap1,confirmation,monthly,81,0.4736655819748278,0.48738386296090397,0.13379544456324238,0.1498387949773885
DRD,metals_ewq_cap1,recent,daily,938,0.4766588394711385,0.48210946283677913,0.0241737049167472,0.22519839028972832
DRD,metals_ewq_cap1,recent,monthly,45,0.5579287185682882,0.5926126037874399,0.11739767106525753,0.048422341392396984
DRD,metals_stale_cap1,full,daily,3813,0.3170366006371734,0.3176965435716413,0.030805125984421047,0.07711424138825751
DRD,metals_stale_cap1,full,monthly,182,0.3528207822139845,0.36597296975414784,0.15116861234214252,0.10407322857241563
DRD,metals_stale_cap1,confirmation,daily,1694,0.42935250582625784,0.4336911107553777,0.02748725419233658,0.1607232149186053
DRD,metals_stale_cap1,confirmation,monthly,81,0.45188112044297857,0.4599384917821619,0.13653620338823377,0.1280543334455393
DRD,metals_stale_cap1,recent,daily,938,0.4729825896246479,0.48249061853149194,0.024258461348505858,0.2215221404432377
DRD,metals_stale_cap1,recent,monthly,45,0.5715289643358792,0.5988472389518882,0.11557770455551554,0.062022587159987985
SSRM,gold_stale,full,daily,3813,0.37346526071463504,0.3738052253566932,0.028067078130632403,-0.007566818616271842
SSRM,gold_stale,full,monthly,182,0.37592907439480805,0.3781138729749778,0.1329496826856586,0.04501423966075979
SSRM,gold_stale,confirmation,daily,1694,0.35105222003772907,0.3510971752779332,0.029038562688564903,0.0009298247824381933
SSRM,gold_stale,confirmation,monthly,81,0.31684993802373285,0.31841454581281436,0.14062837691217894,0.1129542013889051
SSRM,gold_stale,recent,daily,938,0.30078574845182726,0.3008116492084035,0.03221427586893926,-0.010925159905719961
SSRM,gold_stale,recent,monthly,45,0.24198479247481441,0.24262109472985988,0.16160886501675406,0.06158656836357734
SSRM,gold_recent,full,daily,3813,0.3735773273168258,0.3738427690475604,0.028064567876574326,-0.007454752014081079
SSRM,gold_recent,full,monthly,182,0.37502041335797986,0.3771551974414304,0.13304643631527263,0.04410557862393161
SSRM,gold_recent,confirmation,daily,1694,0.35049793554448516,0.3505110143400362,0.02905096136688472,0.00037554028919428717
SSRM,gold_recent,confirmation,monthly,81,0.3153468189103591,0.3167104209927262,0.14078300256944035,0.11145108227553135
SSRM,gold_recent,recent,daily,938,0.300302065966773,0.3003089547023894,0.032225416079021886,-0.011408842390774221
SSRM,gold_recent,recent,monthly,45,0.24192279426568175,0.2425722384461858,0.16161547389164638,0.06152457015444468
SSRM,metals_504q,full,daily,3813,0.39977779202885677,0.39987825078584366,0.02747139133443477,0.01874571269794989
SSRM,metals_504q,full,monthly,182,0.3930584011572037,0.3947053478119386,0.13111240456784817,0.06214356642315544
SSRM,metals_504q,confirmation,daily,1694,0.37359889559129456,0.3742271910849436,0.02852965358003471,0.02347650033600368
SSRM,metals_504q,confirmation,monthly,81,0.2907856177874447,0.2915647950382071,0.14328597239360094,0.08688988115261698
SSRM,metals_504q,recent,daily,938,0.32034792701552295,0.3215396444642571,0.031760443671978875,0.008637018657975726
SSRM,metals_504q,recent,monthly,45,0.21198860870544944,0.2139072229196418,0.16477543569968034,0.03159038459421237
SSRM,metals_504m,full,daily,3813,0.3989324848554625,0.39900664680277226,0.027490728834498605,0.01790040552455563
SSRM,metals_504m,full,monthly,182,0.3962430300267087,0.39780759165417645,0.13076797809742693,0.06532819529266043
SSRM,metals_504m,confirmation,daily,1694,0.37083502528845447,0.37158846206058044,0.02859252501585087,0.020712630033163593
SSRM,metals_504m,confirmation,monthly,81,0.29727880711737664,0.2978669806068308,0.1426285391140907,0.0933830704825489
SSRM,metals_504m,recent,daily,938,0.3170615283204967,0.3182578488514818,0.03183713850736296,0.005350619962949499
SSRM,metals_504m,recent,monthly,45,0.21240037697885727,0.21421271284873986,0.1647323791124061,0.032002152867620204
SSRM,metals_252q,full,daily,3813,0.3995171230777069,0.39969312477541774,0.02747735592668333,0.018485043746800045
SSRM,metals_252q,full,monthly,182,0.39606325196948244,0.39761145469955,0.13078744575115236,0.06514841723543419
SSRM,metals_252q,confirmation,daily,1694,0.3719327809638109,0.37226822101249313,0.028567570265538727,0.021810385708520008
SSRM,metals_252q,confirmation,monthly,81,0.29613169851898746,0.29656467723649454,0.1427449036915795,0.09223596188415972
SSRM,metals_252q,recent,daily,938,0.3195286326536635,0.3195968344955762,0.03177958090138909,0.007817724296116269
SSRM,metals_252q,recent,monthly,45,0.21977370427970344,0.22027566974735152,0.1639594725113266,0.03937548016846637
SSRM,metals_126q,full,daily,3813,0.3948432106615273,0.39554599443787014,0.027584084879775796,0.013811131330620396
SSRM,metals_126q,full,monthly,182,0.3888911097297516,0.390391778470211,0.13156174675524374,0.05797627499570335
SSRM,metals_126q,confirmation,daily,1694,0.36927693384742444,0.3695600473487709,0.0286279070087686,0.019154538592133563
SSRM,metals_126q,confirmation,monthly,81,0.29264626284049133,0.2932210966538839,0.14309789144568646,0.0887505262056636
SSRM,metals_126q,recent,daily,938,0.3195857796752284,0.3197031480348032,0.03177824642457366,0.007874871317681165
SSRM,metals_126q,recent,monthly,45,0.22708167686212477,0.22713558119724017,0.16318980459007548,0.0466834527508877
SSRM,metals_ewq,full,daily,3813,0.4030553769683304,0.4031621840917224,0.027396283255832446,0.0220232976374235
SSRM,metals_ewq,full,monthly,182,0.3933287170029245,0.39507442945777094,0.131083204305682,0.06241388226887623
SSRM,metals_ewq,confirmation,daily,1694,0.3726765686916875,0.3729601257910396,0.028550649701901215,0.02255417343639665
SSRM,metals_ewq,confirmation,monthly,81,0.2892370453189125,0.28984149696118666,0.1434423198435891,0.08534130868408474
SSRM,metals_ewq,recent,daily,938,0.32173266169933246,0.3217932906797809,0.03172807254135474,0.010021753341785233
SSRM,metals_ewq,recent,monthly,45,0.21590119367701788,0.21653551881066402,0.16436586031356376,0.035502969565780806
SSRM,metals_ewm,full,daily,3813,0.4042875834832308,0.4043953150651225,0.027367993096182715,0.023255504152323914
SSRM,metals_ewm,full,monthly,182,0.39399351457786935,0.39549178459269485,0.1310113633555895,0.0630786798438211
SSRM,metals_ewm,confirmation,daily,1694,0.3702141394937176,0.3705081615827499,0.02860662967497833,0.020091744238426745
SSRM,metals_ewm,confirmation,monthly,81,0.2919553574021285,0.2927237410084507,0.14316775958660177,0.08805962076730078
SSRM,metals_ewm,recent,daily,938,0.3174264991645792,0.3175454181519189,0.03182863028837286,0.005715590807031989
SSRM,metals_ewm,recent,monthly,45,0.20599785519406433,0.207950377461813,0.16540059162946355,0.025599631082827257
SSRM,metals_blend,full,daily,3813,0.4040450656622959,0.4041038070366653,0.027373563360029537,0.02301298633138904
SSRM,metals_blend,full,monthly,182,0.3959052114303915,0.39757498498490224,0.1308045571179005,0.06499037669634322
SSRM,metals_blend,confirmation,daily,1694,0.3740970112292912,0.3743912348034793,0.0285183079000965,0.023974615974000302
SSRM,metals_blend,confirmation,monthly,81,0.29330143740043957,0.2938526764031136,0.14303160507952198,0.08940570076561183
SSRM,metals_blend,recent,daily,938,0.3226113140979904,0.32268649140326655,0.03170751502675091,0.010900405740443153
SSRM,metals_blend,recent,monthly,45,0.22081907794867162,0.22118075939411425,0.1638495964623548,0.040420853837434545
SSRM,calls_3atm,full,daily,3813,0.4023696609295062,0.40242660154426346,0.027412013926877414,0.02133758159859933
SSRM,calls_3atm,full,monthly,182,0.38537763981769224,0.3867019500284627,0.13193940101503535,0.054462805083643984
SSRM,calls_3atm,confirmation,daily,1694,0.3680932457423406,0.3691688945955008,0.028654757643284724,0.017970850487049717
SSRM,calls_3atm,confirmation,monthly,81,0.2688575870563852,0.2726802286046161,0.1454842223939465,0.06496185042155744
SSRM,calls_3atm,recent,daily,938,0.32125725768815194,0.3213393774255656,0.03173918984714156,0.00954634933060472
SSRM,calls_3atm,recent,monthly,45,0.21444625703232267,0.21521610463974394,0.1645182843952474,0.0340480329210856
SSRM,calls_12itm,full,daily,3813,0.4028944999883892,0.4029995914891698,0.027399974665579974,0.02186242065748234
SSRM,calls_12itm,full,monthly,182,0.3800983078943482,0.38231554332995143,0.13250483969653126,0.04918347316029992
SSRM,calls_12itm,confirmation,daily,1694,0.368411339409651,0.36938360154860767,0.028647544518680294,0.01828894415436011
SSRM,calls_12itm,confirmation,monthly,81,0.25914091580600895,0.26392363038352246,0.14644775332161017,0.05524517917118121
SSRM,calls_12itm,recent,daily,938,0.3214871445100107,0.32157991273344555,0.03173381443835441,0.00977623615246348
SSRM,calls_12itm,recent,monthly,45,0.21369043678604893,0.21467100475350065,0.16459741097047956,0.03329221267481186
SSRM,calls_24itm,full,daily,3813,0.4017407025182774,0.4018562143850099,0.027426434616212286,0.020708623187370545
SSRM,calls_24itm,full,monthly,182,0.3753239578919966,0.3777136672459406,0.13301412292116352,0.044409123157948316
SSRM,calls_24itm,confirmation,daily,1694,0.36797114296830646,0.36891925967678835,0.028657525976089806,0.01784874771301559
SSRM,calls_24itm,confirmation,monthly,81,0.2508651532419933,0.2570607671559628,0.14726342870825807,0.04696941660716558
SSRM,calls_24itm,recent,daily,938,0.32187724092886916,0.32197359717485174,0.0317246907886871,0.010166332571321934
SSRM,calls_24itm,recent,monthly,45,0.21006400435821704,0.21159998575419972,0.16497653312345678,0.029665780246979967
SSRM,calls_12atm,full,daily,3813,0.4017978611959866,0.40186557452659544,0.02742512440156999,0.020765781865079713
SSRM,calls_12atm,full,monthly,182,0.3770192900516346,0.37854728470757765,0.13283350423770618,0.046104455317586335
SSRM,calls_12atm,confirmation,daily,1694,0.3678948327195629,0.3689239450467285,0.028659255957961358,0.01777243746427204
SSRM,calls_12atm,confirmation,monthly,81,0.2551918218097987,0.2613195122302103,0.14683754897157583,0.05129608517497097
SSRM,calls_12atm,recent,daily,938,0.3211492046631633,0.32124340348636893,0.031741716120189944,0.0094382963056161
SSRM,calls_12atm,recent,monthly,45,0.2119772120650073,0.2129764333339211,0.1647766272304281,0.03157898795377023
SSRM,market_q,full,daily,3813,0.41777989964857987,0.4179008421372079,0.027056288608801392,0.036747820317672986
SSRM,market_q,full,monthly,182,0.38844238105387385,0.388743890627292,0.13161003986314523,0.057527546319825595
SSRM,market_q,confirmation,daily,1694,0.38091715832712425,0.3811725924355604,0.028362507557049596,0.030794763071833375
SSRM,market_q,confirmation,monthly,81,0.29297842210747094,0.29390960494453183,0.14306428953657105,0.0890826854726432
SSRM,market_q,recent,daily,938,0.334295584481099,0.33431250152719555,0.031432864214596554,0.02258467612355175
SSRM,market_q,recent,monthly,45,0.198780973494875,0.199553253097957,0.1661505747136769,0.01838274938363793
SSRM,market_m,full,daily,3813,0.4199962366701475,0.42001283066354744,0.027004741924865773,0.038964157339240635
SSRM,market_m,full,monthly,182,0.3909571191429452,0.39103575571131455,0.13133916946206978,0.06004228440889692
SSRM,market_m,confirmation,daily,1694,0.38052774600354256,0.38092655679136733,0.028371426374493185,0.03040535074825168
SSRM,market_m,confirmation,monthly,81,0.2959472604325656,0.29704315187403263,0.14276360454255285,0.09205152379773784
SSRM,market_m,recent,daily,938,0.3313348570957577,0.33147550675189996,0.03150268566481002,0.019623948738210495
SSRM,market_m,recent,monthly,45,0.18758086580011357,0.19074932092269345,0.16730784008804894,0.007182641688876501
SSRM,market_rates,full,daily,3813,0.41499399831339334,0.41507351638896245,0.02712094302178389,0.03396191898248646
SSRM,market_rates,full,monthly,182,0.37899666566234347,0.3790437789003645,0.13262252620535459,0.04808183092829521
SSRM,market_rates,confirmation,daily,1694,0.37543246595303126,0.375753230401781,0.028487867683081022,0.025310070697740383
SSRM,market_rates,confirmation,monthly,81,0.2806578515537519,0.2821750845162385,0.14430542629463317,0.07676211491892415
SSRM,market_rates,recent,daily,938,0.3322414713890951,0.33226391700081276,0.031481321852849034,0.020530563031547877
SSRM,market_rates,recent,monthly,45,0.18899246536117942,0.19050962185856232,0.16716242601449577,0.008594241249942347
SSRM,cost_fx,full,daily,3813,0.4138654086176614,0.4138983960324943,0.027147091188280185,0.03283332928675453
SSRM,cost_fx,full,monthly,182,0.345695553280131,0.34691771888573214,0.13613201284304366,0.01478071854608276
SSRM,cost_fx,confirmation,daily,1694,0.3735972998035644,0.374805457651566,0.028529689920361867,0.0234749045482735
SSRM,cost_fx,confirmation,monthly,81,0.21961674097037365,0.22679507470720206,0.15030342614631748,0.015721004335545907
SSRM,cost_fx,recent,daily,938,0.34007180209017807,0.3404314407012121,0.031296197980732264,0.028360893732630843
SSRM,cost_fx,recent,monthly,45,0.1842633493882342,0.18938567372376042,0.16764909314473783,0.0038651252769971167
SSRM,market_calls,full,daily,3813,0.4150439843027388,0.41505260772120584,0.02711978431903119,0.03401190497183193
SSRM,market_calls,full,monthly,182,0.3681628183324398,0.3686704303516748,0.13377437164773326,0.03724798359839154
SSRM,market_calls,confirmation,daily,1694,0.3715175613543168,0.3724805650011354,0.028577011815086283,0.02139516609902592
SSRM,market_calls,confirmation,monthly,81,0.25027977525048917,0.2561666534599914,0.1473209536898091,0.04638403861566143
SSRM,market_calls,recent,daily,938,0.3321688760817251,0.332194142820086,0.031483033050855216,0.02045796772417785
SSRM,market_calls,recent,monthly,45,0.1873035456670641,0.1892891420353907,0.1673363930059387,0.006905321555827015
SSRM,v4_gold_quarterly,full,daily,3813,0.3725872878647455,0.37265096042051316,0.028086736662093274,-0.008444791466161394
SSRM,v4_gold_quarterly,full,monthly,182,0.3540043230093055,0.3553304565665014,0.1352649062867865,0.023089488275257253
SSRM,v4_gold_quarterly,confirmation,daily,1694,0.3484365472876825,0.3498024972230746,0.029097025785438144,-0.0016858479676084004
SSRM,v4_gold_quarterly,confirmation,monthly,81,0.2765171035799333,0.2794269489395562,0.14472016285301445,0.07262136694510557
SSRM,v4_gold_quarterly,recent,daily,938,0.30031529453315575,0.30159633365193633,0.032225111448945104,-0.01139561382439147
SSRM,v4_gold_quarterly,recent,monthly,45,0.20737535209313995,0.21099727045405878,0.16525705441894573,0.026977127981902882
SSRM,v4_gold_silver_quarterly,full,daily,3813,0.3810320793309069,0.3818735259682503,0.027897076680746754,0.0
SSRM,v4_gold_silver_quarterly,full,monthly,182,0.33091483473404826,0.3363545768900689,0.13766103504332697,0.0
SSRM,v4_gold_silver_quarterly,confirmation,daily,1694,0.3501223952552909,0.3571660491615346,0.029059358745800706,0.0
SSRM,v4_gold_silver_quarterly,confirmation,monthly,81,0.20389573663482774,0.23411683610024597,0.15180982621825218,0.0
SSRM,v4_gold_silver_quarterly,recent,daily,938,0.3117109083575472,0.31605888109932057,0.031961612438229446,0.0
SSRM,v4_gold_silver_quarterly,recent,monthly,45,0.18039822411123707,0.19035037897062781,0.16804580143869113,0.0
SSRM,v4_gold_silver_options_quarterly,full,daily,3813,0.3782216417062678,0.37991213360275217,0.027960338600425717,-0.0028104376246390617
SSRM,v4_gold_silver_options_quarterly,full,monthly,182,0.3270002613165175,0.33525663275970596,0.13806315001306138,-0.0039145734175307645
SSRM,v4_gold_silver_options_quarterly,confirmation,daily,1694,0.34926607297214973,0.35671797415746087,0.029078497722415515,-0.0008563222831411421
SSRM,v4_gold_silver_options_quarterly,confirmation,monthly,81,0.1961386397003282,0.22940594957736601,0.15254763713906194,-0.007757096934499552
SSRM,v4_gold_silver_options_quarterly,recent,daily,938,0.3111333106836939,0.3162287484746257,0.03197502038107988,-0.0005775976738533473
SSRM,v4_gold_silver_options_quarterly,recent,monthly,45,0.16916291527293703,0.1825827219722731,0.16919368816341626,-0.01123530883830004
SSRM,calls_3atm_raw,full,daily,3813,0.4003757365687365,0.40051030487687067,0.027457704352113116,0.019343657237829603
SSRM,calls_3atm_raw,full,monthly,182,0.3820957787860323,0.383507883191901,0.13229118637133977,0.051180944051984034
SSRM,calls_3atm_raw,confirmation,daily,1694,0.3637246612184847,0.36585016421638383,0.028753637043155648,0.013602265963193805
SSRM,calls_3atm_raw,confirmation,monthly,81,0.2543125051940399,0.2613798889411415,0.14692420122262745,0.05041676855921218
SSRM,calls_3atm_raw,recent,daily,938,0.32048378830936897,0.32068427802779964,0.031757269083976775,0.008772879951821744
SSRM,calls_3atm_raw,recent,monthly,45,0.20924631962216633,0.2105802411293072,0.16506189693923934,0.02884809551092926
SSRM,calls_12itm_raw,full,daily,3813,0.39728101395231497,0.39771531687874573,0.02752846918434712,0.016248934621408084
SSRM,calls_12itm_raw,full,monthly,182,0.36043519564267934,0.3644075498188974,0.13458994270269545,0.029520360908631083
SSRM,calls_12itm_raw,confirmation,daily,1694,0.357369238004143,0.35977460882715595,0.028896882788052195,0.0072468427488521225
SSRM,calls_12itm_raw,confirmation,monthly,81,0.2165669818368875,0.2318035314134296,0.15059683471507346,0.012671245202059755
SSRM,calls_12itm_raw,recent,daily,938,0.32032474442244907,0.3205820762223948,0.03176098533380281,0.008613836064901848
SSRM,calls_12itm_raw,recent,monthly,45,0.20551059366397795,0.2073776973138406,0.16545133518543909,0.025112369552740876
SSRM,calls_24itm_raw,full,daily,3813,0.3966787982408403,0.3970490703363364,0.027542218492107765,0.01564671890993341
SSRM,calls_24itm_raw,full,monthly,182,0.3575236597535011,0.3613401880195577,0.1348959464736893,0.02660882501945283
SSRM,calls_24itm_raw,confirmation,daily,1694,0.35863873229237453,0.3608565323832823,0.028868326294237006,0.008516337037083654
SSRM,calls_24itm_raw,confirmation,monthly,81,0.20963361397531355,0.22702991721377475,0.15126175643384052,0.0057378773404858086
SSRM,calls_24itm_raw,recent,daily,938,0.32066625889076417,0.3209460457225901,0.031753004905784095,0.008955350533216944
SSRM,calls_24itm_raw,recent,monthly,45,0.20039642920179934,0.20328533571543506,0.1659829898732713,0.01999820509056227
SSRM,calls_12atm_raw,full,daily,3813,0.3979001338906736,0.39816547035060074,0.027514326770063404,0.0168680545597667
SSRM,calls_12atm_raw,full,monthly,182,0.36058091117743973,0.3632468693141028,0.1345746096492376,0.029666076443391476
SSRM,calls_12atm_raw,confirmation,daily,1694,0.36006248924576767,0.3627347196285958,0.028836266113807126,0.009940093990476795
SSRM,calls_12atm_raw,confirmation,monthly,81,0.2184513966115933,0.2358739141575639,0.1504156081458627,0.014555659976765556
SSRM,calls_12atm_raw,recent,daily,938,0.31978541305408326,0.32004011771408986,0.0317735842174074,0.008074504696536033
SSRM,calls_12atm_raw,recent,monthly,45,0.2041792249013833,0.20607888650961553,0.16558990502191254,0.023781000790146223
SSRM,market_calls_raw,full,daily,3813,0.4072973539056083,0.40781745980239553,0.027298768684735707,0.026265274574701403
SSRM,market_calls_raw,full,monthly,182,0.3432561712219454,0.3462517389216924,0.13638554088578916,0.012341336487897148
SSRM,market_calls_raw,confirmation,daily,1694,0.35714800447888584,0.360236715629644,0.028901856413271528,0.007025609223594964
SSRM,market_calls_raw,confirmation,monthly,81,0.20196527064957492,0.21939049493674487,0.15199377590450586,-0.001930465985252816
SSRM,market_calls_raw,recent,daily,938,0.3262695498637366,0.32683942325871307,0.031621780943814105,0.014558641506189351
SSRM,market_calls_raw,recent,monthly,45,0.16605377599203275,0.17150352447249395,0.16950996889421124,-0.014344448119204323
SSRM,adaptive_metals,full,daily,3813,0.3987749473172555,0.398890678997789,0.027494331206860397,0.01774286798634861
SSRM,adaptive_metals,full,monthly,182,0.3912942650278489,0.39292771220770584,0.13130281193155174,0.06037943029380066
SSRM,adaptive_metals,confirmation,daily,1694,0.3702975124923663,0.371179951736416,0.02860473609528234,0.020175117237075435
SSRM,adaptive_metals,confirmation,monthly,81,0.29416930641504957,0.2948635411818487,0.14294375232391762,0.09027356978022183
SSRM,adaptive_metals,recent,daily,938,0.3193727599676791,0.3199037405907064,0.03178322049978478,0.007661851610131887
SSRM,adaptive_metals,recent,monthly,45,0.21745759851754776,0.21823733580694857,0.16420264944477425,0.037059374406310686
SSRM,metals_ewq_cap1,full,daily,3813,0.40305537696833504,0.4031621840917404,0.027396283255832342,0.022023297637428163
SSRM,metals_ewq_cap1,full,monthly,182,0.39332871700326666,0.39507442945812404,0.131083204305645,0.0624138822692184
SSRM,metals_ewq_cap1,confirmation,daily,1694,0.37267656869168786,0.3729601257910397,0.028550649701901208,0.022554173436396985
SSRM,metals_ewq_cap1,confirmation,monthly,81,0.2892370453189126,0.2898414969611868,0.1434423198435891,0.08534130868408485
SSRM,metals_ewq_cap1,recent,daily,938,0.32173266169933257,0.3217932906797811,0.03172807254135474,0.010021753341785344
SSRM,metals_ewq_cap1,recent,monthly,45,0.21590119367701843,0.2165355188106648,0.1643658603135637,0.03550296956578136
SSRM,metals_stale_cap1,full,daily,3813,0.39824652951580997,0.39832583249080494,0.027506410962274613,0.017214450184903085
SSRM,metals_stale_cap1,full,monthly,182,0.3952775612563053,0.39702944381517724,0.1308724919771901,0.06436272652225705
SSRM,metals_stale_cap1,confirmation,daily,1694,0.3718105756153468,0.37270460522726473,0.028570349378960237,0.02168818036005593
SSRM,metals_stale_cap1,confirmation,monthly,81,0.2953464705351907,0.29588312723086996,0.1428245038449495,0.09145073390036296
SSRM,metals_stale_cap1,recent,daily,938,0.31624725445053725,0.31846527287934406,0.03185611271093895,0.004536346092990029
SSRM,metals_stale_cap1,recent,monthly,45,0.21328790890427118,0.21521757851386808,0.16463953596369207,0.03288968479303411
CDE,gold_stale,full,daily,3813,0.3301946874937576,0.33020735673267815,0.034682629426994765,-0.0286767351848779
CDE,gold_stale,full,monthly,182,0.36974184543758015,0.37199301872848056,0.15627733144341613,-0.04398547155835564
CDE,gold_stale,confirmation,daily,1694,0.3289210478586734,0.3294869551653158,0.03896928228884023,-0.03612469407577179
CDE,gold_stale,confirmation,monthly,81,0.34659608789068375,0.3470533497357023,0.16207363426805932,-0.08066171043919168
CDE,gold_stale,recent,daily,938,0.35643908527185386,0.3605173601469948,0.034569911755490686,0.0192985654447968
CDE,gold_stale,recent,monthly,45,0.44965414809970616,0.45840641906631896,0.14798629198987362,0.08566847096914154
CDE,gold_recent,full,daily,3813,0.33103728160052937,0.3310413308440026,0.0346608077312528,-0.02783414107810611
CDE,gold_recent,full,monthly,182,0.3695918630673811,0.37177824867687287,0.15629592497540024,-0.04413545392855467
CDE,gold_recent,confirmation,daily,1694,0.3282512373188713,0.32892317051161857,0.03898872525154652,-0.036794504615573875
CDE,gold_recent,confirmation,monthly,81,0.3437638103514534,0.34425024698780693,0.16242452070978342,-0.083493987978422
CDE,gold_recent,recent,daily,938,0.35435904055914724,0.35853400822720366,0.034625733164034195,0.01721852073209018
CDE,gold_recent,recent,monthly,45,0.44824329603049917,0.45771416706353674,0.14817585744833167,0.08425761889993455
CDE,metals_504q,full,daily,3813,0.3858505019108799,0.38611143287076843,0.03321045092208773,0.026979079232244407
CDE,metals_504q,full,monthly,182,0.43371159100431167,0.4352874913396332,0.14813428518735555,0.01998427400837588
CDE,metals_504q,confirmation,daily,1694,0.4061359077243972,0.4090266843997295,0.036658874891724993,0.04109016578995206
CDE,metals_504q,confirmation,monthly,81,0.45038864763817976,0.4518285148216778,0.14864467396528916,0.023130849308304335
CDE,metals_504q,recent,daily,938,0.4171295685971006,0.4336121337879891,0.032899511767178306,0.07998904877004354
CDE,metals_504q,recent,monthly,45,0.4620638255617042,0.46407014144262887,0.14630831706440608,0.0980781484311396
CDE,metals_504m,full,daily,3813,0.38790563776833153,0.3882310626307592,0.03315483809280784,0.029034215089696058
CDE,metals_504m,full,monthly,182,0.4362834920952553,0.4376340715850742,0.14779751306845879,0.02255617509931951
CDE,metals_504m,confirmation,daily,1694,0.40680715488098285,0.40994165054593545,0.036638151191484634,0.04176141294653768
CDE,metals_504m,confirmation,monthly,81,0.45356888890282887,0.45543399487588115,0.14821399531533827,0.026311090572953444
CDE,metals_504m,recent,daily,938,0.42444416609640034,0.43842266512238476,0.03269242762531766,0.08730364626934328
CDE,metals_504m,recent,monthly,45,0.4550397254757934,0.4566107713326565,0.1472604293132314,0.09105404834522879
CDE,metals_252q,full,daily,3813,0.39169700211780056,0.3919333435279024,0.033051996654921395,0.03282557943916509
CDE,metals_252q,full,monthly,182,0.44177236450140456,0.44307300860490123,0.14707620536758792,0.028045047505468768
CDE,metals_252q,confirmation,daily,1694,0.4083921045613381,0.40982487945304297,0.03658917178503422,0.043346362626892954
CDE,metals_252q,confirmation,monthly,81,0.45059066430250694,0.4517950540794429,0.14861735333140785,0.02333286597263151
CDE,metals_252q,recent,daily,938,0.42475773552958185,0.43442232213585974,0.032683520806865735,0.08761721570252479
CDE,metals_252q,recent,monthly,45,0.4607747134300114,0.46282049663202274,0.1464835190451677,0.0967890362994468
CDE,metals_126q,full,daily,3813,0.39289383588509685,0.39299188865337586,0.033019465808942355,0.03402241320646138
CDE,metals_126q,full,monthly,182,0.44892757150979257,0.45057175054171755,0.14613057438129143,0.03520025451385678
CDE,metals_126q,confirmation,daily,1694,0.4076082501124141,0.40866183609991535,0.036613403283182806,0.042562508177968916
CDE,metals_126q,confirmation,monthly,81,0.453888886091495,0.4554159722164627,0.14817059093506474,0.0266310877616196
CDE,metals_126q,recent,daily,938,0.43373158001680123,0.4380502417711465,0.032427585414658344,0.09659106018974417
CDE,metals_126q,recent,monthly,45,0.4903221568908832,0.4924727840695111,0.142413617033104,0.1263364797603186
CDE,metals_ewq,full,daily,3813,0.3942027581879969,0.39421689359364714,0.03298385157992509,0.035331335509361406
CDE,metals_ewq,full,monthly,182,0.44037780603284815,0.4425574017882395,0.14725980289643936,0.02665048903691236
CDE,metals_ewq,confirmation,daily,1694,0.41161216352876095,0.4127344944801514,0.03648946043154297,0.04656642159431579
CDE,metals_ewq,confirmation,monthly,81,0.4503602111353857,0.4512164910126514,0.1486485193007204,0.023102412805510286
CDE,metals_ewq,recent,daily,938,0.4338250226952679,0.4405597260761793,0.032424909788273025,0.09668450286821084
CDE,metals_ewq,recent,monthly,45,0.4660826909520933,0.46860391505663573,0.14576076533724788,0.10209701382152869
CDE,metals_ewm,full,daily,3813,0.3978855139005163,0.3978862860733597,0.03288344121593793,0.03901409122188082
CDE,metals_ewm,full,monthly,182,0.44335182343307655,0.44501810465140723,0.14686798799953663,0.029624506437140763
CDE,metals_ewm,confirmation,daily,1694,0.4146954958425587,0.4153625875406299,0.036393726879183685,0.04964975390811355
CDE,metals_ewm,confirmation,monthly,81,0.45408733403797585,0.4552054398599774,0.1481436670907366,0.026829535708100427
CDE,metals_ewm,recent,daily,938,0.441614775195059,0.4461372910697804,0.03220107718172126,0.10447425536800192
CDE,metals_ewm,recent,monthly,45,0.45288344160827865,0.4544868601878071,0.1475514797062942,0.08889776447771403
CDE,metals_blend,full,daily,3813,0.39381457258600816,0.3938536506201656,0.032994417661219286,0.034943149907372684
CDE,metals_blend,full,monthly,182,0.4452944334617114,0.4473966624527872,0.14661149153333108,0.03156711646577559
CDE,metals_blend,confirmation,daily,1694,0.40999948111724893,0.4115149508498488,0.036539432270369404,0.044953739182803765
CDE,metals_blend,confirmation,monthly,81,0.4547487990644131,0.45610854081039093,0.14805388940084113,0.027491000734537696
CDE,metals_blend,recent,daily,938,0.4302456040990702,0.43879779351361,0.032527245168414154,0.09310508427201314
CDE,metals_blend,recent,monthly,45,0.47906208268580397,0.48061601232894835,0.1439781617669844,0.11507640555523935
CDE,calls_3atm,full,daily,3813,0.3937383034673818,0.3938261140294039,0.032996493243946844,0.034866880788746335
CDE,calls_3atm,full,monthly,182,0.44196850487313255,0.44300336824970854,0.1470503645508719,0.02824118787719676
CDE,calls_3atm,confirmation,daily,1694,0.4094812378079954,0.41148589427986626,0.03655547645949114,0.044435495873550224
CDE,calls_3atm,confirmation,monthly,81,0.4492104734774963,0.451438478763172,0.14880390972318064,0.021952675147620893
CDE,calls_3atm,recent,daily,938,0.43207108690558726,0.4399188691474915,0.03247509500948308,0.0949305670785302
CDE,calls_3atm,recent,monthly,45,0.4606075820032176,0.46271395067361754,0.14650621837271313,0.09662190487265299
CDE,calls_12itm,full,daily,3813,0.39741004877301267,0.3975338661975165,0.03289642200662118,0.03853862609437719
CDE,calls_12itm,full,monthly,182,0.4488686138864215,0.45017076661616573,0.14613839121306998,0.03514129689048573
CDE,calls_12itm,confirmation,daily,1694,0.4142292902529251,0.4159525499127526,0.03640821812391264,0.04918354831847993
CDE,calls_12itm,confirmation,monthly,81,0.454490800612401,0.45572331607813094,0.1480889128512715,0.027233002282525565
CDE,calls_12itm,recent,daily,938,0.4346185081850592,0.442635484665884,0.03240218031649196,0.09747798835800214
CDE,calls_12itm,recent,monthly,45,0.4652162156079428,0.46914140866684667,0.14587899236185728,0.10123053847737817
CDE,calls_24itm,full,daily,3813,0.3977217852754723,0.3978640456126686,0.03288791178987835,0.03885036259683683
CDE,calls_24itm,full,monthly,182,0.4493258457583489,0.4505456532608891,0.14607775867035838,0.035598528762413095
CDE,calls_24itm,confirmation,daily,1694,0.41510951073856517,0.4168359495188515,0.036380853058471274,0.05006376880412
CDE,calls_24itm,confirmation,monthly,81,0.4542969274902525,0.45576335093731407,0.14811522579838793,0.027039129160377096
CDE,calls_24itm,recent,daily,938,0.4347480724276863,0.4428825198868933,0.03239846742125577,0.09760755260062925
CDE,calls_24itm,recent,monthly,45,0.46278797722494824,0.4669492330767318,0.14620980622186372,0.09880230009438362
CDE,calls_12atm,full,daily,3813,0.39579272664172427,0.3958588975507979,0.03294053862336745,0.03692130396308879
CDE,calls_12atm,full,monthly,182,0.44483748450900373,0.44589366106075407,0.14667186606384952,0.031110167513067943
CDE,calls_12atm,confirmation,daily,1694,0.41239657418635745,0.4139758191353017,0.03646512931365237,0.04735083225191228
CDE,calls_12atm,confirmation,monthly,81,0.45297101753788926,0.45475236879861924,0.1482950564742246,0.025713219208013838
CDE,calls_12atm,recent,daily,938,0.4330884081745404,0.4407508231301067,0.03244599593362065,0.09594788834748336
CDE,calls_12atm,recent,monthly,45,0.4625610257178604,0.4649815470955435,0.14624068698273548,0.09857534858729577
CDE,market_q,full,daily,3813,0.43994433950713174,0.4400895649430725,0.03171416761919511,0.08107291682849627
CDE,market_q,full,monthly,182,0.4631529819059198,0.4685564433260188,0.14423213178851776,0.04942566490998401
CDE,market_q,confirmation,daily,1694,0.450690389597335,0.4514899817894341,0.03525690594489246,0.08564464766288982
CDE,market_q,confirmation,monthly,81,0.47124998553831254,0.47433605743042495,0.14579636678704402,0.04399218720843712
CDE,market_q,recent,daily,938,0.47582931347201096,0.47991011995628957,0.03119893762306702,0.1386887936449539
CDE,market_q,recent,monthly,45,0.5180525119879682,0.5263987678146279,0.13848524389910877,0.15406683485740358
CDE,market_m,full,daily,3813,0.4462745282267737,0.4463668200898667,0.031534429080321655,0.08740310554813824
CDE,market_m,full,monthly,182,0.46721689364769003,0.4711666075205592,0.1436851788114884,0.053489576651754245
CDE,market_m,confirmation,daily,1694,0.45937498193424653,0.46025226505779804,0.03497708948425574,0.09432923999980136
CDE,market_m,confirmation,monthly,81,0.47856991782653124,0.4816156018002252,0.1447836586086524,0.05131211949665582
CDE,market_m,recent,daily,938,0.48421044047646,0.48787926707643825,0.030948507814394153,0.14706992064940294
CDE,market_m,recent,monthly,45,0.5105002364468055,0.5147415746551638,0.1395660807356261,0.1465145593162409
CDE,market_rates,full,daily,3813,0.44026063049840247,0.4404179565241022,0.031705211078927924,0.081389207819767
CDE,market_rates,full,monthly,182,0.4687497791727354,0.4756419571069421,0.1434783295510179,0.055022462176799625
CDE,market_rates,confirmation,daily,1694,0.45123533939758764,0.45195964968262475,0.035239413067432265,0.08618959746314248
CDE,market_rates,confirmation,monthly,81,0.4772251003745954,0.4817407951638867,0.14497024374903641,0.04996730204472
CDE,market_rates,recent,daily,938,0.47388043773889377,0.4778083958022301,0.03125688290911531,0.1367399179118367
CDE,market_rates,recent,monthly,45,0.5116437812946836,0.5207613377919429,0.13940296176610067,0.14765810416411895
CDE,cost_fx,full,daily,3813,0.43761887704234215,0.4376694220040641,0.03177994117872509,0.07874745436370667
CDE,cost_fx,full,monthly,182,0.4556191187126769,0.4612769139182352,0.14524064942131973,0.04189180171674112
CDE,cost_fx,confirmation,daily,1694,0.4448698134949193,0.4461583201264376,0.03544320774731115,0.07982407156047411
CDE,cost_fx,confirmation,monthly,81,0.4585448798256673,0.46154070863165136,0.14753760795589835,0.031287081495791846
CDE,cost_fx,recent,daily,938,0.4743157110447215,0.477888564323395,0.03124395039063257,0.13717519121766442
CDE,cost_fx,recent,monthly,45,0.49875449816419126,0.5095775002480146,0.14123062592256608,0.13476882103362664
CDE,market_calls,full,daily,3813,0.4458210157959286,0.44587164007099384,0.031547340106868285,0.08694959311729311
CDE,market_calls,full,monthly,182,0.4839492098373912,0.48909777414706185,0.1414109284347133,0.07022189284145541
CDE,market_calls,confirmation,daily,1694,0.45762346152681443,0.4585210389079945,0.03503370316662448,0.09257771959236927
CDE,market_calls,confirmation,monthly,81,0.4933705241013304,0.49572770634663066,0.14271405044747001,0.066112725771455
CDE,market_calls,recent,daily,938,0.47660318273461,0.4811164732978569,0.0311758985468823,0.13946266290755294
CDE,market_calls,recent,monthly,45,0.5168389334053008,0.5231055626873047,0.13865949219862636,0.15285325627473623
CDE,v4_gold_quarterly,full,daily,3813,0.3109826209633766,0.3124581137980979,0.03517651491284811,-0.04788880171525889
CDE,v4_gold_quarterly,full,monthly,182,0.34628955367474734,0.3464197918410052,0.15915836258573363,-0.06743776332118845
CDE,v4_gold_quarterly,confirmation,daily,1694,0.2951050871978025,0.30084136541133955,0.03993905516555858,-0.06994065473664268
CDE,v4_gold_quarterly,confirmation,monthly,81,0.30369141931225796,0.3081237006801819,0.16731018483589222,-0.12356637901761747
CDE,v4_gold_quarterly,recent,daily,938,0.2861034762419883,0.3083978758576793,0.03641003315515601,-0.051037043585068775
CDE,v4_gold_quarterly,recent,monthly,45,0.33461917975496847,0.34128046146390373,0.16271919189385056,-0.029366497375596157
CDE,v4_gold_silver_quarterly,full,daily,3813,0.3588714226786355,0.3695833920461637,0.03393206493257563,0.0
CDE,v4_gold_silver_quarterly,full,monthly,182,0.4137273169959358,0.4159496609992752,0.1507254466340659,0.0
CDE,v4_gold_silver_quarterly,confirmation,daily,1694,0.36504574193444517,0.3867079414930542,0.037905900512522905,0.0
CDE,v4_gold_silver_quarterly,confirmation,monthly,81,0.4272577983298754,0.44091028807931576,0.1517403557043644,0.0
CDE,v4_gold_silver_quarterly,recent,daily,938,0.33714051982705706,0.3890152776885524,0.03508440993368403,0.0
CDE,v4_gold_silver_quarterly,recent,monthly,45,0.3639856771305646,0.38166764611322546,0.15908787751636452,0.0
CDE,v4_gold_silver_options_quarterly,full,daily,3813,0.35456621389453635,0.3678083620605963,0.03404580202669332,-0.004305208784099124
CDE,v4_gold_silver_options_quarterly,full,monthly,182,0.40965404913545944,0.41339412415237575,0.15124814063090608,-0.004073267860476348
CDE,v4_gold_silver_options_quarterly,confirmation,daily,1694,0.35927129651707623,0.3826435676378686,0.038077873650556544,-0.005774445417368934
CDE,v4_gold_silver_options_quarterly,confirmation,monthly,81,0.43064022756786846,0.44405966918283213,0.15129162760863232,0.0033824292379930343
CDE,v4_gold_silver_options_quarterly,recent,daily,938,0.33113045990102274,0.38996776895711194,0.03524310390157237,-0.006010059926034317
CDE,v4_gold_silver_options_quarterly,recent,monthly,45,0.37617047440381834,0.3974821220826515,0.1575566008380216,0.012184797273253722
CDE,calls_3atm_raw,full,daily,3813,0.3912354218334587,0.39224924749877427,0.03306453420370315,0.03236399915482324
CDE,calls_3atm_raw,full,monthly,182,0.4423467011213026,0.44241959312670187,0.14700052567736227,0.028619384125366798
CDE,calls_3atm_raw,confirmation,daily,1694,0.4060796659641933,0.41167197025316443,0.036660610735721556,0.04103392402974815
CDE,calls_3atm_raw,confirmation,monthly,81,0.4474197218821502,0.4544512119152224,0.14904561239435207,0.020161923552274752
CDE,calls_3atm_raw,recent,daily,938,0.42982813120152685,0.44069356036848983,0.03253915973795298,0.09268761137446979
CDE,calls_3atm_raw,recent,monthly,45,0.4542057552054578,0.4564588418290696,0.14737306492757007,0.09022007807489318
CDE,calls_12itm_raw,full,daily,3813,0.39411472381300894,0.3957058249066107,0.032986248097335545,0.03524330113437346
CDE,calls_12itm_raw,full,monthly,182,0.45243702653007745,0.45289283938253083,0.14566452150575032,0.038709709534141656
CDE,calls_12itm_raw,confirmation,daily,1694,0.4084840448706515,0.41416191086073056,0.036586328558544164,0.04343830293620632
CDE,calls_12itm_raw,confirmation,monthly,81,0.45599528391050326,0.463076675363549,0.14788456146358703,0.02873748558062783
CDE,calls_12itm_raw,recent,daily,938,0.4283272101515233,0.44086203082795444,0.032581959649643596,0.09118669032446625
CDE,calls_12itm_raw,recent,monthly,45,0.45018519396996703,0.45553849370409943,0.14791487646454396,0.08619951683940241
CDE,calls_24itm_raw,full,daily,3813,0.39531935699555687,0.39670177971937665,0.032953439823733326,0.03644793431692139
CDE,calls_24itm_raw,full,monthly,182,0.453830638670658,0.45430557140747235,0.14547903674444093,0.04010332167472219
CDE,calls_24itm_raw,confirmation,daily,1694,0.41109194612590205,0.416243315207105,0.03650558776901245,0.046046204191456885
CDE,calls_24itm_raw,confirmation,monthly,81,0.4588317489875189,0.4653950003660329,0.1474985192154112,0.03157395065764346
CDE,calls_24itm_raw,recent,daily,938,0.4295440730186263,0.4418005797016494,0.032547264192214126,0.09240355319156923
CDE,calls_24itm_raw,recent,monthly,45,0.44934775884904865,0.4550607674839744,0.14802747981756229,0.08536208171848403
CDE,calls_12atm_raw,full,daily,3813,0.3930915874755012,0.39401568962574524,0.03301408768558144,0.03422016479686574
CDE,calls_12atm_raw,full,monthly,182,0.445637643853633,0.44565746177197746,0.14656612839272068,0.031910326857697235
CDE,calls_12atm_raw,confirmation,daily,1694,0.4079176014316205,0.41249444612412667,0.036603842140849586,0.04287185949717531
CDE,calls_12atm_raw,confirmation,monthly,81,0.4514486668986637,0.4602394989595156,0.14850126147628276,0.02419086856878827
CDE,calls_12atm_raw,recent,daily,938,0.42871170899092026,0.43993560667247733,0.032571000729529266,0.0915711891638632
CDE,calls_12atm_raw,recent,monthly,45,0.4524449653361985,0.4547602543637564,0.14761059404331062,0.08845928820563387
CDE,market_calls_raw,full,daily,3813,0.4421095575593642,0.4429109674557748,0.0316528035524467,0.08323813488072873
CDE,market_calls_raw,full,monthly,182,0.49420922467103634,0.4958597853451115,0.13999811950338462,0.08048190767510055
CDE,market_calls_raw,confirmation,daily,1694,0.45119984554024295,0.45632442636433834,0.03524055268388879,0.08615410360579778
CDE,market_calls_raw,confirmation,monthly,81,0.5037687525014584,0.5058882719669495,0.1412419027455399,0.07651095417158293
CDE,market_calls_raw,recent,daily,938,0.4679791454677341,0.4783496924027409,0.03143169264002442,0.13083862564067705
CDE,market_calls_raw,recent,monthly,45,0.5083434244467722,0.5108586067748486,0.1398732177005636,0.14435774731620754
CDE,adaptive_metals,full,daily,3813,0.39170896134986743,0.39185623279052556,0.033051671752329724,0.03283753867123196
CDE,adaptive_metals,full,monthly,182,0.4431809324634747,0.44456133013447097,0.14689053050297224,0.029453615467538885
CDE,adaptive_metals,confirmation,daily,1694,0.41029373781606227,0.41134344174795473,0.03653031930070613,0.0452479958816171
CDE,adaptive_metals,confirmation,monthly,81,0.45157019755762506,0.4526476673616141,0.14848481045813583,0.024312399227749637
CDE,adaptive_metals,recent,daily,938,0.42999312921734134,0.43737929111329193,0.0325344512583174,0.09285260939028428
CDE,adaptive_metals,recent,monthly,45,0.46288735393149316,0.4649383102232357,0.14619628221234074,0.09890167680092854
CDE,metals_ewq_cap1,full,daily,3813,0.39300280220180006,0.3930138345064102,0.03301650243017693,0.034131379523164584
CDE,metals_ewq_cap1,full,monthly,182,0.4412594340201439,0.4448184346009364,0.14714376073602475,0.027532117024208103
CDE,metals_ewq_cap1,confirmation,daily,1694,0.40946866612171173,0.40996198836650016,0.03655586557628599,0.044422924187266566
CDE,metals_ewq_cap1,confirmation,monthly,81,0.4522696344736863,0.4532594966787826,0.14839009560899305,0.02501183614381086
CDE,metals_ewq_cap1,recent,daily,938,0.4343416724642569,0.43900232150391566,0.03241011211414118,0.09720115263719986
CDE,metals_ewq_cap1,recent,monthly,45,0.48241814459666665,0.4901638913634366,0.14351363388344554,0.11843246746610203
CDE,metals_stale_cap1,full,daily,3813,0.38643185401450153,0.38645047653102566,0.033194728743116006,0.027560431335866054
CDE,metals_stale_cap1,full,monthly,182,0.441930062069824,0.44562400895805654,0.14705542961524037,0.028202745073888202
CDE,metals_stale_cap1,confirmation,daily,1694,0.4101511377447349,0.41134650888908847,0.03653473583109777,0.04510539581028972
CDE,metals_stale_cap1,confirmation,monthly,81,0.4705294335490914,0.4715297459597571,0.14589567467656603,0.043271635219215954
CDE,metals_stale_cap1,recent,daily,938,0.42528286382703195,0.43675303026228357,0.03266859930209893,0.08814234399997489
CDE,metals_stale_cap1,recent,monthly,45,0.48871741884737163,0.4927940724396037,0.14263763789855338,0.12473174171680701
EQX,gold_stale,full,daily,1151,0.4258124678319726,0.4263509133796266,0.028111252980579163,0.048550406210151165
EQX,gold_stale,full,monthly,55,0.4963506071302114,0.5186512967365527,0.12924998120870776,0.047938536936874
EQX,gold_stale,confirmation,daily,1151,0.4258124678319726,0.4263509133796266,0.028111252980579163,0.048550406210151165
EQX,gold_stale,confirmation,monthly,55,0.4963506071302114,0.5186512967365527,0.12924998120870776,0.047938536936874
EQX,gold_stale,recent,daily,938,0.4357282910708191,0.4419868045006938,0.02629543087798384,0.08088327525136474
EQX,gold_stale,recent,monthly,45,0.5198048571434013,0.5377550579685751,0.12656887380261672,0.03819319250800102
EQX,gold_recent,full,daily,1151,0.4299303880941213,0.43039386093672755,0.02801026838134526,0.05266832647229991
EQX,gold_recent,full,monthly,55,0.49644431341683215,0.5184424708788473,0.12923795687257186,0.04803224322349475
EQX,gold_recent,confirmation,daily,1151,0.4299303880941213,0.43039386093672755,0.02801026838134526,0.05266832647229991
EQX,gold_recent,confirmation,monthly,55,0.49644431341683215,0.5184424708788473,0.12923795687257186,0.04803224322349475
EQX,gold_recent,recent,daily,938,0.4363986626494376,0.44220901400785084,0.02627980635888936,0.08155364682998323
EQX,gold_recent,recent,monthly,45,0.5211213602792681,0.5403260796910508,0.12639525409234884,0.03950969564386786
EQX,metals_504q,full,daily,1151,0.45230320673725033,0.45427501904917705,0.027455124887274186,0.07504114511542892
EQX,metals_504q,full,monthly,55,0.5127711207275432,0.5326664854568156,0.1271255492439596,0.06435905053420576
EQX,metals_504q,confirmation,daily,1151,0.45230320673725033,0.45427501904917705,0.027455124887274186,0.07504114511542892
EQX,metals_504q,confirmation,monthly,55,0.5127711207275432,0.5326664854568156,0.1271255492439596,0.06435905053420576
EQX,metals_504q,recent,daily,938,0.457145861903987,0.46819806972411543,0.025791567038845574,0.1023008460845326
EQX,metals_504q,recent,monthly,45,0.5453759453551823,0.5625310065146851,0.12315278566833256,0.06376428071978202
EQX,metals_504m,full,daily,1151,0.45214416197691554,0.4546770357464425,0.0274591109219337,0.07488210035509413
EQX,metals_504m,full,monthly,55,0.508795396517729,0.5275943860194482,0.12764315944529148,0.060383326324391584
EQX,metals_504m,confirmation,daily,1151,0.45214416197691554,0.4546770357464425,0.0274591109219337,0.07488210035509413
EQX,metals_504m,confirmation,monthly,55,0.508795396517729,0.5275943860194482,0.12764315944529148,0.060383326324391584
EQX,metals_504m,recent,daily,938,0.4533470285296085,0.46579758823736117,0.02588165298122795,0.09850201271015413
EQX,metals_504m,recent,monthly,45,0.5409202358149596,0.5567675763169929,0.12375481614851847,0.059308571179559344
EQX,metals_252q,full,daily,1151,0.46857165035267345,0.4698010579051552,0.027044296195710547,0.09130958873085204
EQX,metals_252q,full,monthly,55,0.5264161191974672,0.5411987647699291,0.12533281302277371,0.07800404900412983
EQX,metals_252q,confirmation,daily,1151,0.46857165035267345,0.4698010579051552,0.027044296195710547,0.09130958873085204
EQX,metals_252q,confirmation,monthly,55,0.5264161191974672,0.5411987647699291,0.12533281302277371,0.07800404900412983
EQX,metals_252q,recent,daily,938,0.4620128381582228,0.4669895403823965,0.02567568916500255,0.10716782233876843
EQX,metals_252q,recent,monthly,45,0.5485577203726042,0.5671295408190941,0.12272107460685651,0.06694605573720391
EQX,metals_126q,full,daily,1151,0.4730664983586417,0.4736205761567293,0.026929682312309237,0.09580443673682026
EQX,metals_126q,full,monthly,55,0.5529984683293027,0.5736228112498413,0.12176454124641306,0.10458639813596526
EQX,metals_126q,confirmation,daily,1151,0.4730664983586417,0.4736205761567293,0.026929682312309237,0.09580443673682026
EQX,metals_126q,confirmation,monthly,55,0.5529984683293027,0.5736228112498413,0.12176454124641306,0.10458639813596526
EQX,metals_126q,recent,daily,938,0.46622395349595713,0.4681964971730737,0.025575003021254223,0.11137893767650275
EQX,metals_126q,recent,monthly,45,0.5713336360078338,0.6022119716751758,0.11958528364680249,0.08972197137243354
EQX,metals_ewq,full,daily,1151,0.46775398206956686,0.4683679594232539,0.027065093697191497,0.09049192044774546
EQX,metals_ewq,full,monthly,55,0.531716328468865,0.5541017964995896,0.1246294959624398,0.08330425827552757
EQX,metals_ewq,confirmation,daily,1151,0.46775398206956686,0.4683679594232539,0.027065093697191497,0.09049192044774546
EQX,metals_ewq,confirmation,monthly,55,0.531716328468865,0.5541017964995896,0.1246294959624398,0.08330425827552757
EQX,metals_ewq,recent,daily,938,0.4662011274039649,0.4711783148263979,0.025575549852771433,0.11135611158451053
EQX,metals_ewq,recent,monthly,45,0.5587757905144359,0.5823463187059337,0.12132427400439895,0.07716412587903565
EQX,metals_ewm,full,daily,1151,0.46765643534837964,0.4682137553965747,0.027067573744110753,0.09039437372655823
EQX,metals_ewm,full,monthly,55,0.5231096818190233,0.5435699903912011,0.12576957228743557,0.07469761162568589
EQX,metals_ewm,confirmation,daily,1151,0.46765643534837964,0.4682137553965747,0.027067573744110753,0.09039437372655823
EQX,metals_ewm,confirmation,monthly,55,0.5231096818190233,0.5435699903912011,0.12576957228743557,0.07469761162568589
EQX,metals_ewm,recent,daily,938,0.46489850542507316,0.46931466626887647,0.025606736667816623,0.11005348960561878
EQX,metals_ewm,recent,monthly,45,0.5493261031131941,0.5713060188644993,0.12261659069074343,0.06771443847779379
EQX,metals_blend,full,daily,1151,0.471198379753636,0.4717745958644273,0.026977376500108074,0.09393631813181458
EQX,metals_blend,full,monthly,55,0.5397480613522543,0.5633692415423673,0.12355608662277845,0.09133599115891688
EQX,metals_blend,confirmation,daily,1151,0.471198379753636,0.4717745958644273,0.026977376500108074,0.09393631813181458
EQX,metals_blend,confirmation,monthly,55,0.5397480613522543,0.5633692415423673,0.12355608662277845,0.09133599115891688
EQX,metals_blend,recent,daily,938,0.46931344606597647,0.47380027341661934,0.025500881629674694,0.11446843024652209
EQX,metals_blend,recent,monthly,45,0.5637282794295831,0.5899101456781796,0.12064145480737694,0.08211661479418286
EQX,calls_3atm,full,daily,1151,0.4667483699893016,0.4674839041659567,0.027090649681284884,0.08948630836748017
EQX,calls_3atm,full,monthly,55,0.5318990654766711,0.5532201917085098,0.12460517668248804,0.0834869952833337
EQX,calls_3atm,confirmation,daily,1151,0.4667483699893016,0.4674839041659567,0.027090649681284884,0.08948630836748017
EQX,calls_3atm,confirmation,monthly,55,0.5318990654766711,0.5532201917085098,0.12460517668248804,0.0834869952833337
EQX,calls_3atm,recent,daily,938,0.4649156565269601,0.47034825283112425,0.02560632629027771,0.11007064070750572
EQX,calls_3atm,recent,monthly,45,0.5591161634419457,0.5811630570204619,0.12127746847487754,0.07750449880654542
EQX,calls_12itm,full,daily,1151,0.4653109148701915,0.4661314934399309,0.027127138444791796,0.08804885324837008
EQX,calls_12itm,full,monthly,55,0.5292182018588824,0.547704335336023,0.1249614807834535,0.08080613166554496
EQX,calls_12itm,confirmation,daily,1151,0.4653109148701915,0.4661314934399309,0.027127138444791796,0.08804885324837008
EQX,calls_12itm,confirmation,monthly,55,0.5292182018588824,0.547704335336023,0.1249614807834535,0.08080613166554496
EQX,calls_12itm,recent,daily,938,0.4657526849699255,0.47134320359244053,0.02558629055926957,0.11090766915047112
EQX,calls_12itm,recent,monthly,45,0.5615941450356383,0.5833381888558138,0.12093616905272375,0.07998248040023803
EQX,calls_24itm,full,daily,1151,0.4652011812443039,0.46609810002681284,0.027129921937695183,0.08793911962248246
EQX,calls_24itm,full,monthly,55,0.5275691650757236,0.5439486732189678,0.12518014465737734,0.0791570948823862
EQX,calls_24itm,confirmation,daily,1151,0.4652011812443039,0.46609810002681284,0.027129921937695183,0.08793911962248246
EQX,calls_24itm,confirmation,monthly,55,0.5275691650757236,0.5439486732189678,0.12518014465737734,0.0791570948823862
EQX,calls_24itm,recent,daily,938,0.46635123330870587,0.4721263353669893,0.02557195363781808,0.11150621748925149
EQX,calls_24itm,recent,monthly,45,0.5615126167619595,0.5815818565399081,0.12094741349509135,0.07990095212655923
EQX,calls_12atm,full,daily,1151,0.46599350513967,0.46672508390157436,0.02710981750567364,0.08873144351784856
EQX,calls_12atm,full,monthly,55,0.5274295916001903,0.54777562183651,0.12519863470533912,0.07901752140685292
EQX,calls_12atm,confirmation,daily,1151,0.46599350513967,0.46672508390157436,0.02710981750567364,0.08873144351784856
EQX,calls_12atm,confirmation,monthly,55,0.5274295916001903,0.54777562183651,0.12519863470533912,0.07901752140685292
EQX,calls_12atm,recent,daily,938,0.4651691114380748,0.4705416724965808,0.025600261061538447,0.11032409561862044
EQX,calls_12atm,recent,monthly,45,0.556714739116276,0.578445069911312,0.12160730950388884,0.07510307448087572
EQX,market_q,full,daily,1151,0.48138978009350486,0.4819371976203132,0.02671614918374054,0.10412771847168345
EQX,market_q,full,monthly,55,0.5553335682839231,0.5857785849746666,0.12144608072670592,0.10692149809058571
EQX,market_q,confirmation,daily,1151,0.48138978009350486,0.4819371976203132,0.02671614918374054,0.10412771847168345
EQX,market_q,confirmation,monthly,55,0.5553335682839231,0.5857785849746666,0.12144608072670592,0.10692149809058571
EQX,market_q,recent,daily,938,0.4689790799799144,0.4732550592768123,0.02550891394862303,0.11413406416046001
EQX,market_q,recent,monthly,45,0.5744630304596353,0.6083182248134944,0.11914797965425432,0.09285136582423503
EQX,market_m,full,daily,1151,0.48160612699618566,0.4823140474514842,0.026710576058845758,0.10434406537436425
EQX,market_m,full,monthly,55,0.5514619002523771,0.5789222857366634,0.1219736445501242,0.10304983005903967
EQX,market_m,confirmation,daily,1151,0.48160612699618566,0.4823140474514842,0.026710576058845758,0.10434406537436425
EQX,market_m,confirmation,monthly,55,0.5514619002523771,0.5789222857366634,0.1219736445501242,0.10304983005903967
EQX,market_m,recent,daily,938,0.46937397275486126,0.4738221362240854,0.025499427355084817,0.11452895693540688
EQX,market_m,recent,monthly,45,0.5700544278897428,0.5993266785958586,0.11976358141338955,0.08844276325434253
EQX,market_rates,full,daily,1151,0.48090651147003594,0.4814625024106434,0.02672859405055799,0.10364444984821453
EQX,market_rates,full,monthly,55,0.5651643308736712,0.5941553532436634,0.12009610212737128,0.11675226068033384
EQX,market_rates,confirmation,daily,1151,0.48090651147003594,0.4814625024106434,0.02672859405055799,0.10364444984821453
EQX,market_rates,confirmation,monthly,55,0.5651643308736712,0.5941553532436634,0.12009610212737128,0.11675226068033384
EQX,market_rates,recent,daily,938,0.46799587931097564,0.47226914201292036,0.025532518275481312,0.11315086349152126
EQX,market_rates,recent,monthly,45,0.5837743532379132,0.619046584210715,0.1178372104055223,0.10216268860251287
EQX,cost_fx,full,daily,1151,0.4818809420747959,0.4827008043300199,0.0267034951088707,0.10461888045297452
EQX,cost_fx,full,monthly,55,0.5609412137258077,0.586641982864933,0.1206778787123674,0.11252914353247034
EQX,cost_fx,confirmation,daily,1151,0.4818809420747959,0.4827008043300199,0.0267034951088707,0.10461888045297452
EQX,cost_fx,confirmation,monthly,55,0.5609412137258077,0.586641982864933,0.1206778787123674,0.11252914353247034
EQX,cost_fx,recent,daily,938,0.4710876210704732,0.4756287607453527,0.02545821906025365,0.11624260525101882
EQX,cost_fx,recent,monthly,45,0.5786658257460151,0.6134103116283807,0.11855814003227251,0.09705416111061482
EQX,market_calls,full,daily,1151,0.4787958053201846,0.47950782893984645,0.026782880009014003,0.10153374369836321
EQX,market_calls,full,monthly,55,0.5638736026259505,0.5884758845241976,0.12027421144804243,0.11546153243261315
EQX,market_calls,confirmation,daily,1151,0.4787958053201846,0.47950782893984645,0.026782880009014003,0.10153374369836321
EQX,market_calls,confirmation,monthly,55,0.5638736026259505,0.5884758845241976,0.12027421144804243,0.11546153243261315
EQX,market_calls,recent,daily,938,0.4679370105006547,0.4726885106655965,0.025533930884273963,0.11309199468120035
EQX,market_calls,recent,monthly,45,0.5873900603359414,0.6201313887934686,0.11732427448111447,0.10577839570054115
EQX,v4_gold_quarterly,full,daily,1151,0.3932827780807129,0.4157844644532259,0.02889658267171621,0.01602071645889147
EQX,v4_gold_quarterly,full,monthly,55,0.4620370823645178,0.46741970135619026,0.13358032673297074,0.013625012171180395
EQX,v4_gold_quarterly,confirmation,daily,1151,0.3932827780807129,0.4157844644532259,0.02889658267171621,0.01602071645889147
EQX,v4_gold_quarterly,confirmation,monthly,55,0.4620370823645178,0.46741970135619026,0.13358032673297074,0.013625012171180395
EQX,v4_gold_quarterly,recent,daily,938,0.3814608821502732,0.43348584151110686,0.02753085750903222,0.026615866330818805
EQX,v4_gold_quarterly,recent,monthly,45,0.48426544530139126,0.4851472797807465,0.1311689824899111,0.002653780665990979
EQX,v4_gold_silver_quarterly,full,daily,1151,0.3772620616218214,0.4295140733990565,0.02927561227616703,0.0
EQX,v4_gold_silver_quarterly,full,monthly,55,0.4484120701933374,0.46342053994180005,0.13526134708218487,0.0
EQX,v4_gold_silver_quarterly,confirmation,daily,1151,0.3772620616218214,0.4295140733990565,0.02927561227616703,0.0
EQX,v4_gold_silver_quarterly,confirmation,monthly,55,0.4484120701933374,0.46342053994180005,0.13526134708218487,0.0
EQX,v4_gold_silver_quarterly,recent,daily,938,0.3548450158194544,0.4556036247436209,0.02811694826146866,0.0
EQX,v4_gold_silver_quarterly,recent,monthly,45,0.4816116646354003,0.49127794703112,0.1315060231868419,0.0
EQX,v4_gold_silver_options_quarterly,full,daily,1151,0.36372995336505853,0.42310275391110347,0.029591982658666218,-0.013532108256762876
EQX,v4_gold_silver_options_quarterly,full,monthly,55,0.4345194569075185,0.45246655828518717,0.13695413979163376,-0.013892613285818922
EQX,v4_gold_silver_options_quarterly,confirmation,daily,1151,0.36372995336505853,0.42310275391110347,0.029591982658666218,-0.013532108256762876
EQX,v4_gold_silver_options_quarterly,confirmation,monthly,55,0.4345194569075185,0.45246655828518717,0.13695413979163376,-0.013892613285818922
EQX,v4_gold_silver_options_quarterly,recent,daily,938,0.3442125368256391,0.4535568255181173,0.028347692185017766,-0.010632478993815253
EQX,v4_gold_silver_options_quarterly,recent,monthly,45,0.47365083455376555,0.48670316823293464,0.13251193741483697,-0.007960830081634729
EQX,calls_3atm_raw,full,daily,1151,0.46604558426685394,0.46702224413858284,0.027108495527315715,0.08878352264503253
EQX,calls_3atm_raw,full,monthly,55,0.5295474756727399,0.548944709713277,0.12491777291208636,0.08113540547940246
EQX,calls_3atm_raw,confirmation,daily,1151,0.46604558426685394,0.46702224413858284,0.027108495527315715,0.08878352264503253
EQX,calls_3atm_raw,confirmation,monthly,55,0.5295474756727399,0.548944709713277,0.12491777291208636,0.08113540547940246
EQX,calls_3atm_raw,recent,daily,938,0.4640949174209519,0.47005236796142774,0.02562595689701038,0.1092499016014975
EQX,calls_3atm_raw,recent,monthly,45,0.557798850669834,0.5781693900447665,0.12145851525667897,0.07618718603443375
EQX,calls_12itm_raw,full,daily,1151,0.46135812089550476,0.4625777600160954,0.027227225154567783,0.08409605927368335
EQX,calls_12itm_raw,full,monthly,55,0.5255053315694787,0.5412092277934571,0.1254532739899621,0.07709326137614125
EQX,calls_12itm_raw,confirmation,daily,1151,0.46135812089550476,0.4625777600160954,0.027227225154567783,0.08409605927368335
EQX,calls_12itm_raw,confirmation,monthly,55,0.5255053315694787,0.5412092277934571,0.1254532739899621,0.07709326137614125
EQX,calls_12itm_raw,recent,daily,938,0.4641042094021982,0.4703565426230483,0.025625734733654575,0.10925919358274383
EQX,calls_12itm_raw,recent,monthly,45,0.5590040385871904,0.5784045342059635,0.1212928890380181,0.0773923739517901
EQX,calls_24itm_raw,full,daily,1151,0.4612409877238316,0.4627190618807221,0.02723018541257885,0.08397892610201019
EQX,calls_24itm_raw,full,monthly,55,0.523005831560876,0.5355178071936639,0.1257832656788285,0.07459376136753859
EQX,calls_24itm_raw,confirmation,daily,1151,0.4612409877238316,0.4627190618807221,0.02723018541257885,0.08397892610201019
EQX,calls_24itm_raw,confirmation,monthly,55,0.523005831560876,0.5355178071936639,0.1257832656788285,0.07459376136753859
EQX,calls_24itm_raw,recent,daily,938,0.46453446470645343,0.47140675704812596,0.02561544558564036,0.10968944888699905
EQX,calls_24itm_raw,recent,monthly,45,0.5603321651516934,0.5772267080137438,0.12111010530118421,0.07872050051629309
EQX,calls_12atm_raw,full,daily,1151,0.4643784829162425,0.46549667056226735,0.027150781337002945,0.0871164212944211
EQX,calls_12atm_raw,full,monthly,55,0.526495041060199,0.5451182987329692,0.12532236934890684,0.07808297086686156
EQX,calls_12atm_raw,confirmation,daily,1151,0.4643784829162425,0.46549667056226735,0.027150781337002945,0.0871164212944211
EQX,calls_12atm_raw,confirmation,monthly,55,0.526495041060199,0.5451182987329692,0.12532236934890684,0.07808297086686156
EQX,calls_12atm_raw,recent,daily,938,0.4629600122598394,0.4692810519277547,0.025653077044241024,0.10811499644038502
EQX,calls_12atm_raw,recent,monthly,45,0.5554439636532555,0.5752405728374466,0.12178149191474846,0.07383229901785526
EQX,market_calls_raw,full,daily,1151,0.471823854084098,0.4732876200114748,0.026961417160713957,0.09456179246227658
EQX,market_calls_raw,full,monthly,55,0.5571339378766811,0.5747459597799013,0.1211999753538886,0.10872186768334369
EQX,market_calls_raw,confirmation,daily,1151,0.471823854084098,0.4732876200114748,0.026961417160713957,0.09456179246227658
EQX,market_calls_raw,confirmation,monthly,55,0.5571339378766811,0.5747459597799013,0.1211999753538886,0.10872186768334369
EQX,market_calls_raw,recent,daily,938,0.46545215651837424,0.4711664074937809,0.025593486035031296,0.11060714069891986
EQX,market_calls_raw,recent,monthly,45,0.5884676354756582,0.6179903491000254,0.11717097185695069,0.10685597084025789
EQX,adaptive_metals,full,daily,1151,0.4599969426120527,0.46018205844025306,0.027261605811455186,0.0827348809902313
EQX,adaptive_metals,full,monthly,55,0.5083934191237026,0.5354297805431029,0.12769537716801813,0.05998134893036522
EQX,adaptive_metals,confirmation,daily,1151,0.4599969426120527,0.46018205844025306,0.027261605811455186,0.0827348809902313
EQX,adaptive_metals,confirmation,monthly,55,0.5083934191237026,0.5354297805431029,0.12769537716801813,0.05998134893036522
EQX,adaptive_metals,recent,daily,938,0.4677492364027577,0.47009155333255265,0.025538436166526096,0.1129042205833033
EQX,adaptive_metals,recent,monthly,45,0.5400561745098891,0.5683403579703223,0.1238712245462899,0.05844450987448879
EQX,metals_ewq_cap1,full,daily,1151,0.46775398206956686,0.4683679594232539,0.027065093697191497,0.09049192044774546
EQX,metals_ewq_cap1,full,monthly,55,0.531716328468865,0.5541017964995896,0.1246294959624398,0.08330425827552757
EQX,metals_ewq_cap1,confirmation,daily,1151,0.46775398206956686,0.4683679594232539,0.027065093697191497,0.09049192044774546
EQX,metals_ewq_cap1,confirmation,monthly,55,0.531716328468865,0.5541017964995896,0.1246294959624398,0.08330425827552757
EQX,metals_ewq_cap1,recent,daily,938,0.4662011274039649,0.4711783148263979,0.025575549852771433,0.11135611158451053
EQX,metals_ewq_cap1,recent,monthly,45,0.5587757905144359,0.5823463187059337,0.12132427400439895,0.07716412587903565
EQX,metals_stale_cap1,full,daily,1151,0.44416443692007823,0.44720679160819693,0.027658364102661103,0.06690237529825682
EQX,metals_stale_cap1,full,monthly,55,0.5108363216697492,0.5305219947070945,0.12737770865624787,0.06242425147641184
EQX,metals_stale_cap1,confirmation,daily,1151,0.44416443692007823,0.44720679160819693,0.027658364102661103,0.06690237529825682
EQX,metals_stale_cap1,confirmation,monthly,55,0.5108363216697492,0.5305219947070945,0.12737770865624787,0.06242425147641184
EQX,metals_stale_cap1,recent,daily,938,0.45166005101660367,0.46588703026763995,0.02592155776136315,0.09681503519714929
EQX,metals_stale_cap1,recent,monthly,45,0.5412498587664812,0.5559370385571611,0.12371037969553213,0.05963819413108096
SA,gold_stale,full,daily,3813,0.3669759848200915,0.3671127728667373,0.02783778316265431,0.007093704548125301
SA,gold_stale,full,monthly,182,0.42661474122376863,0.4298324664359071,0.12103725621332474,0.007624911848387872
SA,gold_stale,confirmation,daily,1694,0.419963454991232,0.42001438299153104,0.02649631457551862,0.033564206393735585
SA,gold_stale,confirmation,monthly,81,0.47460181162397574,0.4774556309165158,0.10525391980181657,0.07889079555966061
SA,gold_stale,recent,daily,938,0.44186619156450335,0.4423501360534222,0.02573449001318391,0.023085056123557157
SA,gold_stale,recent,monthly,45,0.5208020790621193,0.5295803626409751,0.10534784105747426,0.014103573782313195
SA,gold_recent,full,daily,3813,0.36761116102178315,0.36772139144345584,0.02782381344375058,0.007728880749816924
SA,gold_recent,full,monthly,182,0.4279950356541563,0.431176465143186,0.12089148361694906,0.009005206278775546
SA,gold_recent,confirmation,daily,1694,0.42032267637425325,0.4203832666971379,0.02648810861250158,0.03392342777675683
SA,gold_recent,confirmation,monthly,81,0.4761888021189389,0.47944141170576204,0.10509483731862394,0.08047778605462375
SA,gold_recent,recent,daily,938,0.4414740512602494,0.44198593548188947,0.025743528848187744,0.022692915819303217
SA,gold_recent,recent,monthly,45,0.5188252066989906,0.5282682559171576,0.10556491721882182,0.012126701419184482
SA,metals_504q,full,daily,3813,0.3811087511694612,0.381113093270749,0.027525278726294383,0.021226470897494965
SA,metals_504q,full,monthly,182,0.44609298828426214,0.44890838842429776,0.11896363882692668,0.027103158908881375
SA,metals_504q,confirmation,daily,1694,0.4409602535848065,0.44213675458653195,0.02601232286984524,0.05456100498731009
SA,metals_504q,confirmation,monthly,81,0.5137185048667612,0.5169223036052929,0.10125998639859138,0.11800748880244605
SA,metals_504q,recent,daily,938,0.4637860137041062,0.46842017854031864,0.025224087823613704,0.04500487826316002
SA,metals_504q,recent,monthly,45,0.5675038347554209,0.5748812965995047,0.10008276791747693,0.06080532947561479
SA,metals_504m,full,daily,3813,0.380029661946479,0.3800861480087044,0.027549264600933928,0.0201473816745128
SA,metals_504m,full,monthly,182,0.4496623784418884,0.452194884755546,0.11857971704649606,0.030672549066507626
SA,metals_504m,confirmation,daily,1694,0.4372306950503142,0.4389415822529997,0.026098947491890612,0.050831446452817786
SA,metals_504m,confirmation,monthly,81,0.5127948928482342,0.516052679340567,0.10135610415617415,0.11708387678391907
SA,metals_504m,recent,daily,938,0.4641135783433389,0.46864594695008077,0.025216382148561162,0.04533244290239269
SA,metals_504m,recent,monthly,45,0.5643860059459515,0.5713873165972267,0.10044286427306034,0.057687500666145364
SA,metals_252q,full,daily,3813,0.38752052226179023,0.3879798743606286,0.027382325281453127,0.02763824198982401
SA,metals_252q,full,monthly,182,0.45253451943986256,0.4534439624472356,0.11826988615856827,0.0335446900644818
SA,metals_252q,confirmation,daily,1694,0.4411097363756291,0.44293268971172145,0.02600884489300234,0.0547104877781327
SA,metals_252q,confirmation,monthly,81,0.5119869393732561,0.5144184216364004,0.10144011096626564,0.11627592330894099
SA,metals_252q,recent,daily,938,0.45363882376692166,0.4593332242681248,0.025461636674011454,0.03485768832597547
SA,metals_252q,recent,monthly,45,0.5462035385519897,0.5507111457041737,0.10251767064523157,0.039505033272183576
SA,metals_126q,full,daily,3813,0.3784867117166347,0.3806158123624358,0.027583524892920885,0.0186044314446685
SA,metals_126q,full,monthly,182,0.44615155863639644,0.4461944455153767,0.11895734902893479,0.027161729261015677
SA,metals_126q,confirmation,daily,1694,0.44349035004610193,0.44473177588622487,0.02595339296353789,0.05709110144860552
SA,metals_126q,confirmation,monthly,81,0.5187808798952747,0.5235932422335745,0.10073152998653775,0.12306986383095952
SA,metals_126q,recent,daily,938,0.45452751135410974,0.4582099504413448,0.025440920845231446,0.03574637591316354
SA,metals_126q,recent,monthly,45,0.5490115920645098,0.5572909203150086,0.10219999317366314,0.04231308678470369
SA,metals_ewq,full,daily,3813,0.3893131328366253,0.3893162658686585,0.027342224497238096,0.02943085256465905
SA,metals_ewq,full,monthly,182,0.45588637996329373,0.4588211227494048,0.11790727626026482,0.03689655058791297
SA,metals_ewq,confirmation,daily,1694,0.4468336045504825,0.4475074849462533,0.0258753174911444,0.060434355952986074
SA,metals_ewq,confirmation,monthly,81,0.5201783561078046,0.5237469690081828,0.100585159798914,0.12446734004348947
SA,metals_ewq,recent,daily,938,0.46481913596686497,0.4675936114229926,0.025199776511629732,0.046038000525918776
SA,metals_ewq,recent,monthly,45,0.5590806089541751,0.5672830827767273,0.10105266624450013,0.05238210367436902
SA,metals_ewm,full,daily,3813,0.38777055731161725,0.38779342123555716,0.027376735510525555,0.02788827703965102
SA,metals_ewm,full,monthly,182,0.46230444540273896,0.4650142882077599,0.11720982874385082,0.0433146160273582
SA,metals_ewm,confirmation,daily,1694,0.4419926687100081,0.4429136817723606,0.02598829244431238,0.05559342011251167
SA,metals_ewm,confirmation,monthly,81,0.5161940278257062,0.5192204017056247,0.10100191441477453,0.12048301176139109
SA,metals_ewm,recent,daily,938,0.4661844499391081,0.4682250302372736,0.025167612078463974,0.04740331449816193
SA,metals_ewm,recent,monthly,45,0.5481626058740077,0.5547118286466497,0.10229614374570065,0.04146410059420158
SA,metals_blend,full,daily,3813,0.3880481156804497,0.3881577625241363,0.02737052909268477,0.028165835408483497
SA,metals_blend,full,monthly,182,0.45388589051807826,0.4554979489645362,0.11812382648846878,0.0348960611426975
SA,metals_blend,confirmation,daily,1694,0.4463691242490667,0.44722323620330373,0.025886178647479142,0.059969875651570304
SA,metals_blend,confirmation,monthly,81,0.5219325008620375,0.5262312132583001,0.10040113049607788,0.12622148479772233
SA,metals_blend,recent,daily,938,0.46190228214277584,0.4656273768132132,0.02526835536793472,0.04312114670182965
SA,metals_blend,recent,monthly,45,0.5615864952720451,0.5697867441749973,0.10076509972239396,0.054887989992238984
SA,calls_3atm,full,daily,3813,0.3879155402000869,0.3879476795283319,0.027373493757575043,0.02803325992812067
SA,calls_3atm,full,monthly,182,0.45645527824523613,0.45860739167942977,0.11784562113277229,0.03746544886985537
SA,calls_3atm,confirmation,daily,1694,0.4442240024468871,0.4452309097730593,0.025936280009065178,0.057824753849390675
SA,calls_3atm,confirmation,monthly,81,0.5080847227571261,0.5116098806342516,0.1018448676896266,0.11237370669281099
SA,calls_3atm,recent,daily,938,0.4614488066390031,0.464672656916453,0.025279000429854415,0.04266767119805692
SA,calls_3atm,recent,monthly,45,0.556117287104249,0.5634043744893341,0.10139167392554202,0.049418781824442926
SA,calls_12itm,full,daily,3813,0.3888324702835666,0.38886600546520117,0.027352982709927157,0.028950190011600374
SA,calls_12itm,full,monthly,182,0.4556039120549895,0.4578183859786151,0.11793787713033285,0.03661408267960875
SA,calls_12itm,confirmation,daily,1694,0.4442987984698944,0.44530059307806363,0.02593453470531159,0.05789954987239798
SA,calls_12itm,confirmation,monthly,81,0.499831173275485,0.5023250825076443,0.10269571036876929,0.10412015721116985
SA,calls_12itm,recent,daily,938,0.46204421989939537,0.4651222251856258,0.025265022543711765,0.043263084458449175
SA,calls_12itm,recent,monthly,45,0.55617593991066,0.5617988152380663,0.10138497496823586,0.04947743463085397
SA,calls_24itm,full,daily,3813,0.38887560876703975,0.3889143905041322,0.027352017355128724,0.028993328495073523
SA,calls_24itm,full,monthly,182,0.45560973313712927,0.4578450721545695,0.11793724658951837,0.03661990376174851
SA,calls_24itm,confirmation,daily,1694,0.44447056594981826,0.44533380350664165,0.025930526207625745,0.05807131735232185
SA,calls_24itm,confirmation,monthly,81,0.49732743744675334,0.49983948634639036,0.10295242564503873,0.1016164213824382
SA,calls_24itm,recent,daily,938,0.46275318693173173,0.46570507495584573,0.02524836878317285,0.043972051490785535
SA,calls_24itm,recent,monthly,45,0.5522525018104394,0.5572302184441231,0.10183211436132977,0.0455539965306333
SA,calls_12atm,full,daily,3813,0.38806039764555245,0.3880886739571273,0.02737025442601693,0.02817811737358622
SA,calls_12atm,full,monthly,182,0.45548036364693434,0.4576361061799976,0.11795125912432249,0.036490534271553576
SA,calls_12atm,confirmation,daily,1694,0.44264822666170356,0.44366506770872216,0.025973022180330464,0.056248978064207145
SA,calls_12atm,confirmation,monthly,81,0.5017695689820464,0.5052886061837915,0.10249651945939496,0.10605855291773125
SA,calls_12atm,recent,daily,938,0.4617434731237975,0.4650161814396179,0.025272083823343176,0.04296233768285129
SA,calls_12atm,recent,monthly,45,0.5566050873592138,0.5635402166180898,0.10133594695250733,0.04990658207940768
SA,market_q,full,daily,3813,0.4002686036090475,0.4002966892637578,0.027095860458748018,0.040386323337081254
SA,market_q,full,monthly,182,0.4697243344250137,0.4739401655229089,0.11639830530847387,0.05073450504963295
SA,market_q,confirmation,daily,1694,0.46682494397510443,0.4674299560161189,0.02540345017303121,0.08042569537760802
SA,market_q,confirmation,monthly,81,0.5606971812378987,0.5717034774407223,0.09624451492817529,0.16498616517358355
SA,market_q,recent,daily,938,0.48925213547696933,0.4910384554844292,0.024617825036271333,0.07047100003602313
SA,market_q,recent,monthly,45,0.5739779357135284,0.5939112992687194,0.09933086637880383,0.06727943043372231
SA,market_m,full,daily,3813,0.402951604778767,0.40307698950127024,0.027035183533114394,0.04306932450680079
SA,market_m,full,monthly,182,0.4763554814290125,0.4793816371679086,0.11566822984220332,0.057365652053631755
SA,market_m,confirmation,daily,1694,0.47118380017247696,0.47239614719420586,0.025299396891648483,0.08478455157498055
SA,market_m,confirmation,monthly,81,0.5579846993774906,0.5662045319038395,0.0965411892801964,0.1622736833131755
SA,market_m,recent,daily,938,0.49332596395228034,0.4951196708398616,0.02451945009816867,0.07454482851133415
SA,market_m,recent,monthly,45,0.5714643680022634,0.5869388197634519,0.09962346585414371,0.06476586272245732
SA,market_rates,full,daily,3813,0.39605933728924736,0.3961002973043142,0.02719078150910322,0.03617705701728113
SA,market_rates,full,monthly,182,0.4692253531947843,0.473228130303719,0.11645305693724312,0.05023552381940355
SA,market_rates,confirmation,daily,1694,0.4584991034449506,0.45932196272845593,0.025601026713232125,0.07209985484745418
SA,market_rates,confirmation,monthly,81,0.5491152753768516,0.5596422215462563,0.09750497025946152,0.15340425931253643
SA,market_rates,recent,daily,938,0.489140202151631,0.490859486166786,0.024620522457301276,0.07035906671068481
SA,market_rates,recent,monthly,45,0.5720771103227399,0.5921174157854248,0.09955221699467204,0.0653786050429338
SA,cost_fx,full,daily,3813,0.39815175031460204,0.3982555937693863,0.02714363804492817,0.03826947004263581
SA,cost_fx,full,monthly,182,0.4606560605310538,0.46318726346996286,0.11738935325112031,0.04166623115567303
SA,cost_fx,confirmation,daily,1694,0.4634929433377727,0.4643317520017417,0.0254827041438575,0.07709369474027628
SA,cost_fx,confirmation,monthly,81,0.5314749186285326,0.5359343244449052,0.09939405648121526,0.13576390256421744
SA,cost_fx,recent,daily,938,0.500500535634547,0.5022532715221819,0.024345231824934952,0.0817194001936008
SA,cost_fx,recent,monthly,45,0.5736981629278567,0.586287290272984,0.09936347679328077,0.0669996576480506
SA,market_calls,full,daily,3813,0.3962626080076297,0.3962948689737746,0.02718620526910237,0.036380327735663465
SA,market_calls,full,monthly,182,0.4727483163589392,0.4761517246061226,0.11606594079893243,0.05375848698355845
SA,market_calls,confirmation,daily,1694,0.45706753491917995,0.45796640730468624,0.02563484515524416,0.07066828632168354
SA,market_calls,confirmation,monthly,81,0.5377835701521643,0.5458148180173755,0.09872262223892792,0.14207255408784913
SA,market_calls,recent,daily,938,0.48729935175893846,0.4889919066030776,0.02466484180153796,0.06851821631799226
SA,market_calls,recent,monthly,45,0.5715649909996299,0.5875648264095455,0.09961176904352594,0.06486648571982379
SA,v4_gold_quarterly,full,daily,3813,0.36246466791985166,0.3628961636164729,0.027936801606958037,0.0025823876478854313
SA,v4_gold_quarterly,full,monthly,182,0.4219258525602241,0.42254991299855343,0.12153114289559494,0.002936023184843317
SA,v4_gold_quarterly,confirmation,daily,1694,0.3966257270674739,0.39962543201678263,0.027024096746825883,0.010226478469977485
SA,v4_gold_quarterly,confirmation,monthly,81,0.4188319792431191,0.4243137884169263,0.11069929307705215,0.023120963178803966
SA,v4_gold_quarterly,recent,daily,938,0.41955073419517697,0.4326737978057231,0.026243909659787904,0.0007695987542307714
SA,v4_gold_quarterly,recent,monthly,45,0.472814821295506,0.47760635266220824,0.1104968183889633,-0.033883683984300084
SA,v4_gold_silver_quarterly,full,daily,3813,0.3598822802719662,0.3649719571298527,0.027993324547294716,0.0
SA,v4_gold_silver_quarterly,full,monthly,182,0.41898982937538076,0.42036975087446277,0.12183937872842106,0.0
SA,v4_gold_silver_quarterly,confirmation,daily,1694,0.3863992485974964,0.40557260599722905,0.027252147706458042,0.0
SA,v4_gold_silver_quarterly,confirmation,monthly,81,0.39571101606431514,0.4249922972013073,0.11287982609565134,0.0
SA,v4_gold_silver_quarterly,recent,daily,938,0.4187811354409462,0.4579908119970634,0.026261301868784854,0.0
SA,v4_gold_silver_quarterly,recent,monthly,45,0.5066985052798061,0.5183387925621139,0.10688687819010982,0.0
SA,v4_gold_silver_options_quarterly,full,daily,3813,0.3431072638905255,0.35207564799783536,0.028357750965550352,-0.016775016381440744
SA,v4_gold_silver_options_quarterly,full,monthly,182,0.40510022976078264,0.4090817833341859,0.1232871204188733,-0.013889599614598125
SA,v4_gold_silver_options_quarterly,confirmation,daily,1694,0.3833935777114392,0.40377710942011635,0.027318812327703817,-0.003005670886057188
SA,v4_gold_silver_options_quarterly,confirmation,monthly,81,0.37544896316524856,0.40954150035823833,0.11475667593511682,-0.020262052899066574
SA,v4_gold_silver_options_quarterly,recent,daily,938,0.4123263792130071,0.45422149736183465,0.026406722364420897,-0.006454756227939118
SA,v4_gold_silver_options_quarterly,recent,monthly,45,0.504333770479451,0.5168892427319554,0.10714276321667306,-0.0023647348003550395
SA,calls_3atm_raw,full,daily,3813,0.3853024604501738,0.3855119504796533,0.02743186228946867,0.025420180178207574
SA,calls_3atm_raw,full,monthly,182,0.4529905299352748,0.4541549916656412,0.11822061954114452,0.034000700559894015
SA,calls_3atm_raw,confirmation,daily,1694,0.43939999562249976,0.44119439071292976,0.026048597262809475,0.05300074702500335
SA,calls_3atm_raw,confirmation,monthly,81,0.4970640899813641,0.5008091699975462,0.10297939022626577,0.10135307391704895
SA,calls_3atm_raw,recent,daily,938,0.455102590161349,0.4591389850375336,0.025427506426621473,0.036321454720402824
SA,calls_3atm_raw,recent,monthly,45,0.549037914455601,0.5556111309772703,0.10219701062755226,0.04233940917579493
SA,calls_12itm_raw,full,daily,3813,0.3804225774261315,0.3806304226214881,0.027540533337963517,0.020540297154165277
SA,calls_12itm_raw,full,monthly,182,0.4492497533294165,0.4507068109236515,0.11862416230997531,0.03025992395403576
SA,calls_12itm_raw,confirmation,daily,1694,0.42833598346050483,0.4301911434987086,0.026304389151999195,0.04193673486300842
SA,calls_12itm_raw,confirmation,monthly,81,0.4720453387611303,0.4759841182414707,0.10550968035627573,0.07633432269681517
SA,calls_12itm_raw,recent,daily,938,0.4499995567648254,0.4547623400150865,0.025546294869884897,0.031218421323879197
SA,calls_12itm_raw,recent,monthly,45,0.5600105164331799,0.5648938144225268,0.10094604899168863,0.053312011153373806
SA,calls_24itm_raw,full,daily,3813,0.3783934531912525,0.3787825845991233,0.027585594279380114,0.01851117291928628
SA,calls_24itm_raw,full,monthly,182,0.4478000426001377,0.4492209559619642,0.11878018375820165,0.028810213224756964
SA,calls_24itm_raw,confirmation,daily,1694,0.4225286336935099,0.4251087932814682,0.02643766043125569,0.03612938509601349
SA,calls_24itm_raw,confirmation,monthly,81,0.46968133391904043,0.4737123283192952,0.10574563509441597,0.0739703178547253
SA,calls_24itm_raw,recent,daily,938,0.4555828462233008,0.45993968255287404,0.02541629843973599,0.03680171078235461
SA,calls_24itm_raw,recent,monthly,45,0.5585228940096232,0.5636533756809647,0.1011165563485565,0.051824388729817095
SA,calls_12atm_raw,full,daily,3813,0.382172451835359,0.3824432419475743,0.027501614432575115,0.022290171563392747
SA,calls_12atm_raw,full,monthly,182,0.44833280718496515,0.4492119201601502,0.11872287014793004,0.029342977809584392
SA,calls_12atm_raw,confirmation,daily,1694,0.42985464072074364,0.43220394032910503,0.026269426379903774,0.04345539212324723
SA,calls_12atm_raw,confirmation,monthly,81,0.4752585891360658,0.48082351390314515,0.10518811254720922,0.07954757307175064
SA,calls_12atm_raw,recent,daily,938,0.456434133452842,0.46072802867238516,0.025396419349913286,0.03765299801189581
SA,calls_12atm_raw,recent,monthly,45,0.5505022580685275,0.5563263818284704,0.10203095096573431,0.043803752788721395
SA,market_calls_raw,full,daily,3813,0.38565237333474156,0.38590397718525526,0.02742405346655703,0.025770093062775334
SA,market_calls_raw,full,monthly,182,0.46783277353772945,0.47031443565137776,0.1166057242961423,0.04884294416234869
SA,market_calls_raw,confirmation,daily,1694,0.442236270428064,0.4436698761370514,0.025982619146291238,0.0558370218305676
SA,market_calls_raw,confirmation,monthly,81,0.5094552519236837,0.5162641534872489,0.10170289332334921,0.11374423585936855
SA,market_calls_raw,recent,daily,938,0.47576900785480936,0.47824629473644864,0.024940648819949476,0.05698787241386316
SA,market_calls_raw,recent,monthly,45,0.5577974975605375,0.5702861819367694,0.1011995951791656,0.05109899228073145
SA,adaptive_metals,full,daily,3813,0.38692431904226354,0.38746476749656267,0.027395649368315254,0.027042038770297316
SA,adaptive_metals,full,monthly,182,0.45465299867327935,0.4556564719824155,0.1180408350477235,0.03566316929789859
SA,adaptive_metals,confirmation,daily,1694,0.4449643825974936,0.4464559471346467,0.025918998670454038,0.05856513399999719
SA,adaptive_metals,confirmation,monthly,81,0.5197253345871558,0.5230428610095613,0.10063263211719382,0.12401431852284062
SA,adaptive_metals,recent,daily,938,0.4587283071418773,0.46302513013015073,0.025342768626265447,0.039947171700931094
SA,adaptive_metals,recent,monthly,45,0.5560713733218224,0.5632141344955295,0.10139691760224516,0.04937286804201635
SA,metals_ewq_cap1,full,daily,3813,0.3893131328366253,0.3893162658686585,0.027342224497238096,0.02943085256465905
SA,metals_ewq_cap1,full,monthly,182,0.45588637996329373,0.4588211227494048,0.11790727626026482,0.03689655058791297
SA,metals_ewq_cap1,confirmation,daily,1694,0.4468336045504825,0.4475074849462533,0.0258753174911444,0.060434355952986074
SA,metals_ewq_cap1,confirmation,monthly,81,0.5201783561078046,0.5237469690081828,0.100585159798914,0.12446734004348947
SA,metals_ewq_cap1,recent,daily,938,0.46481913596686497,0.4675936114229926,0.025199776511629732,0.046038000525918776
SA,metals_ewq_cap1,recent,monthly,45,0.5590806089541751,0.5672830827767273,0.10105266624450013,0.05238210367436902
SA,metals_stale_cap1,full,daily,3813,0.3776783337686743,0.3777274944710137,0.02760145746803782,0.017796053496708097
SA,metals_stale_cap1,full,monthly,182,0.44328426623277184,0.44589389186623396,0.11926487466588538,0.024294436857391077
SA,metals_stale_cap1,confirmation,daily,1694,0.4352053039206769,0.4372004738853749,0.0261458700059066,0.0488060553231805
SA,metals_stale_cap1,confirmation,monthly,81,0.5100087748871962,0.5131225149435245,0.1016454971564727,0.11429775882288107
SA,metals_stale_cap1,recent,daily,938,0.4545197230545944,0.4621392508266605,0.025441102468327335,0.03573858761364823
SA,metals_stale_cap1,recent,monthly,45,0.5680974374792246,0.5743863689455608,0.10001406233424882,0.0613989321994185
NG,gold_stale,full,daily,3813,0.32106872266868625,0.3211058439176315,0.029953674503810222,0.01010218510370342
NG,gold_stale,full,monthly,182,0.3496962265461483,0.3514357676327673,0.13709429587160868,0.06662652293083948
NG,gold_stale,confirmation,daily,1694,0.3270814243392155,0.32741148520671665,0.03186972175559153,0.015575145281733538
NG,gold_stale,confirmation,monthly,81,0.2877362082546314,0.2937903742681936,0.15217708771299993,0.07391995923490846
NG,gold_stale,recent,daily,938,0.31267413470519,0.3134575034691283,0.0344475495821203,-0.014649609884946901
NG,gold_stale,recent,monthly,45,0.30981729157418614,0.3308521173149701,0.1747128400880323,0.016602823709889636
NG,gold_recent,full,daily,3813,0.32132624180108926,0.32137458590896284,0.029947993239656866,0.010359704236106437
NG,gold_recent,full,monthly,182,0.3452437242108318,0.34675234608201705,0.13756282413112422,0.062174020595523016
NG,gold_recent,confirmation,daily,1694,0.3266981537436996,0.3270290311389563,0.03187879639619741,0.015191874686217632
NG,gold_recent,confirmation,monthly,81,0.2886906856808633,0.29500890148516784,0.15207509018751708,0.07487443666114035
NG,gold_recent,recent,daily,938,0.31218237414420935,0.31293426942213715,0.034459870460936765,-0.01514137044592756
NG,gold_recent,recent,monthly,45,0.3116278460699592,0.3331952416190934,0.17448352773218287,0.01841337820566269
NG,metals_504q,full,daily,3813,0.3354481634807428,0.33544900573697733,0.029634774656932695,0.024481625915759975
NG,metals_504q,full,monthly,182,0.36267588846642973,0.36448222797973695,0.1357192412158887,0.07960618485112092
NG,metals_504q,confirmation,daily,1694,0.3477418463315688,0.34819078214379007,0.031376664334851354,0.03623556727408683
NG,metals_504q,confirmation,monthly,81,0.3107262188950862,0.3174520647216185,0.149701004445398,0.09690996987536327
NG,metals_504q,recent,daily,938,0.34328036213900825,0.3436564272566704,0.0336718510611491,0.015956617548871344
NG,metals_504q,recent,monthly,45,0.3268943315749855,0.34277955573356966,0.17253786124457493,0.033679863710688984
NG,metals_504m,full,daily,3813,0.33485512914414095,0.33487778603163143,0.02964799448338722,0.023888591579158125
NG,metals_504m,full,monthly,182,0.3646747498446842,0.36631930964454135,0.13550624363103567,0.08160504622937537
NG,metals_504m,confirmation,daily,1694,0.3458242409121447,0.346433491522812,0.0314227533744206,0.03431796185466274
NG,metals_504m,confirmation,monthly,81,0.31512671478890464,0.32194865336616335,0.14922237500736188,0.10131046576918168
NG,metals_504m,recent,daily,938,0.34374376015194374,0.34411797777586184,0.03365996910917435,0.016420015561806833
NG,metals_504m,recent,monthly,45,0.32929373231635417,0.34518429098164893,0.17223006628532084,0.03607926445205767
NG,metals_252q,full,daily,3813,0.3357878906433255,0.3359033077110053,0.029627198855940326,0.024821353078342656
NG,metals_252q,full,monthly,182,0.367665551717137,0.3688681280407768,0.13518691867958668,0.08459584810182819
NG,metals_252q,confirmation,daily,1694,0.35073867554996774,0.351033511183664,0.031304500606733024,0.03923239649248578
NG,metals_252q,confirmation,monthly,81,0.3193861814193123,0.3255903336603027,0.14875761817386618,0.10556993239958934
NG,metals_252q,recent,daily,938,0.34024607766552917,0.3405781095599399,0.03374954953793576,0.012922333075392256
NG,metals_252q,recent,monthly,45,0.32260598153671827,0.3396612950323166,0.1730866071839434,0.029391513672421765
NG,metals_126q,full,daily,3813,0.33562766847414927,0.33575726022072255,0.029630771997538816,0.02466113090916644
NG,metals_126q,full,monthly,182,0.37114287521432077,0.3723715431854468,0.13481469737388502,0.08807317159901196
NG,metals_126q,confirmation,daily,1694,0.35076182003623224,0.351118894223511,0.03130394263953706,0.03925554097875028
NG,metals_126q,confirmation,monthly,81,0.3234061870195686,0.33062809300546353,0.14831765348189646,0.10958993799984562
NG,metals_126q,recent,daily,938,0.33847583832006367,0.33891240528617983,0.03379479728533097,0.01115209372992676
NG,metals_126q,recent,monthly,45,0.3236195596568848,0.33917109843603793,0.17295706479916298,0.030405091792588324
NG,metals_ewq,full,daily,3813,0.33847763477363846,0.3384949204962174,0.029567149947526808,0.027511097208655633
NG,metals_ewq,full,monthly,182,0.36707623280906987,0.36925897294622045,0.13524989931744294,0.08400652919376106
NG,metals_ewq,confirmation,daily,1694,0.35067907092394246,0.35096126072839506,0.031305937509070556,0.0391727918664605
NG,metals_ewq,confirmation,monthly,81,0.31352428158497325,0.32010338507543423,0.14939684464090325,0.09970803256525029
NG,metals_ewq,recent,daily,938,0.3436823968306958,0.34413074380893466,0.033661542762185984,0.01635865224055888
NG,metals_ewq,recent,monthly,45,0.321441578218971,0.33774804943028053,0.1732353065216569,0.02822711035467451
NG,metals_ewm,full,daily,3813,0.33685842628633744,0.3368604062643222,0.02960331359240811,0.025891888721354617
NG,metals_ewm,full,monthly,182,0.36754288722957196,0.36927181520480373,0.13520003027743308,0.08447318361426315
NG,metals_ewm,confirmation,daily,1694,0.3440302808228982,0.344414842602799,0.031465809518434355,0.032524001765416255
NG,metals_ewm,confirmation,monthly,81,0.31626024309879,0.3219225417511035,0.14909883548774555,0.10244399407906701
NG,metals_ewm,recent,daily,938,0.34221273768639215,0.34265131731909293,0.03369920999096148,0.014888993096255243
NG,metals_ewm,recent,monthly,45,0.32115147029568436,0.335401141912018,0.17327233469999193,0.02793700243138786
NG,metals_blend,full,daily,3813,0.33920653287462976,0.3392077860269906,0.029550856182972995,0.028239995309646937
NG,metals_blend,full,monthly,182,0.3708353548982847,0.3729336510259698,0.13484765652273167,0.08776565128297587
NG,metals_blend,confirmation,daily,1694,0.35233041402367404,0.35265893132610326,0.03126610377501976,0.04082413496619208
NG,metals_blend,confirmation,monthly,81,0.3205053561810235,0.3279190697891616,0.14863526224725399,0.10668910716130053
NG,metals_blend,recent,daily,938,0.34245788069692473,0.34284415121349454,0.033692929924371534,0.015134136106787821
NG,metals_blend,recent,monthly,45,0.32681187985310167,0.343247922990817,0.17254842838788603,0.03359741198880517
NG,calls_3atm,full,daily,3813,0.33973377380853775,0.33973997420595803,0.029539064654382323,0.028767236243554928
NG,calls_3atm,full,monthly,182,0.36282152154750547,0.36432683876669997,0.13570373392520757,0.07975181793219666
NG,calls_3atm,confirmation,daily,1694,0.3491508129478047,0.3494929732995097,0.031342757075632124,0.03764453389032274
NG,calls_3atm,confirmation,monthly,81,0.30915744893681685,0.31548047329164924,0.14987126550175806,0.09534119991709389
NG,calls_3atm,recent,daily,938,0.34189104037519424,0.34226064824789665,0.03370744944824577,0.014567295785057333
NG,calls_3atm,recent,monthly,45,0.3223972467031201,0.33773103669686017,0.17311327292082934,0.029182778838823586
NG,calls_12itm,full,daily,3813,0.33863073298045376,0.3386532060679167,0.02956372834017708,0.027664195415470938
NG,calls_12itm,full,monthly,182,0.36445238210388087,0.3661998820179348,0.13552995556527692,0.08138267848857206
NG,calls_12itm,confirmation,daily,1694,0.3488457815292122,0.34909961215877744,0.03135010087042413,0.037339502471730235
NG,calls_12itm,confirmation,monthly,81,0.3144525588809277,0.3198857674329499,0.1492958005620136,0.10063630986120475
NG,calls_12itm,recent,daily,938,0.34176788154973037,0.34213677724278463,0.0337106033148043,0.014444136959593457
NG,calls_12itm,recent,monthly,45,0.32175855722316093,0.33665172223258627,0.1731948395791478,0.028544089358864433
NG,calls_24itm,full,daily,3813,0.33792820028943393,0.33795707804799985,0.02957942605554372,0.026961662724451108
NG,calls_24itm,full,monthly,182,0.362202817985951,0.36384328222050144,0.1357696024492814,0.07913311437064219
NG,calls_24itm,confirmation,daily,1694,0.34881664501028997,0.3490668492258839,0.03135080225771721,0.03731036595280801
NG,calls_24itm,confirmation,monthly,81,0.31413916526160457,0.31949285454072834,0.14932992147214685,0.10032291624188161
NG,calls_24itm,recent,daily,938,0.3417903002264421,0.34216204565635766,0.03371002923650321,0.014466555636305167
NG,calls_24itm,recent,monthly,45,0.3210140793410008,0.33551957817911937,0.1732898679537656,0.02779961147670429
NG,calls_12atm,full,daily,3813,0.3389781643054456,0.33898597385960544,0.029555962092849587,0.02801162674046276
NG,calls_12atm,full,monthly,182,0.36271000826359956,0.3643326971555426,0.1357156082331742,0.07964030464829075
NG,calls_12atm,confirmation,daily,1694,0.34921258339861017,0.3494935427400296,0.03134126970942556,0.037706304341128205
NG,calls_12atm,confirmation,monthly,81,0.3122711074906013,0.31854060127330414,0.14953314581285837,0.09845485847087831
NG,calls_12atm,recent,daily,938,0.3423954464707125,0.3428118373661768,0.03369452947367398,0.015071701880575605
NG,calls_12atm,recent,monthly,45,0.32074271568302215,0.33616076987863786,0.1733244930273525,0.02752824781872565
NG,market_q,full,daily,3813,0.3532352912680232,0.3533309662620679,0.029235488509059427,0.042268753703040396
NG,market_q,full,monthly,182,0.37646124839767203,0.3791072485638362,0.13424340921450145,0.09339154478236322
NG,market_q,confirmation,daily,1694,0.37105819879619883,0.37161512895696575,0.030810748101621568,0.059551919738716874
NG,market_q,confirmation,monthly,81,0.3218569827629658,0.33286865088560885,0.14848735867048923,0.10804073374324286
NG,market_q,recent,daily,938,0.36536897601076124,0.3669369483696827,0.03310073516779117,0.038045231420624326
NG,market_q,recent,monthly,45,0.32282010672006356,0.3492104476466644,0.17305924856414173,0.029605638855767058
NG,market_m,full,daily,3813,0.3517791688585129,0.3518183322665479,0.02926838031315264,0.04081263129353008
NG,market_m,full,monthly,182,0.37739160548788786,0.3788187693391039,0.13414322223375036,0.09432190187257905
NG,market_m,confirmation,daily,1694,0.3658559099252394,0.3663931058934402,0.030937911158161267,0.05434963086775746
NG,market_m,confirmation,monthly,81,0.3259519481842964,0.3352569374516619,0.14803835949637786,0.11213569916457344
NG,market_m,recent,daily,938,0.363892797059838,0.36486688351965973,0.03313920967150822,0.0365690524697011
NG,market_m,recent,monthly,45,0.32457002152642533,0.34509284319044403,0.1728355009006635,0.03135555366212883
NG,market_rates,full,daily,3813,0.3516186073574993,0.35167348409125876,0.02927200491443192,0.040652069792516454
NG,market_rates,full,monthly,182,0.37900615927350734,0.3816198054823783,0.1339691786119627,0.09593645565819853
NG,market_rates,confirmation,daily,1694,0.36898557436828816,0.3695041577887041,0.030861473450909078,0.0574792953108062
NG,market_rates,confirmation,monthly,81,0.3248345470198929,0.3362437668406741,0.14816101376130722,0.11101829800016993
NG,market_rates,recent,daily,938,0.3631537493334842,0.36463671896950184,0.03315845512876482,0.0358300047433473
NG,market_rates,recent,monthly,45,0.3315102535266119,0.3594892392531064,0.17194524151576618,0.038295785662315396
NG,cost_fx,full,daily,3813,0.3522113445836156,0.35221580166557515,0.029258621916091496,0.041244807018632756
NG,cost_fx,full,monthly,182,0.37439120587875696,0.3761238194810679,0.13446605721334315,0.09132150226344815
NG,cost_fx,confirmation,daily,1694,0.36861550942358723,0.36900198240353355,0.03087052163985594,0.05710923036610527
NG,cost_fx,confirmation,monthly,81,0.3274008595610025,0.3371417805780593,0.1478791647221413,0.11358461054127955
NG,cost_fx,recent,daily,938,0.36518304853123584,0.36627765119245215,0.03310558356421012,0.03785930394109893
NG,cost_fx,recent,monthly,45,0.33924223696352984,0.3669481872244023,0.17094796036031268,0.04602776909923334
NG,market_calls,full,daily,3813,0.35232446631311976,0.3523273746920062,0.0292560671241899,0.04135792874813693
NG,market_calls,full,monthly,182,0.3782250115096448,0.3799816981319532,0.1340534120039988,0.09515530789433602
NG,market_calls,confirmation,daily,1694,0.3676313585868298,0.3680469313305136,0.030894571502038407,0.056125079529347865
NG,market_calls,confirmation,monthly,81,0.3279002001980371,0.33776012462485944,0.14782426145053532,0.11408395117831416
NG,market_calls,recent,daily,938,0.3614934435359466,0.3628003976213662,0.033201650279863916,0.03416969894580968
NG,market_calls,recent,monthly,45,0.33259839436737193,0.35867545202054996,0.17180524173161218,0.03938392650307543
NG,v4_gold_quarterly,full,daily,3813,0.3065347053439119,0.3087146806105762,0.030272588918933772,-0.004431832221070908
NG,v4_gold_quarterly,full,monthly,182,0.3064343181146302,0.3076871860896813,0.14158102306092077,0.023364614499321368
NG,v4_gold_quarterly,confirmation,daily,1694,0.31609475173982293,0.3178264614374299,0.032128835247765324,0.004588472682340972
NG,v4_gold_quarterly,confirmation,monthly,81,0.25478973242395,0.26236050561751795,0.15565685444839464,0.04097348340422702
NG,v4_gold_quarterly,recent,daily,938,0.3232737077500216,0.3235566616921592,0.034180901690518614,-0.00405003684011529
NG,v4_gold_quarterly,recent,monthly,45,0.3040262739086794,0.314848066133694,0.17544427806084908,0.010811806044382921
NG,v4_gold_silver_quarterly,full,daily,3813,0.3109665375649828,0.31663509084698377,0.030175700092875964,0.0
NG,v4_gold_silver_quarterly,full,monthly,182,0.2830697036153088,0.2897186636835359,0.14394603774570858,0.0
NG,v4_gold_silver_quarterly,confirmation,daily,1694,0.31150627905748196,0.3228890680553534,0.03223643482901521,0.0
NG,v4_gold_silver_quarterly,confirmation,monthly,81,0.21381624901972296,0.23852816015651057,0.1598787950979315,0.0
NG,v4_gold_silver_quarterly,recent,daily,938,0.3273237445901369,0.33362252201806814,0.0340784661432191,0.0
NG,v4_gold_silver_quarterly,recent,monthly,45,0.2932144678642965,0.29529782389220205,0.1768017713391979,0.0
NG,v4_gold_silver_options_quarterly,full,daily,3813,0.3073984280252131,0.3153507509483815,0.030253730535813032,-0.003568109539769715
NG,v4_gold_silver_options_quarterly,full,monthly,182,0.2821313623077599,0.291438407179243,0.14404020753229907,-0.0009383413075488845
NG,v4_gold_silver_options_quarterly,confirmation,daily,1694,0.3063427632059269,0.31980289224774855,0.03235709128041488,-0.005163515851555056
NG,v4_gold_silver_options_quarterly,confirmation,monthly,81,0.20768403737968266,0.23459439659101117,0.16050110904994852,-0.006132211640040297
NG,v4_gold_silver_options_quarterly,recent,daily,938,0.325754556930943,0.33291473868149185,0.034118191314219296,-0.0015691876591938936
NG,v4_gold_silver_options_quarterly,recent,monthly,45,0.289060878946769,0.29070132969274404,0.17732051860510026,-0.004153588917527484
NG,calls_3atm_raw,full,daily,3813,0.33830844943377036,0.3383283555224592,0.02957093062734837,0.02734191186878754
NG,calls_3atm_raw,full,monthly,182,0.35939827929068613,0.3603970214762108,0.13606777986995558,0.07632857567537732
NG,calls_3atm_raw,confirmation,daily,1694,0.3475768711236822,0.34807598777679255,0.03138063212308035,0.036070592066200224
NG,calls_3atm_raw,confirmation,monthly,81,0.30426850852305143,0.3104439025952773,0.15040063354846114,0.09045225950332847
NG,calls_3atm_raw,recent,daily,938,0.34083393510702065,0.34121802902425896,0.03373451033573502,0.013510190516883736
NG,calls_3atm_raw,recent,monthly,45,0.3190793600485101,0.332686676894552,0.17353658055154367,0.025864892184213617
NG,calls_12itm_raw,full,daily,3813,0.3354226848822863,0.3356906170477844,0.02963534274300619,0.0244561473173035
NG,calls_12itm_raw,full,monthly,182,0.3559386203325262,0.3574819707040035,0.136434711633986,0.0728689167172174
NG,calls_12itm_raw,confirmation,daily,1694,0.3461625508402505,0.3465015057320638,0.03141462711472493,0.03465627178276853
NG,calls_12itm_raw,confirmation,monthly,81,0.3091794921067643,0.3133582718995043,0.14986887446191557,0.09536324308704136
NG,calls_12itm_raw,recent,daily,938,0.342362635530691,0.34272627296247943,0.03369537005133557,0.015038890940554106
NG,calls_12itm_raw,recent,monthly,45,0.321070594606344,0.3356518126134666,0.17328265592891376,0.027856126742047516
NG,calls_24itm_raw,full,daily,3813,0.3356161529098195,0.3358168965113609,0.029631028791482758,0.024649615344836673
NG,calls_24itm_raw,full,monthly,182,0.3570516924013333,0.3583751882810351,0.13631676686938127,0.07398198878602447
NG,calls_24itm_raw,confirmation,daily,1694,0.34746014028674244,0.347785505432075,0.03138343929181415,0.035953861229260475
NG,calls_24itm_raw,confirmation,monthly,81,0.3123789947400999,0.31734630593685786,0.14952141637067573,0.09856274572037693
NG,calls_24itm_raw,recent,daily,938,0.3421853479210708,0.34255341247604665,0.033699911588497534,0.014861603330933892
NG,calls_24itm_raw,recent,monthly,45,0.31988338101762526,0.33402566878474377,0.17343409558216205,0.026668913153328755
NG,calls_12atm_raw,full,daily,3813,0.3375988015037579,0.33765461014123227,0.029586783426318413,0.026632263938775047
NG,calls_12atm_raw,full,monthly,182,0.35705107431634486,0.35803624456558236,0.1363168323920104,0.07398137070103605
NG,calls_12atm_raw,confirmation,daily,1694,0.3480437170395184,0.34838911407995393,0.0313694027989304,0.03653743798203646
NG,calls_12atm_raw,confirmation,monthly,81,0.30977635058253195,0.3157289486529023,0.14980411825080373,0.09596010156280899
NG,calls_12atm_raw,recent,daily,938,0.3421881821706314,0.34256991101229267,0.03369983898897258,0.014864437580494494
NG,calls_12atm_raw,recent,monthly,45,0.31868694520422913,0.33286122100973037,0.1735865779504999,0.02547247733993263
NG,market_calls_raw,full,daily,3813,0.3449033130385343,0.3453081517690129,0.029423199704618302,0.03393677547355145
NG,market_calls_raw,full,monthly,182,0.37429045329539423,0.375135607980342,0.1344768844726072,0.09122074968008542
NG,market_calls_raw,confirmation,daily,1694,0.3577076136832683,0.3582402092942754,0.03113604170330869,0.04620133462578635
NG,market_calls_raw,confirmation,monthly,81,0.32797614503263695,0.3349587009276774,0.1478159094124563,0.11415989601291399
NG,market_calls_raw,recent,daily,938,0.3528731784561676,0.35347697307295334,0.03342502112342589,0.025549433866030702
NG,market_calls_raw,recent,monthly,45,0.334100294928541,0.3588031740927951,0.17161182017061077,0.040885827064244484
NG,adaptive_metals,full,daily,3813,0.3366318553708967,0.3367213439447091,0.02960837033844824,0.025665317805913856
NG,adaptive_metals,full,monthly,182,0.3717116505457213,0.3732716163792986,0.13475371641548514,0.0886419469304125
NG,adaptive_metals,confirmation,daily,1694,0.351725308166295,0.3521292986004392,0.031280706039827834,0.04021902910881303
NG,adaptive_metals,confirmation,monthly,81,0.318452464936961,0.32495591978012256,0.1488596215650487,0.10463621591723804
NG,adaptive_metals,recent,daily,938,0.34194409409164017,0.3423319918627365,0.03370609075111691,0.01462034950150326
NG,adaptive_metals,recent,monthly,45,0.3228943548996015,0.33860826998673504,0.17304976091801144,0.029679887035304997
NG,metals_ewq_cap1,full,daily,3813,0.33847763477363846,0.3384949204962174,0.029567149947526808,0.027511097208655633
NG,metals_ewq_cap1,full,monthly,182,0.36707623280906987,0.36925897294622045,0.13524989931744294,0.08400652919376106
NG,metals_ewq_cap1,confirmation,daily,1694,0.35067907092394246,0.35096126072839506,0.031305937509070556,0.0391727918664605
NG,metals_ewq_cap1,confirmation,monthly,81,0.31352428158497325,0.32010338507543423,0.14939684464090325,0.09970803256525029
NG,metals_ewq_cap1,recent,daily,938,0.3436823968306958,0.34413074380893466,0.033661542762185984,0.01635865224055888
NG,metals_ewq_cap1,recent,monthly,45,0.321441578218971,0.33774804943028053,0.1732353065216569,0.02822711035467451
NG,metals_stale_cap1,full,daily,3813,0.3332365077500362,0.3332770721477139,0.02968404656817037,0.02226997018505339
NG,metals_stale_cap1,full,monthly,182,0.36264416011443434,0.36424568518456524,0.13572261947679806,0.07957445649912553
NG,metals_stale_cap1,confirmation,daily,1694,0.3450966973380989,0.3458015547934485,0.03144022197453367,0.03359041828061693
NG,metals_stale_cap1,confirmation,monthly,81,0.30237908529810076,0.30904951242582757,0.1506047193071834,0.0885628362783778
NG,metals_stale_cap1,recent,daily,938,0.34097426422103727,0.3416138414661681,0.03373091929382872,0.01365051963090036
NG,metals_stale_cap1,recent,monthly,45,0.32790397173503927,0.3435080754972797,0.17240841163859089,0.034689503870742766
